name,address,size,caller_source,caller_symbol,signature
jtbl_0043E930,0x0043E930,0x20,src/composite_dispatch_heads.c,jtbl_0043E930,void(u8 *)
jtbl_0043EB40,0x0043EB40,0x10,src/composite_dispatch_heads.c,jtbl_0043EB40,void(u8 *)
jtbl_0043EE00,0x0043EE00,0x20,src/composite_dispatch_heads.c,jtbl_0043EE00,void(u8 *)
jtbl_0043F170,0x0043F170,0x10,src/composite_dispatch_heads.c,jtbl_0043F170,void(u8 *)
jtbl_0043F940,0x0043F940,0x14,src/composite_dispatch_heads.c,jtbl_0043F940,void(u8 *)
jtbl_0043F9E0,0x0043F9E0,0x24,src/composite_dispatch_heads.c,jtbl_0043F9E0,void(u8 *)
jtbl_0043FB10,0x0043FB10,0x14,src/composite_dispatch_heads.c,jtbl_0043FB10,void(u8 *)
jtbl_0043FB30,0x0043FB30,0x1c,src/composite_dispatch_heads.c,jtbl_0043FB30,void(u8 *)
jtbl_0043FB50,0x0043FB50,0xC,src/composite_dispatch_heads.c,jtbl_0043FB50,void(u8 *)
jtbl_0043FB60,0x0043FB60,0x2c,src/composite_dispatch_heads.c,jtbl_0043FB60,void(u8 *)
jtbl_0043FB90,0x0043FB90,0x10,src/composite_dispatch_heads.c,jtbl_0043FB90,void(u8 *)
jtbl_0043FBC0,0x0043FBC0,0x1c,src/composite_dispatch_heads.c,jtbl_0043FBC0,void(u8 *)
jtbl_0043FC28,0x0043FC28,0xC,src/composite_dispatch_heads.c,jtbl_0043FC28,void(u8 *)
jtbl_00440030,0x00440030,0x1c,src/composite_dispatch_heads.c,jtbl_00440030,void(u8 *)
jtbl_00440050,0x00440050,0x18,src/composite_dispatch_heads.c,jtbl_00440050,void(u8 *)
jtbl_004402E8,0x004402E8,0xC,src/composite_dispatch_heads.c,jtbl_004402E8,void(u8 *)
jtbl_00440318,0x00440318,0xC,src/composite_dispatch_heads.c,jtbl_00440318,void(u8 *)
jtbl_004404E0,0x004404E0,0x24,src/composite_dispatch_heads.c,jtbl_004404E0,void(u8 *)
jtbl_00440530,0x00440530,0x20,src/composite_dispatch_heads.c,jtbl_00440530,void(u8 *)
jtbl_00442870,0x00442870,0x1c,src/indirect_dispatch.c,jtbl_00442870,void(u8 *)
jtbl_00442A50,0x00442A50,0x14,src/composite_dispatch_heads.c,jtbl_00442A50,void(u8 *)
jtbl_00442A70,0x00442A70,0x14,src/composite_dispatch_heads.c,jtbl_00442A70,void(u8 *)
jtbl_00442A90,0x00442A90,0x10,src/grok_r2_0014.c,jtbl_00442A90,void(u8 *)
jtbl_00443A90,0x00443A90,0x1c,src/composite_dispatch_heads.c,jtbl_00443A90,void(u8 *)
jtbl_00443AB0,0x00443AB0,0x1c,src/composite_dispatch_heads.c,jtbl_00443AB0,void(u8 *)
jtbl_00443AD0,0x00443AD0,0x20,src/grok_w5_disp.c,jtbl_00443AD0,void(u8 *)
jtbl_00443C30,0x00443C30,0xC,src/composite_dispatch_heads.c,jtbl_00443C30,void(u8 *)
jtbl_00443DD0,0x00443DD0,0xC,src/composite_dispatch_heads.c,jtbl_00443DD0,void(u8 *)
jtbl_00444510,0x00444510,0x10,src/composite_dispatch_heads.c,jtbl_00444510,void(u8 *)
jtbl_00444AA0,0x00444AA0,0x2c,src/composite_dispatch_heads.c,jtbl_00444AA0,void(u8 *)
jtbl_00444B80,0x00444B80,0x1c,src/composite_dispatch_heads.c,jtbl_00444B80,void(u8 *)
jtbl_00444FF0,0x00444FF0,0x10,src/composite_dispatch_heads.c,jtbl_00444FF0,void(u8 *)
jtbl_004454B0,0x004454B0,0x24,src/composite_dispatch_heads.c,jtbl_004454B0,void(u8 *)
jtbl_004454D8,0x004454D8,0xC,src/composite_dispatch_heads.c,jtbl_004454D8,void(u8 *)
jtbl_004454E8,0x004454E8,0xC,src/composite_dispatch_heads.c,jtbl_004454E8,void(u8 *)
jtbl_00445770,0x00445770,0x44,src/composite_dispatch_heads.c,jtbl_00445770,void(u8 *)
jtbl_004457C0,0x004457C0,0x80,src/composite_dispatch_heads.c,jtbl_004457C0,void(u8 *)
jtbl_004462E0,0x004462E0,0x1c,src/composite_dispatch_heads.c,jtbl_004462E0,void(u8 *)
jtbl_00446300,0x00446300,0x14,src/grok_w5_disp.c,jtbl_00446300,void(u8 *)
jtbl_00446320,0x00446320,0x14,src/composite_dispatch_heads.c,jtbl_00446320,void(u8 *)
jtbl_00446360,0x00446360,0x1c,src/composite_dispatch_heads.c,jtbl_00446360,void(u8 *)
jtbl_00446380,0x00446380,0x1c,src/composite_dispatch_heads.c,jtbl_00446380,void(u8 *)
jtbl_004463A0,0x004463A0,0x1c,src/composite_dispatch_heads.c,jtbl_004463A0,void(u8 *)
jtbl_00448880,0x00448880,0x64,src/composite_dispatch_heads.c,jtbl_00448880,void(u8 *)
jtbl_00448900,0x00448900,0x1c,src/composite_dispatch_heads.c,jtbl_00448900,void(u8 *)
jtbl_00448920,0x00448920,0xC,src/grok_w3_0017.c,jtbl_00448920,void(u8 *)
jtbl_00448930,0x00448930,0x24,src/composite_dispatch_heads.c,jtbl_00448930,void(u8 *)
jtbl_00448960,0x00448960,0x30,src/composite_dispatch_heads.c,jtbl_00448960,void(u8 *)
jtbl_004489E0,0x004489E0,0x1c,src/grok_r2_0014.c,jtbl_004489E0,void(u8 *)
jtbl_00448B08,0x00448B08,0xC,src/composite_dispatch_heads.c,jtbl_00448B08,void(u8 *)
jtbl_00448B20,0x00448B20,0x10,src/grok_w3_0017.c,jtbl_00448B20,void(u8 *)
jtbl_00448B68,0x00448B68,0xC,src/composite_dispatch_heads.c,jtbl_00448B68,void(u8 *)
jtbl_00448B80,0x00448B80,0x3c,src/composite_dispatch_heads.c,jtbl_00448B80,void(u8 *)
jtbl_00448C60,0x00448C60,0x34,src/composite_dispatch_heads.c,jtbl_00448C60,void(u8 *)
jtbl_00448CA0,0x00448CA0,0x1c,src/composite_dispatch_heads.c,jtbl_00448CA0,void(u8 *)
jtbl_00448CC0,0x00448CC0,0x24,src/composite_dispatch_heads.c,jtbl_00448CC0,void(u8 *)
jtbl_00448CE8,0x00448CE8,0xC,src/composite_dispatch_heads.c,jtbl_00448CE8,void(u8 *)
jtbl_004492B0,0x004492B0,0xC,src/composite_dispatch_heads.c,jtbl_004492B0,void(u8 *)
jtbl_004492C0,0x004492C0,0xC,src/composite_dispatch_heads.c,jtbl_004492C0,void(u8 *)
jtbl_004492D0,0x004492D0,0x50,src/indirect_dispatch.c,jtbl_004492D0,void(u8 *)
jtbl_00449400,0x00449400,0x1c,src/composite_dispatch_heads.c,jtbl_00449400,void(u8 *)
jtbl_00449440,0x00449440,0x20,src/grok_w5_disp.c,jtbl_00449440,void(u8 *)
jtbl_0044A370,0x0044A370,0xC,src/composite_dispatch_heads.c,jtbl_0044A370,void(u8 *)
jtbl_0044A3A0,0x0044A3A0,0x1c,src/preaction_dispatch_heads.c,jtbl_0044A3A0,void(u8 *)
jtbl_0044A3F0,0x0044A3F0,0x1c,src/composite_dispatch_heads.c,jtbl_0044A3F0,void(u8 *)
jtbl_0044A610,0x0044A610,0x24,src/composite_dispatch_heads.c,jtbl_0044A610,void(u8 *)
jtbl_0044A640,0x0044A640,0x14,src/composite_dispatch_heads.c,jtbl_0044A640,void(u8 *)
jtbl_0044A660,0x0044A660,0x50,src/grok_w5_disp.c,jtbl_0044A660,void(u8 *)
jtbl_0044A6F0,0x0044A6F0,0x20,src/composite_dispatch_heads.c,jtbl_0044A6F0,void(u8 *)
jtbl_0044A790,0x0044A790,0x44,src/composite_dispatch_heads.c,jtbl_0044A790,void(u8 *)
jtbl_0044A828,0x0044A828,0xC,src/composite_dispatch_heads.c,jtbl_0044A828,void(u8 *)
jtbl_0044A848,0x0044A848,0xC,src/composite_dispatch_heads.c,jtbl_0044A848,void(u8 *)
jtbl_0044A860,0x0044A860,0x40,src/composite_dispatch_heads.c,jtbl_0044A860,void(u8 *)
jtbl_0044A8D0,0x0044A8D0,0x10,src/composite_dispatch_heads.c,jtbl_0044A8D0,void(u8 *)
jtbl_0044A8F0,0x0044A8F0,0x10,src/composite_dispatch_heads.c,jtbl_0044A8F0,void(u8 *)
jtbl_0044ABA0,0x0044ABA0,0x90,src/composite_dispatch_heads.c,jtbl_0044ABA0,void(u8 *)
jtbl_0044ACF0,0x0044ACF0,0x14,src/indirect_dispatch.c,jtbl_0044ACF0,void(u8 *)
jtbl_0044AD60,0x0044AD60,0x1c,src/argument_dispatch_heads.c,jtbl_0044AD60,"void(u8 *, void *)"
jtbl_0044AD80,0x0044AD80,0xC,src/preaction_dispatch_heads.c,jtbl_0044AD80,void(u8 *)
jtbl_0044AD90,0x0044AD90,0xC,src/composite_dispatch_heads.c,jtbl_0044AD90,void(u8 *)
jtbl_0044ADE0,0x0044ADE0,0xC,src/composite_dispatch_heads.c,jtbl_0044ADE0,void(u8 *)
jtbl_0044AF70,0x0044AF70,0x1c,src/argument_dispatch_heads.c,jtbl_0044AF70,"void(u8 *, void *)"
jtbl_0044AFA0,0x0044AFA0,0xC,src/composite_dispatch_heads.c,jtbl_0044AFA0,void(u8 *)
jtbl_0044AFB0,0x0044AFB0,0xC,src/composite_dispatch_heads.c,jtbl_0044AFB0,void(u8 *)
jtbl_0044B020,0x0044B020,0x24,src/argument_dispatch_heads.c,jtbl_0044B020,"void(u8 *, void *)"
jtbl_0044B050,0x0044B050,0x40,src/composite_dispatch_heads.c,jtbl_0044B050,void(u8 *)
jtbl_0044B110,0x0044B110,0xC,src/composite_dispatch_heads.c,jtbl_0044B110,void(u8 *)
jtbl_0044B120,0x0044B120,0xC,src/argument_dispatch_heads.c,jtbl_0044B120,"void(u8 *, void *)"
jtbl_0044B150,0x0044B150,0xC,src/composite_dispatch_heads.c,jtbl_0044B150,void(u8 *)
jtbl_0044B390,0x0044B390,0xC,src/argument_dispatch_heads.c,jtbl_0044B390,"void(u8 *, void *)"
jtbl_0044B3B0,0x0044B3B0,0xC,src/composite_dispatch_heads.c,jtbl_0044B3B0,void(u8 *)
jtbl_0044B3C0,0x0044B3C0,0xC,src/composite_dispatch_heads.c,jtbl_0044B3C0,void(u8 *)
jtbl_0044B3F0,0x0044B3F0,0xC,src/argument_dispatch_heads.c,jtbl_0044B3F0,"void(u8 *, void *)"
jtbl_0044B410,0x0044B410,0xC,src/composite_dispatch_heads.c,jtbl_0044B410,void(u8 *)
jtbl_0044B420,0x0044B420,0xC,src/argument_dispatch_heads.c,jtbl_0044B420,"void(u8 *, void *)"
jtbl_0044B430,0x0044B430,0x2c,src/composite_dispatch_heads.c,jtbl_0044B430,void(u8 *)
jtbl_0044B460,0x0044B460,0x10,src/composite_dispatch_heads.c,jtbl_0044B460,void(u8 *)
jtbl_0044B4E0,0x0044B4E0,0x64,src/composite_dispatch_heads.c,jtbl_0044B4E0,void(u8 *)
jtbl_0044B620,0x0044B620,0x4c,src/composite_dispatch_heads.c,jtbl_0044B620,void(u8 *)
jtbl_0044B670,0x0044B670,0x1c,src/composite_dispatch_heads.c,jtbl_0044B670,void(u8 *)
jtbl_0044B690,0x0044B690,0x5c,src/composite_dispatch_heads.c,jtbl_0044B690,void(u8 *)
jtbl_0044B6F0,0x0044B6F0,0x1c,src/composite_dispatch_heads.c,jtbl_0044B6F0,void(u8 *)
jtbl_0044B710,0x0044B710,0x14,src/composite_dispatch_heads.c,jtbl_0044B710,void(u8 *)
jtbl_0044B730,0x0044B730,0x1c,src/composite_dispatch_heads.c,jtbl_0044B730,void(u8 *)
jtbl_0044B760,0x0044B760,0xC,src/composite_dispatch_heads.c,jtbl_0044B760,void(u8 *)
jtbl_0044B7B0,0x0044B7B0,0x14,src/composite_dispatch_heads.c,jtbl_0044B7B0,void(u8 *)
jtbl_0044B850,0x0044B850,0x1c,src/composite_dispatch_heads.c,jtbl_0044B850,void(u8 *)
jtbl_0044B930,0x0044B930,0xd0,src/composite_dispatch_heads.c,jtbl_0044B930,void(u8 *)
jtbl_0044BA20,0x0044BA20,0x70,src/composite_dispatch_heads.c,jtbl_0044BA20,void(u8 *)
jtbl_0044BAB0,0x0044BAB0,0x20,src/composite_dispatch_heads.c,jtbl_0044BAB0,void(u8 *)
jtbl_0044BAE0,0x0044BAE0,0x10,src/composite_dispatch_heads.c,jtbl_0044BAE0,void(u8 *)
jtbl_0044BBD0,0x0044BBD0,0x68,src/composite_dispatch_heads.c,jtbl_0044BBD0,void(u8 *)
jtbl_0044BC70,0x0044BC70,0xb4,src/composite_dispatch_heads.c,jtbl_0044BC70,void(u8 *)
jtbl_0044BD28,0x0044BD28,0xC,src/composite_dispatch_heads.c,jtbl_0044BD28,void(u8 *)
jtbl_0044BD40,0x0044BD40,0x4c,src/composite_dispatch_heads.c,jtbl_0044BD40,void(u8 *)
jtbl_0044BD90,0x0044BD90,0x48,src/composite_dispatch_heads.c,jtbl_0044BD90,void(u8 *)
jtbl_0044BE00,0x0044BE00,0x64,src/composite_dispatch_heads.c,jtbl_0044BE00,void(u8 *)
jtbl_0044BE70,0x0044BE70,0x3c,src/composite_dispatch_heads.c,jtbl_0044BE70,void(u8 *)
jtbl_0044BEB0,0x0044BEB0,0x2c,src/composite_dispatch_heads.c,jtbl_0044BEB0,void(u8 *)
jtbl_0044BEE0,0x0044BEE0,0xC,src/indirect_dispatch.c,jtbl_0044BEE0,void(u8 *)
jtbl_0044BF30,0x0044BF30,0x2c,src/composite_dispatch_heads.c,jtbl_0044BF30,void(u8 *)
jtbl_0044C060,0x0044C060,0x80,src/composite_dispatch_heads.c,jtbl_0044C060,void(u8 *)
jtbl_0044C1B0,0x0044C1B0,0x68,src/composite_dispatch_heads.c,jtbl_0044C1B0,void(u8 *)
jtbl_0044C270,0x0044C270,0x1c,src/composite_dispatch_heads.c,jtbl_0044C270,void(u8 *)
jtbl_0044C390,0x0044C390,0x1c,src/composite_dispatch_heads.c,jtbl_0044C390,void(u8 *)
jtbl_0044C3B0,0x0044C3B0,0x10,src/composite_dispatch_heads.c,jtbl_0044C3B0,void(u8 *)
jtbl_0044C420,0x0044C420,0x50,src/composite_dispatch_heads.c,jtbl_0044C420,void(u8 *)
jtbl_0044C4E0,0x0044C4E0,0x50,src/grok_w5_disp.c,jtbl_0044C4E0,void(u8 *)
jtbl_0044C770,0x0044C770,0xf4,src/composite_dispatch_heads.c,jtbl_0044C770,void(u8 *)
jtbl_0044C868,0x0044C868,0xC,src/composite_dispatch_heads.c,jtbl_0044C868,void(u8 *)
jtbl_0044C880,0x0044C880,0x10,src/composite_dispatch_heads.c,jtbl_0044C880,void(u8 *)
jtbl_0044CAA0,0x0044CAA0,0x54,src/composite_dispatch_heads.c,jtbl_0044CAA0,void(u8 *)
jtbl_0044CB00,0x0044CB00,0x1c,src/composite_dispatch_heads.c,jtbl_0044CB00,void(u8 *)
jtbl_0044CB20,0x0044CB20,0x14,src/composite_dispatch_heads.c,jtbl_0044CB20,void(u8 *)
jtbl_0044CB90,0x0044CB90,0x24,src/composite_dispatch_heads.c,jtbl_0044CB90,void(u8 *)
jtbl_0044CBB8,0x0044CBB8,0xC,src/composite_dispatch_heads.c,jtbl_0044CBB8,void(u8 *)
jtbl_0044CBC8,0x0044CBC8,0xC,src/composite_dispatch_heads.c,jtbl_0044CBC8,void(u8 *)
jtbl_0044CBD8,0x0044CBD8,0xC,src/composite_dispatch_heads.c,jtbl_0044CBD8,void(u8 *)
jtbl_0044CBF0,0x0044CBF0,0x14,src/composite_dispatch_heads.c,jtbl_0044CBF0,void(u8 *)
jtbl_0044CC10,0x0044CC10,0x28,src/grok_w5_disp.c,jtbl_0044CC10,void(u8 *)
jtbl_0044CC40,0x0044CC40,0x30,src/composite_dispatch_heads.c,jtbl_0044CC40,void(u8 *)
jtbl_0044CCA0,0x0044CCA0,0x48,src/composite_dispatch_heads.c,jtbl_0044CCA0,void(u8 *)
jtbl_0044CD60,0x0044CD60,0x24,src/composite_dispatch_heads.c,jtbl_0044CD60,void(u8 *)
jtbl_0044CD90,0x0044CD90,0x24,src/composite_dispatch_heads.c,jtbl_0044CD90,void(u8 *)
jtbl_0044CDC0,0x0044CDC0,0x24,src/composite_dispatch_heads.c,jtbl_0044CDC0,void(u8 *)
jtbl_0044CDE8,0x0044CDE8,0xC,src/composite_dispatch_heads.c,jtbl_0044CDE8,void(u8 *)
jtbl_0044CE20,0x0044CE20,0xC,src/composite_dispatch_heads.c,jtbl_0044CE20,void(u8 *)
jtbl_0044CE30,0x0044CE30,0x28,src/composite_dispatch_heads.c,jtbl_0044CE30,void(u8 *)
jtbl_0044CE60,0x0044CE60,0x98,src/composite_dispatch_heads.c,jtbl_0044CE60,void(u8 *)
jtbl_0044D890,0x0044D890,0x10,src/composite_dispatch_heads.c,jtbl_0044D890,void(u8 *)
jtbl_0044D8C0,0x0044D8C0,0x64,src/composite_dispatch_heads.c,jtbl_0044D8C0,void(u8 *)
jtbl_0044D930,0x0044D930,0x64,src/grok_w5_disp.c,jtbl_0044D930,void(u8 *)
jtbl_0044DA10,0x0044DA10,0x18,src/composite_dispatch_heads.c,jtbl_0044DA10,void(u8 *)
jtbl_0044DD30,0x0044DD30,0x20,src/composite_dispatch_heads.c,jtbl_0044DD30,void(u8 *)
jtbl_0044DDC0,0x0044DDC0,0x1c,src/composite_dispatch_heads.c,jtbl_0044DDC0,void(u8 *)
jtbl_0044DDE0,0x0044DDE0,0x7c,src/composite_dispatch_heads.c,jtbl_0044DDE0,void(u8 *)
jtbl_0044DE60,0x0044DE60,0x3c,src/composite_dispatch_heads.c,jtbl_0044DE60,void(u8 *)
jtbl_0044DEC0,0x0044DEC0,0x20,src/composite_dispatch_heads.c,jtbl_0044DEC0,void(u8 *)
jtbl_0044DF00,0x0044DF00,0x44,src/composite_dispatch_heads.c,jtbl_0044DF00,void(u8 *)
jtbl_0044DF50,0x0044DF50,0x20,src/argument_dispatch_heads.c,jtbl_0044DF50,"void(u8 *, void *)"
jtbl_0044DF90,0x0044DF90,0x10,src/argument_dispatch_heads.c,jtbl_0044DF90,"void(u8 *, void *)"
jtbl_0044DFC0,0x0044DFC0,0x20,src/argument_dispatch_heads.c,jtbl_0044DFC0,"void(u8 *, void *)"
jtbl_0044E020,0x0044E020,0xC,src/composite_dispatch_heads.c,jtbl_0044E020,void(u8 *)
jtbl_0044E030,0x0044E030,0xC,src/argument_dispatch_heads.c,jtbl_0044E030,"void(u8 *, void *)"
jtbl_0044E040,0x0044E040,0xC,src/composite_dispatch_heads.c,jtbl_0044E040,void(u8 *)
jtbl_0044E050,0x0044E050,0xC,src/argument_dispatch_heads.c,jtbl_0044E050,"void(u8 *, void *)"
jtbl_0044E060,0x0044E060,0xC,src/argument_dispatch_heads.c,jtbl_0044E060,"void(u8 *, void *)"
jtbl_0044E070,0x0044E070,0xC,src/argument_dispatch_heads.c,jtbl_0044E070,"void(u8 *, void *)"
jtbl_0044E090,0x0044E090,0xC,src/composite_dispatch_heads.c,jtbl_0044E090,void(u8 *)
jtbl_0044E0A0,0x0044E0A0,0x10,src/composite_dispatch_heads.c,jtbl_0044E0A0,void(u8 *)
jtbl_0044E450,0x0044E450,0x2c,src/argument_dispatch_heads.c,jtbl_0044E450,"void(u8 *, void *)"
jtbl_0044E480,0x0044E480,0xC,src/composite_dispatch_heads.c,jtbl_0044E480,void(u8 *)
jtbl_0044E490,0x0044E490,0xC,src/composite_dispatch_heads.c,jtbl_0044E490,void(u8 *)
jtbl_0044E4C0,0x0044E4C0,0xC,src/composite_dispatch_heads.c,jtbl_0044E4C0,void(u8 *)
jtbl_0044E4D0,0x0044E4D0,0xC,src/composite_dispatch_heads.c,jtbl_0044E4D0,void(u8 *)
jtbl_0044E4E0,0x0044E4E0,0xC,src/composite_dispatch_heads.c,jtbl_0044E4E0,void(u8 *)
jtbl_0044E500,0x0044E500,0x34,src/argument_dispatch_heads.c,jtbl_0044E500,"void(u8 *, void *)"
jtbl_0044E570,0x0044E570,0x30,src/composite_dispatch_heads.c,jtbl_0044E570,void(u8 *)
jtbl_0044E5C0,0x0044E5C0,0x70,src/composite_dispatch_heads.c,jtbl_0044E5C0,void(u8 *)
jtbl_0044E660,0x0044E660,0x20,src/argument_dispatch_heads.c,jtbl_0044E660,"void(u8 *, void *)"
jtbl_0044E6B0,0x0044E6B0,0x10,src/argument_dispatch_heads.c,jtbl_0044E6B0,"void(u8 *, void *)"
jtbl_0044E790,0x0044E790,0xC,src/composite_dispatch_heads.c,jtbl_0044E790,void(u8 *)
jtbl_0044E7A0,0x0044E7A0,0x1c,src/grok_w5_disp.c,jtbl_0044E7A0,void(u8 *)
jtbl_0044E820,0x0044E820,0x18,src/argument_dispatch_heads.c,jtbl_0044E820,"void(u8 *, void *)"
jtbl_0044E840,0x0044E840,0x5c,src/composite_dispatch_heads.c,jtbl_0044E840,void(u8 *)
jtbl_0044E980,0x0044E980,0x50,src/composite_dispatch_heads.c,jtbl_0044E980,void(u8 *)
jtbl_0044EB20,0x0044EB20,0x10,src/composite_dispatch_heads.c,jtbl_0044EB20,void(u8 *)
jtbl_0044EC30,0x0044EC30,0x30,src/composite_dispatch_heads.c,jtbl_0044EC30,void(u8 *)
jtbl_0044ECD0,0x0044ECD0,0x10,src/argument_dispatch_heads.c,jtbl_0044ECD0,"void(u8 *, void *)"
jtbl_0044EE90,0x0044EE90,0x10,src/composite_dispatch_heads.c,jtbl_0044EE90,void(u8 *)
jtbl_0044EF60,0x0044EF60,0x10,src/argument_dispatch_heads.c,jtbl_0044EF60,"void(u8 *, void *)"
jtbl_0044EF80,0x0044EF80,0x24,src/argument_dispatch_heads.c,jtbl_0044EF80,"void(u8 *, void *)"
jtbl_0044F028,0x0044F028,0xC,src/composite_dispatch_heads.c,jtbl_0044F028,void(u8 *)
jtbl_0044F040,0x0044F040,0x10,src/composite_dispatch_heads.c,jtbl_0044F040,void(u8 *)
jtbl_0044F350,0x0044F350,0x78,src/composite_dispatch_heads.c,jtbl_0044F350,void(u8 *)
jtbl_0044F3D0,0x0044F3D0,0x14,src/argument_dispatch_heads.c,jtbl_0044F3D0,"void(u8 *, void *)"
jtbl_0044F3F0,0x0044F3F0,0x14,src/composite_dispatch_heads.c,jtbl_0044F3F0,void(u8 *)
jtbl_0044F410,0x0044F410,0x1c,src/composite_dispatch_heads.c,jtbl_0044F410,void(u8 *)
jtbl_0044F430,0x0044F430,0x14,src/argument_dispatch_heads.c,jtbl_0044F430,"void(u8 *, void *)"
jtbl_0044F450,0x0044F450,0x3c,src/indirect_dispatch.c,jtbl_0044F450,void(u8 *)
jtbl_0044F490,0x0044F490,0x1c,src/composite_dispatch_heads.c,jtbl_0044F490,void(u8 *)
jtbl_0044F4B0,0x0044F4B0,0xC,src/preaction_dispatch_heads.c,jtbl_0044F4B0,void(u8 *)
jtbl_0044F4C0,0x0044F4C0,0xC,src/argument_dispatch_heads.c,jtbl_0044F4C0,void(u8 *)
jtbl_0044F4D0,0x0044F4D0,0xC,src/composite_dispatch_heads.c,jtbl_0044F4D0,void(u8 *)
jtbl_0044F6E0,0x0044F6E0,0x2c,src/indirect_dispatch.c,jtbl_0044F6E0,void(u8 *)
jtbl_0044F730,0x0044F730,0x58,src/indirect_dispatch.c,jtbl_0044F730,void(u8 *)
jtbl_0044F7F0,0x0044F7F0,0x28,src/composite_dispatch_heads.c,jtbl_0044F7F0,void(u8 *)
jtbl_0044F840,0x0044F840,0x18,src/composite_dispatch_heads.c,jtbl_0044F840,void(u8 *)
jtbl_0044F960,0x0044F960,0xC,src/composite_dispatch_heads.c,jtbl_0044F960,void(u8 *)
jtbl_0044F970,0x0044F970,0x14,src/composite_dispatch_heads.c,jtbl_0044F970,void(u8 *)
jtbl_0044FA20,0x0044FA20,0x24,src/composite_dispatch_heads.c,jtbl_0044FA20,void(u8 *)
jtbl_0044FA48,0x0044FA48,0xC,src/composite_dispatch_heads.c,jtbl_0044FA48,void(u8 *)
jtbl_0044FA60,0x0044FA60,0x44,src/argument_dispatch_heads.c,jtbl_0044FA60,void(u8 *)
jtbl_0044FAA8,0x0044FAA8,0xC,src/composite_dispatch_heads.c,jtbl_0044FAA8,void(u8 *)
jtbl_0044FAB8,0x0044FAB8,0xC,src/composite_dispatch_heads.c,jtbl_0044FAB8,void(u8 *)
jtbl_0044FAD0,0x0044FAD0,0x38,src/preaction_dispatch_heads.c,jtbl_0044FAD0,void(u8 *)
jtbl_0044FC60,0x0044FC60,0x2c,src/composite_dispatch_heads.c,jtbl_0044FC60,void(u8 *)
jtbl_0044FC90,0x0044FC90,0x1c,src/composite_dispatch_heads.c,jtbl_0044FC90,void(u8 *)
jtbl_0044FCC8,0x0044FCC8,0xC,src/composite_dispatch_heads.c,jtbl_0044FCC8,void(u8 *)
jtbl_0044FCE0,0x0044FCE0,0x74,src/indirect_dispatch.c,jtbl_0044FCE0,void(u8 *)
jtbl_0044FD60,0x0044FD60,0x2c,src/argument_dispatch_heads.c,jtbl_0044FD60,"void(u8 *, void *)"
jtbl_0044FD90,0x0044FD90,0x3c,src/composite_dispatch_heads.c,jtbl_0044FD90,void(u8 *)
jtbl_0044FDD0,0x0044FDD0,0x10,src/argument_dispatch_heads.c,jtbl_0044FDD0,void(u8 *)
jtbl_0044FF50,0x0044FF50,0x2c,src/indirect_dispatch.c,jtbl_0044FF50,void(u8 *)
jtbl_0044FF80,0x0044FF80,0xC,src/composite_dispatch_heads.c,jtbl_0044FF80,void(u8 *)
jtbl_0044FFC0,0x0044FFC0,0xC,src/composite_dispatch_heads.c,jtbl_0044FFC0,void(u8 *)
jtbl_0044FFD0,0x0044FFD0,0x10,src/composite_dispatch_heads.c,jtbl_0044FFD0,void(u8 *)
jtbl_00450020,0x00450020,0x18,src/composite_dispatch_heads.c,jtbl_00450020,void(u8 *)
jtbl_00450040,0x00450040,0x14,src/composite_dispatch_heads.c,jtbl_00450040,void(u8 *)
jtbl_004500E0,0x004500E0,0x10,src/composite_dispatch_heads.c,jtbl_004500E0,void(u8 *)
jtbl_00450110,0x00450110,0xC,src/composite_dispatch_heads.c,jtbl_00450110,void(u8 *)
jtbl_00450120,0x00450120,0x14,src/composite_dispatch_heads.c,jtbl_00450120,void(u8 *)
jtbl_00450138,0x00450138,0xC,src/composite_dispatch_heads.c,jtbl_00450138,void(u8 *)
jtbl_004501F0,0x004501F0,0x1c,src/composite_dispatch_heads.c,jtbl_004501F0,void(u8 *)
jtbl_00450210,0x00450210,0x18,src/argument_dispatch_heads.c,jtbl_00450210,void(u8 *)
jtbl_00450230,0x00450230,0x18,src/preaction_dispatch_heads.c,jtbl_00450230,void(u8 *)
jtbl_00450250,0x00450250,0x14,src/composite_dispatch_heads.c,jtbl_00450250,void(u8 *)
jtbl_00450270,0x00450270,0x14,src/composite_dispatch_heads.c,jtbl_00450270,void(u8 *)
jtbl_00450290,0x00450290,0x28,src/composite_dispatch_heads.c,jtbl_00450290,void(u8 *)
jtbl_004503D0,0x004503D0,0x38,src/composite_dispatch_heads.c,jtbl_004503D0,void(u8 *)
jtbl_00450410,0x00450410,0x3c,src/composite_dispatch_heads.c,jtbl_00450410,void(u8 *)
jtbl_00450470,0x00450470,0x34,src/composite_dispatch_heads.c,jtbl_00450470,void(u8 *)
jtbl_004504B0,0x004504B0,0x14,src/composite_dispatch_heads.c,jtbl_004504B0,void(u8 *)
jtbl_004504D0,0x004504D0,0x30,src/composite_dispatch_heads.c,jtbl_004504D0,void(u8 *)
jtbl_00450510,0x00450510,0x1c,src/composite_dispatch_heads.c,jtbl_00450510,void(u8 *)
jtbl_00450530,0x00450530,0x10,src/preaction_dispatch_heads.c,jtbl_00450530,void(u8 *)
jtbl_00450690,0x00450690,0x2c,src/composite_dispatch_heads.c,jtbl_00450690,void(u8 *)
jtbl_004506C0,0x004506C0,0x1c,src/composite_dispatch_heads.c,jtbl_004506C0,void(u8 *)
jtbl_00450708,0x00450708,0xC,src/composite_dispatch_heads.c,jtbl_00450708,void(u8 *)
jtbl_00450720,0x00450720,0x14,src/argument_dispatch_heads.c,jtbl_00450720,"void(u8 *, void *)"
jtbl_00450760,0x00450760,0x14,src/composite_dispatch_heads.c,jtbl_00450760,void(u8 *)
jtbl_00450810,0x00450810,0x14,src/composite_dispatch_heads.c,jtbl_00450810,void(u8 *)
jtbl_00450828,0x00450828,0xC,src/composite_dispatch_heads.c,jtbl_00450828,void(u8 *)
jtbl_00450838,0x00450838,0xC,src/composite_dispatch_heads.c,jtbl_00450838,void(u8 *)
jtbl_00450848,0x00450848,0xC,src/composite_dispatch_heads.c,jtbl_00450848,void(u8 *)
jtbl_00450858,0x00450858,0xC,src/composite_dispatch_heads.c,jtbl_00450858,void(u8 *)
jtbl_00450870,0x00450870,0x40,src/argument_dispatch_heads.c,jtbl_00450870,"void(u8 *, void *)"
jtbl_004508C0,0x004508C0,0x1c,src/composite_dispatch_heads.c,jtbl_004508C0,void(u8 *)
jtbl_004508E0,0x004508E0,0xC,src/composite_dispatch_heads.c,jtbl_004508E0,void(u8 *)
jtbl_004508F0,0x004508F0,0x14,src/composite_dispatch_heads.c,jtbl_004508F0,void(u8 *)
jtbl_00450910,0x00450910,0x14,src/argument_dispatch_heads.c,jtbl_00450910,"void(u8 *, void *)"
jtbl_00450950,0x00450950,0x24,src/composite_dispatch_heads.c,jtbl_00450950,void(u8 *)
jtbl_00450980,0x00450980,0x1c,src/composite_dispatch_heads.c,jtbl_00450980,void(u8 *)
jtbl_004509A0,0x004509A0,0xC,src/composite_dispatch_heads.c,jtbl_004509A0,void(u8 *)
jtbl_004509B0,0x004509B0,0x54,src/composite_dispatch_heads.c,jtbl_004509B0,void(u8 *)
jtbl_00450A10,0x00450A10,0x18,src/composite_dispatch_heads.c,jtbl_00450A10,void(u8 *)
jtbl_00450A30,0x00450A30,0x10,src/argument_dispatch_heads.c,jtbl_00450A30,void(u8 *)
jtbl_00450B50,0x00450B50,0x2c,src/composite_dispatch_heads.c,jtbl_00450B50,void(u8 *)
jtbl_00450B80,0x00450B80,0xC,src/composite_dispatch_heads.c,jtbl_00450B80,void(u8 *)
jtbl_00450B90,0x00450B90,0x14,src/composite_dispatch_heads.c,jtbl_00450B90,void(u8 *)
jtbl_00450BD0,0x00450BD0,0x48,src/composite_dispatch_heads.c,jtbl_00450BD0,void(u8 *)
jtbl_00450CB0,0x00450CB0,0xC,src/composite_dispatch_heads.c,jtbl_00450CB0,void(u8 *)
jtbl_00450CC0,0x00450CC0,0xC,src/composite_dispatch_heads.c,jtbl_00450CC0,void(u8 *)
jtbl_00450CD0,0x00450CD0,0x14,src/argument_dispatch_heads.c,jtbl_00450CD0,"void(u8 *, void *)"
jtbl_00450D20,0x00450D20,0x28,src/composite_dispatch_heads.c,jtbl_00450D20,void(u8 *)
jtbl_00450D50,0x00450D50,0x18,src/preaction_dispatch_heads.c,jtbl_00450D50,void(u8 *)
jtbl_00450DA0,0x00450DA0,0x1c,src/composite_dispatch_heads.c,jtbl_00450DA0,void(u8 *)
jtbl_00450DC0,0x00450DC0,0x18,src/argument_dispatch_heads.c,jtbl_00450DC0,void(u8 *)
jtbl_00450F60,0x00450F60,0x3c,src/composite_dispatch_heads.c,jtbl_00450F60,void(u8 *)
jtbl_00450FA0,0x00450FA0,0xC,src/composite_dispatch_heads.c,jtbl_00450FA0,void(u8 *)
jtbl_00450FB0,0x00450FB0,0xC,src/composite_dispatch_heads.c,jtbl_00450FB0,void(u8 *)
jtbl_00450FC0,0x00450FC0,0x34,src/composite_dispatch_heads.c,jtbl_00450FC0,void(u8 *)
jtbl_00451000,0x00451000,0x2c,src/composite_dispatch_heads.c,jtbl_00451000,void(u8 *)
jtbl_00451030,0x00451030,0x1c,src/composite_dispatch_heads.c,jtbl_00451030,void(u8 *)
jtbl_00451050,0x00451050,0xC,src/composite_dispatch_heads.c,jtbl_00451050,void(u8 *)
jtbl_00451060,0x00451060,0xC,src/composite_dispatch_heads.c,jtbl_00451060,void(u8 *)
jtbl_00451070,0x00451070,0xC,src/grok_w5_disp.c,jtbl_00451070,void(u8 *)
jtbl_00451080,0x00451080,0x14,src/argument_dispatch_heads.c,jtbl_00451080,"void(u8 *, void *)"
jtbl_00451098,0x00451098,0xC,src/composite_dispatch_heads.c,jtbl_00451098,void(u8 *)
jtbl_004510A8,0x004510A8,0xC,src/grok_w5_disp.c,jtbl_004510A8,void(u8 *)
jtbl_004510B8,0x004510B8,0xC,src/composite_dispatch_heads.c,jtbl_004510B8,void(u8 *)
jtbl_004510C8,0x004510C8,0xC,src/preaction_dispatch_heads.c,jtbl_004510C8,void(u8 *)
jtbl_004510D8,0x004510D8,0xC,src/composite_dispatch_heads.c,jtbl_004510D8,void(u8 *)
jtbl_004510E8,0x004510E8,0xC,src/composite_dispatch_heads.c,jtbl_004510E8,void(u8 *)
jtbl_004512B0,0x004512B0,0x2c,src/composite_dispatch_heads.c,jtbl_004512B0,void(u8 *)
jtbl_004512E0,0x004512E0,0xC,src/composite_dispatch_heads.c,jtbl_004512E0,void(u8 *)
jtbl_004512F0,0x004512F0,0xC,src/composite_dispatch_heads.c,jtbl_004512F0,void(u8 *)
jtbl_00451300,0x00451300,0x34,src/composite_dispatch_heads.c,jtbl_00451300,void(u8 *)
jtbl_00451360,0x00451360,0x28,src/composite_dispatch_heads.c,jtbl_00451360,void(u8 *)
jtbl_00451390,0x00451390,0x3c,src/composite_dispatch_heads.c,jtbl_00451390,void(u8 *)
jtbl_00451430,0x00451430,0x10,src/argument_dispatch_heads.c,jtbl_00451430,void(u8 *)
jtbl_00451500,0x00451500,0x2c,src/composite_dispatch_heads.c,jtbl_00451500,void(u8 *)
jtbl_00451530,0x00451530,0x2c,src/composite_dispatch_heads.c,jtbl_00451530,void(u8 *)
jtbl_00451560,0x00451560,0xC,src/composite_dispatch_heads.c,jtbl_00451560,void(u8 *)
jtbl_00451570,0x00451570,0x14,src/indirect_dispatch.c,jtbl_00451570,void(u8 *)
jtbl_00451588,0x00451588,0xC,src/composite_dispatch_heads.c,jtbl_00451588,void(u8 *)
jtbl_004515A0,0x004515A0,0x1c,src/composite_dispatch_heads.c,jtbl_004515A0,void(u8 *)
jtbl_004515C0,0x004515C0,0xC,src/preaction_dispatch_heads.c,jtbl_004515C0,void(u8 *)
jtbl_004515D0,0x004515D0,0xC,src/argument_dispatch_heads.c,jtbl_004515D0,void(u8 *)
jtbl_004515E0,0x004515E0,0xC,src/composite_dispatch_heads.c,jtbl_004515E0,void(u8 *)
jtbl_00451780,0x00451780,0x1c,src/indirect_dispatch.c,jtbl_00451780,void(u8 *)
jtbl_004517E0,0x004517E0,0x1c,src/composite_dispatch_heads.c,jtbl_004517E0,void(u8 *)
jtbl_00451800,0x00451800,0xC,src/composite_dispatch_heads.c,jtbl_00451800,void(u8 *)
jtbl_00451810,0x00451810,0xC,src/composite_dispatch_heads.c,jtbl_00451810,void(u8 *)
jtbl_00451820,0x00451820,0x74,src/composite_dispatch_heads.c,jtbl_00451820,void(u8 *)
jtbl_00451910,0x00451910,0x14,src/composite_dispatch_heads.c,jtbl_00451910,void(u8 *)
jtbl_00451928,0x00451928,0xC,src/composite_dispatch_heads.c,jtbl_00451928,void(u8 *)
jtbl_00451A60,0x00451A60,0x18,src/composite_dispatch_heads.c,jtbl_00451A60,void(u8 *)
jtbl_00451AA0,0x00451AA0,0x14,src/composite_dispatch_heads.c,jtbl_00451AA0,void(u8 *)
jtbl_00451B00,0x00451B00,0x14,src/argument_dispatch_heads.c,jtbl_00451B00,void(u8 *)
jtbl_00451BC0,0x00451BC0,0x10,src/composite_dispatch_heads.c,jtbl_00451BC0,void(u8 *)
jtbl_00451C10,0x00451C10,0x10,src/grok_w7_0022.c,jtbl_00451C10,void(u8 *)
jtbl_00451DE0,0x00451DE0,0x44,src/indirect_dispatch.c,jtbl_00451DE0,void(u8 *)
jtbl_00451E28,0x00451E28,0xC,src/composite_dispatch_heads.c,jtbl_00451E28,void(u8 *)
jtbl_00451E40,0x00451E40,0x14,src/composite_dispatch_heads.c,jtbl_00451E40,void(u8 *)
jtbl_00451E60,0x00451E60,0x14,src/composite_dispatch_heads.c,jtbl_00451E60,void(u8 *)
jtbl_00451EB0,0x00451EB0,0x18,src/composite_dispatch_heads.c,jtbl_00451EB0,void(u8 *)
jtbl_00451F10,0x00451F10,0x2c,src/indirect_dispatch.c,jtbl_00451F10,void(u8 *)
jtbl_00451F40,0x00451F40,0x2c,src/composite_dispatch_heads.c,jtbl_00451F40,void(u8 *)
jtbl_00451F70,0x00451F70,0xC,src/indirect_dispatch.c,jtbl_00451F70,void(u8 *)
jtbl_00452068,0x00452068,0xC,src/composite_dispatch_heads.c,jtbl_00452068,void(u8 *)
jtbl_00452080,0x00452080,0x14,src/argument_dispatch_heads.c,jtbl_00452080,void(u8 *)
jtbl_004520A0,0x004520A0,0x14,src/preaction_dispatch_heads.c,jtbl_004520A0,void(u8 *)
jtbl_00452260,0x00452260,0x2c,src/composite_dispatch_heads.c,jtbl_00452260,void(u8 *)
jtbl_00452290,0x00452290,0xC,src/composite_dispatch_heads.c,jtbl_00452290,void(u8 *)
jtbl_004522A0,0x004522A0,0xC,src/composite_dispatch_heads.c,jtbl_004522A0,void(u8 *)
jtbl_004522B0,0x004522B0,0xC,src/composite_dispatch_heads.c,jtbl_004522B0,void(u8 *)
jtbl_004522C0,0x004522C0,0xC,src/composite_dispatch_heads.c,jtbl_004522C0,void(u8 *)
jtbl_00452308,0x00452308,0xC,src/grok_w5_disp.c,jtbl_00452308,void(u8 *)
jtbl_00452320,0x00452320,0x14,src/composite_dispatch_heads.c,jtbl_00452320,void(u8 *)
jtbl_00452338,0x00452338,0xC,src/composite_dispatch_heads.c,jtbl_00452338,void(u8 *)
jtbl_00452348,0x00452348,0xC,src/argument_dispatch_heads.c,jtbl_00452348,"void(u8 *, void *)"
jtbl_00452358,0x00452358,0xC,src/preaction_dispatch_heads.c,jtbl_00452358,void(u8 *)
jtbl_00452368,0x00452368,0xC,src/argument_dispatch_heads.c,jtbl_00452368,"void(u8 *, void *)"
jtbl_00452380,0x00452380,0x14,src/composite_dispatch_heads.c,jtbl_00452380,void(u8 *)
jtbl_00452398,0x00452398,0xC,src/argument_dispatch_heads.c,jtbl_00452398,"void(u8 *, void *)"
jtbl_004523B8,0x004523B8,0xC,src/preaction_dispatch_heads.c,jtbl_004523B8,void(u8 *)
jtbl_004523D0,0x004523D0,0x1c,src/composite_dispatch_heads.c,jtbl_004523D0,void(u8 *)
jtbl_004523F0,0x004523F0,0x1c,src/argument_dispatch_heads.c,jtbl_004523F0,"void(u8 *, void *)"
jtbl_00452410,0x00452410,0xC,src/argument_dispatch_heads.c,jtbl_00452410,"void(u8 *, void *)"
jtbl_00452420,0x00452420,0x18,src/argument_dispatch_heads.c,jtbl_00452420,void(u8 *)
jtbl_00452440,0x00452440,0x14,src/preaction_dispatch_heads.c,jtbl_00452440,void(u8 *)
jtbl_00452468,0x00452468,0xC,src/composite_dispatch_heads.c,jtbl_00452468,void(u8 *)
jtbl_00452478,0x00452478,0xC,src/composite_dispatch_heads.c,jtbl_00452478,void(u8 *)
jtbl_004525E0,0x004525E0,0x2c,src/composite_dispatch_heads.c,jtbl_004525E0,void(u8 *)
jtbl_00452610,0x00452610,0xC,src/composite_dispatch_heads.c,jtbl_00452610,void(u8 *)
jtbl_00452620,0x00452620,0xC,src/composite_dispatch_heads.c,jtbl_00452620,void(u8 *)
jtbl_00452630,0x00452630,0x1c,src/composite_dispatch_heads.c,jtbl_00452630,void(u8 *)
jtbl_00452650,0x00452650,0xC,src/composite_dispatch_heads.c,jtbl_00452650,void(u8 *)
jtbl_00452678,0x00452678,0xC,src/composite_dispatch_heads.c,jtbl_00452678,void(u8 *)
jtbl_00452690,0x00452690,0x10,src/composite_dispatch_heads.c,jtbl_00452690,void(u8 *)
jtbl_004526D0,0x004526D0,0x18,src/composite_dispatch_heads.c,jtbl_004526D0,void(u8 *)
jtbl_00452700,0x00452700,0x18,src/composite_dispatch_heads.c,jtbl_00452700,void(u8 *)
jtbl_00452780,0x00452780,0x24,src/composite_dispatch_heads.c,jtbl_00452780,void(u8 *)
jtbl_004527D8,0x004527D8,0xC,src/composite_dispatch_heads.c,jtbl_004527D8,void(u8 *)
jtbl_004527E8,0x004527E8,0xC,src/composite_dispatch_heads.c,jtbl_004527E8,void(u8 *)
jtbl_00452850,0x00452850,0xC,src/preaction_dispatch_heads.c,jtbl_00452850,void(u8 *)
jtbl_00452860,0x00452860,0xC,src/argument_dispatch_heads.c,jtbl_00452860,void(u8 *)
jtbl_004529A0,0x004529A0,0x2c,src/composite_dispatch_heads.c,jtbl_004529A0,void(u8 *)
jtbl_004529D0,0x004529D0,0x4c,src/composite_dispatch_heads.c,jtbl_004529D0,void(u8 *)
jtbl_00452A20,0x00452A20,0x1c,src/composite_dispatch_heads.c,jtbl_00452A20,void(u8 *)
jtbl_00452A50,0x00452A50,0x24,src/argument_dispatch_heads.c,jtbl_00452A50,"void(u8 *, void *)"
jtbl_00452A78,0x00452A78,0xC,src/grok_w5_disp.c,jtbl_00452A78,void(u8 *)
jtbl_00452A88,0x00452A88,0xC,src/composite_dispatch_heads.c,jtbl_00452A88,void(u8 *)
jtbl_00452AA8,0x00452AA8,0xC,src/argument_dispatch_heads.c,jtbl_00452AA8,void(u8 *)
jtbl_00452AC0,0x00452AC0,0x14,src/preaction_dispatch_heads.c,jtbl_00452AC0,void(u8 *)
jtbl_00452AE8,0x00452AE8,0xC,src/composite_dispatch_heads.c,jtbl_00452AE8,void(u8 *)
jtbl_00452AF8,0x00452AF8,0xC,src/composite_dispatch_heads.c,jtbl_00452AF8,void(u8 *)
jtbl_00452C30,0x00452C30,0x2c,src/composite_dispatch_heads.c,jtbl_00452C30,void(u8 *)
jtbl_00452C60,0x00452C60,0xC,src/composite_dispatch_heads.c,jtbl_00452C60,void(u8 *)
jtbl_00452C70,0x00452C70,0xC,src/composite_dispatch_heads.c,jtbl_00452C70,void(u8 *)
jtbl_00452C80,0x00452C80,0xC,src/grok_w5_disp.c,jtbl_00452C80,void(u8 *)
jtbl_00452C90,0x00452C90,0xC,src/composite_dispatch_heads.c,jtbl_00452C90,void(u8 *)
jtbl_00452CA0,0x00452CA0,0xC,src/composite_dispatch_heads.c,jtbl_00452CA0,void(u8 *)
jtbl_00452CB0,0x00452CB0,0xC,src/composite_dispatch_heads.c,jtbl_00452CB0,void(u8 *)
jtbl_00452CC0,0x00452CC0,0xC,src/composite_dispatch_heads.c,jtbl_00452CC0,void(u8 *)
jtbl_00452CE8,0x00452CE8,0xC,src/composite_dispatch_heads.c,jtbl_00452CE8,void(u8 *)
jtbl_00452CF8,0x00452CF8,0xC,src/composite_dispatch_heads.c,jtbl_00452CF8,void(u8 *)
jtbl_00452D10,0x00452D10,0x14,src/composite_dispatch_heads.c,jtbl_00452D10,void(u8 *)
jtbl_00452D30,0x00452D30,0x34,src/composite_dispatch_heads.c,jtbl_00452D30,void(u8 *)
jtbl_00452D70,0x00452D70,0x34,src/composite_dispatch_heads.c,jtbl_00452D70,void(u8 *)
jtbl_00452DB0,0x00452DB0,0x2c,src/composite_dispatch_heads.c,jtbl_00452DB0,void(u8 *)
jtbl_00452DE0,0x00452DE0,0xC,src/argument_dispatch_heads.c,jtbl_00452DE0,"void(u8 *, void *)"
jtbl_00452DF0,0x00452DF0,0x20,src/preaction_dispatch_heads.c,jtbl_00452DF0,void(u8 *)
jtbl_00452ED0,0x00452ED0,0x2c,src/composite_dispatch_heads.c,jtbl_00452ED0,void(u8 *)
jtbl_00452F00,0x00452F00,0xC,src/composite_dispatch_heads.c,jtbl_00452F00,void(u8 *)
jtbl_00452F10,0x00452F10,0xC,src/composite_dispatch_heads.c,jtbl_00452F10,void(u8 *)
jtbl_00452F20,0x00452F20,0xC,src/composite_dispatch_heads.c,jtbl_00452F20,void(u8 *)
jtbl_00452F30,0x00452F30,0x3c,src/composite_dispatch_heads.c,jtbl_00452F30,void(u8 *)
jtbl_00452F70,0x00452F70,0x1c,src/preaction_dispatch_heads.c,jtbl_00452F70,void(u8 *)
jtbl_00452F90,0x00452F90,0xC,src/composite_dispatch_heads.c,jtbl_00452F90,void(u8 *)
jtbl_00452FC0,0x00452FC0,0x28,src/composite_dispatch_heads.c,jtbl_00452FC0,void(u8 *)
jtbl_00453010,0x00453010,0x14,src/composite_dispatch_heads.c,jtbl_00453010,void(u8 *)
jtbl_00453030,0x00453030,0x1c,src/composite_dispatch_heads.c,jtbl_00453030,void(u8 *)
jtbl_00453050,0x00453050,0x2c,src/composite_dispatch_heads.c,jtbl_00453050,void(u8 *)
jtbl_004530D8,0x004530D8,0xC,src/composite_dispatch_heads.c,jtbl_004530D8,void(u8 *)
jtbl_004530E8,0x004530E8,0xC,src/composite_dispatch_heads.c,jtbl_004530E8,void(u8 *)
jtbl_004530F8,0x004530F8,0xC,src/composite_dispatch_heads.c,jtbl_004530F8,void(u8 *)
jtbl_00453110,0x00453110,0x30,src/composite_dispatch_heads.c,jtbl_00453110,void(u8 *)
jtbl_00453260,0x00453260,0x3c,src/composite_dispatch_heads.c,jtbl_00453260,void(u8 *)
jtbl_004532C0,0x004532C0,0x58,src/composite_dispatch_heads.c,jtbl_004532C0,void(u8 *)
jtbl_00453320,0x00453320,0x14,src/argument_dispatch_heads.c,jtbl_00453320,"void(u8 *, void *)"
jtbl_00453340,0x00453340,0x34,src/composite_dispatch_heads.c,jtbl_00453340,void(u8 *)
jtbl_00453380,0x00453380,0x24,src/argument_dispatch_heads.c,jtbl_00453380,"void(u8 *, void *)"
jtbl_004533B0,0x004533B0,0x18,src/composite_dispatch_heads.c,jtbl_004533B0,void(u8 *)
jtbl_004533D0,0x004533D0,0x28,src/composite_dispatch_heads.c,jtbl_004533D0,void(u8 *)
jtbl_00453400,0x00453400,0x54,src/argument_dispatch_heads.c,jtbl_00453400,"void(u8 *, void *)"
jtbl_00453458,0x00453458,0xC,src/composite_dispatch_heads.c,jtbl_00453458,void(u8 *)
jtbl_00453470,0x00453470,0x24,src/composite_dispatch_heads.c,jtbl_00453470,void(u8 *)
jtbl_004534A0,0x004534A0,0x14,src/preaction_dispatch_heads.c,jtbl_004534A0,void(u8 *)
jtbl_004534E0,0x004534E0,0x1c,src/composite_dispatch_heads.c,jtbl_004534E0,void(u8 *)
jtbl_00453500,0x00453500,0x14,src/argument_dispatch_heads.c,jtbl_00453500,void(u8 *)
jtbl_00453690,0x00453690,0x3c,src/composite_dispatch_heads.c,jtbl_00453690,void(u8 *)
jtbl_004536F8,0x004536F8,0xC,src/composite_dispatch_heads.c,jtbl_004536F8,void(u8 *)
jtbl_00453708,0x00453708,0xC,src/composite_dispatch_heads.c,jtbl_00453708,void(u8 *)
jtbl_00453770,0x00453770,0xC,src/composite_dispatch_heads.c,jtbl_00453770,void(u8 *)
jtbl_00453780,0x00453780,0xC,src/composite_dispatch_heads.c,jtbl_00453780,void(u8 *)
jtbl_00453790,0x00453790,0xC,src/composite_dispatch_heads.c,jtbl_00453790,void(u8 *)
jtbl_004537C0,0x004537C0,0x28,src/composite_dispatch_heads.c,jtbl_004537C0,void(u8 *)
jtbl_004537F0,0x004537F0,0x14,src/grok_w5_disp.c,jtbl_004537F0,void(u8 *)
jtbl_00453810,0x00453810,0x14,src/composite_dispatch_heads.c,jtbl_00453810,void(u8 *)
jtbl_00453828,0x00453828,0xC,src/composite_dispatch_heads.c,jtbl_00453828,void(u8 *)
jtbl_00453840,0x00453840,0x34,src/composite_dispatch_heads.c,jtbl_00453840,void(u8 *)
jtbl_00453880,0x00453880,0x2c,src/composite_dispatch_heads.c,jtbl_00453880,void(u8 *)
jtbl_004538B0,0x004538B0,0x14,src/composite_dispatch_heads.c,jtbl_004538B0,void(u8 *)
jtbl_004538D0,0x004538D0,0x4c,src/composite_dispatch_heads.c,jtbl_004538D0,void(u8 *)
jtbl_00453920,0x00453920,0x14,src/argument_dispatch_heads.c,jtbl_00453920,void(u8 *)
jtbl_00453E50,0x00453E50,0x6c,src/composite_dispatch_heads.c,jtbl_00453E50,void(u8 *)
jtbl_00453EE0,0x00453EE0,0x34,src/composite_dispatch_heads.c,jtbl_00453EE0,void(u8 *)
jtbl_00453F50,0x00453F50,0x38,src/composite_dispatch_heads.c,jtbl_00453F50,void(u8 *)
jtbl_00453F90,0x00453F90,0x1c,src/composite_dispatch_heads.c,jtbl_00453F90,void(u8 *)
jtbl_00453FB0,0x00453FB0,0x24,src/composite_dispatch_heads.c,jtbl_00453FB0,void(u8 *)
jtbl_00453FE0,0x00453FE0,0x14,src/composite_dispatch_heads.c,jtbl_00453FE0,void(u8 *)
jtbl_00454000,0x00454000,0x38,src/composite_dispatch_heads.c,jtbl_00454000,void(u8 *)
jtbl_00454040,0x00454040,0x24,src/composite_dispatch_heads.c,jtbl_00454040,void(u8 *)
jtbl_00454070,0x00454070,0x1c,src/composite_dispatch_heads.c,jtbl_00454070,void(u8 *)
jtbl_004541B0,0x004541B0,0x2c,src/composite_dispatch_heads.c,jtbl_004541B0,void(u8 *)
jtbl_004541E0,0x004541E0,0xC,src/composite_dispatch_heads.c,jtbl_004541E0,void(u8 *)
jtbl_004541F0,0x004541F0,0x1c,src/composite_dispatch_heads.c,jtbl_004541F0,void(u8 *)
jtbl_00454210,0x00454210,0x14,src/grok_w5_0026.c,jtbl_00454210,void(u8 *)
jtbl_00454230,0x00454230,0x44,src/composite_dispatch_heads.c,jtbl_00454230,void(u8 *)
jtbl_00454288,0x00454288,0xC,src/argument_dispatch_heads.c,jtbl_00454288,"void(u8 *, void *)"
jtbl_00454298,0x00454298,0xC,src/argument_dispatch_heads.c,jtbl_00454298,"void(u8 *, void *)"
jtbl_00454330,0x00454330,0x24,src/argument_dispatch_heads.c,jtbl_00454330,"void(u8 *, void *)"
jtbl_00454390,0x00454390,0x2c,src/argument_dispatch_heads.c,jtbl_00454390,"void(u8 *, void *)"
jtbl_004543D8,0x004543D8,0xC,src/composite_dispatch_heads.c,jtbl_004543D8,void(u8 *)
jtbl_00454420,0x00454420,0x34,src/argument_dispatch_heads.c,jtbl_00454420,"void(u8 *, void *)"
jtbl_00454460,0x00454460,0x3c,src/composite_dispatch_heads.c,jtbl_00454460,void(u8 *)
jtbl_004544A0,0x004544A0,0x18,src/composite_dispatch_heads.c,jtbl_004544A0,void(u8 *)
jtbl_004544C0,0x004544C0,0x2c,src/composite_dispatch_heads.c,jtbl_004544C0,void(u8 *)
jtbl_004545C0,0x004545C0,0x2c,src/composite_dispatch_heads.c,jtbl_004545C0,void(u8 *)
jtbl_004545F0,0x004545F0,0xC,src/composite_dispatch_heads.c,jtbl_004545F0,void(u8 *)
jtbl_00454620,0x00454620,0x14,src/grok_w3_0026.c,jtbl_00454620,void(u8 *)
jtbl_00454638,0x00454638,0xC,src/composite_dispatch_heads.c,jtbl_00454638,void(u8 *)
jtbl_00454650,0x00454650,0x24,src/composite_dispatch_heads.c,jtbl_00454650,void(u8 *)
jtbl_00454678,0x00454678,0xC,src/grok_w5_disp.c,jtbl_00454678,void(u8 *)
jtbl_00454690,0x00454690,0x14,src/composite_dispatch_heads.c,jtbl_00454690,void(u8 *)
jtbl_004546A8,0x004546A8,0xC,src/composite_dispatch_heads.c,jtbl_004546A8,void(u8 *)
jtbl_004546C0,0x004546C0,0x24,src/composite_dispatch_heads.c,jtbl_004546C0,void(u8 *)
jtbl_004546E8,0x004546E8,0xC,src/composite_dispatch_heads.c,jtbl_004546E8,void(u8 *)
jtbl_00454700,0x00454700,0x20,src/indirect_dispatch.c,jtbl_00454700,void(u8 *)
jtbl_00454800,0x00454800,0x2c,src/composite_dispatch_heads.c,jtbl_00454800,void(u8 *)
jtbl_00454830,0x00454830,0xC,src/composite_dispatch_heads.c,jtbl_00454830,void(u8 *)
jtbl_00454840,0x00454840,0xC,src/composite_dispatch_heads.c,jtbl_00454840,void(u8 *)
jtbl_00454850,0x00454850,0x14,src/grok_w3_0027.c,jtbl_00454850,void(u8 *)
jtbl_00454868,0x00454868,0xC,src/composite_dispatch_heads.c,jtbl_00454868,void(u8 *)
jtbl_00454880,0x00454880,0x2c,src/indirect_dispatch.c,jtbl_00454880,void(u8 *)
jtbl_004548B0,0x004548B0,0x1c,src/composite_dispatch_heads.c,jtbl_004548B0,void(u8 *)
jtbl_00454950,0x00454950,0x18,src/composite_dispatch_heads.c,jtbl_00454950,void(u8 *)
jtbl_00454990,0x00454990,0x14,src/composite_dispatch_heads.c,jtbl_00454990,void(u8 *)
jtbl_004549D0,0x004549D0,0x14,src/composite_dispatch_heads.c,jtbl_004549D0,void(u8 *)
jtbl_004549E8,0x004549E8,0xC,src/composite_dispatch_heads.c,jtbl_004549E8,void(u8 *)
jtbl_004549F8,0x004549F8,0xC,src/composite_dispatch_heads.c,jtbl_004549F8,void(u8 *)
jtbl_00454A08,0x00454A08,0xC,src/argument_dispatch_heads.c,jtbl_00454A08,void(u8 *)
jtbl_00454A20,0x00454A20,0x1c,src/composite_dispatch_heads.c,jtbl_00454A20,void(u8 *)
jtbl_00454A40,0x00454A40,0xC,src/preaction_dispatch_heads.c,jtbl_00454A40,void(u8 *)
jtbl_00454A60,0x00454A60,0xC,src/composite_dispatch_heads.c,jtbl_00454A60,void(u8 *)
jtbl_00454A70,0x00454A70,0xC,src/composite_dispatch_heads.c,jtbl_00454A70,void(u8 *)
jtbl_00454B70,0x00454B70,0x2c,src/composite_dispatch_heads.c,jtbl_00454B70,void(u8 *)
jtbl_00454BB0,0x00454BB0,0xC,src/composite_dispatch_heads.c,jtbl_00454BB0,void(u8 *)
jtbl_00454BC0,0x00454BC0,0xC,src/composite_dispatch_heads.c,jtbl_00454BC0,void(u8 *)
jtbl_00454BD0,0x00454BD0,0x3c,src/composite_dispatch_heads.c,jtbl_00454BD0,void(u8 *)
jtbl_00454C30,0x00454C30,0x24,src/indirect_dispatch.c,jtbl_00454C30,void(u8 *)
jtbl_00454C60,0x00454C60,0x1c,src/grok_w3_0026.c,jtbl_00454C60,void(u8 *)
jtbl_00454C60,0x00454C60,0x1c,src/grok_w5_0026.c,jtbl_00454C60,void(u8 *)
jtbl_00454C80,0x00454C80,0xC,src/composite_dispatch_heads.c,jtbl_00454C80,void(u8 *)
jtbl_00454C90,0x00454C90,0x18,src/composite_dispatch_heads.c,jtbl_00454C90,void(u8 *)
jtbl_00454CB0,0x00454CB0,0x4c,src/grok_w3_0026.c,jtbl_00454CB0,void(u8 *)
jtbl_00454CB0,0x00454CB0,0x4c,src/grok_w5_0026.c,jtbl_00454CB0,void(u8 *)
jtbl_00454D00,0x00454D00,0xC,src/preaction_dispatch_heads.c,jtbl_00454D00,void(u8 *)
jtbl_00454D10,0x00454D10,0xC,src/argument_dispatch_heads.c,jtbl_00454D10,void(u8 *)
jtbl_00454D20,0x00454D20,0xC,src/composite_dispatch_heads.c,jtbl_00454D20,void(u8 *)
jtbl_00454E00,0x00454E00,0x34,src/indirect_dispatch.c,jtbl_00454E00,void(u8 *)
jtbl_00454E40,0x00454E40,0x14,src/composite_dispatch_heads.c,jtbl_00454E40,void(u8 *)
jtbl_00454E60,0x00454E60,0x2c,src/grok_w5_disp.c,jtbl_00454E60,void(u8 *)
jtbl_00454E90,0x00454E90,0xC,src/grok_w5_disp.c,jtbl_00454E90,void(u8 *)
jtbl_00454EA0,0x00454EA0,0xC,src/composite_dispatch_heads.c,jtbl_00454EA0,void(u8 *)
jtbl_00454EB0,0x00454EB0,0x14,src/composite_dispatch_heads.c,jtbl_00454EB0,void(u8 *)
jtbl_00454ED0,0x00454ED0,0x18,src/argument_dispatch_heads.c,jtbl_00454ED0,"void(u8 *, void *)"
jtbl_00454EF0,0x00454EF0,0x24,src/composite_dispatch_heads.c,jtbl_00454EF0,void(u8 *)
jtbl_00454F18,0x00454F18,0xC,src/composite_dispatch_heads.c,jtbl_00454F18,void(u8 *)
jtbl_00454FE0,0x00454FE0,0x4c,src/indirect_dispatch.c,jtbl_00454FE0,void(u8 *)
jtbl_00455030,0x00455030,0x1c,src/composite_dispatch_heads.c,jtbl_00455030,void(u8 *)
jtbl_00455070,0x00455070,0x14,src/composite_dispatch_heads.c,jtbl_00455070,void(u8 *)
jtbl_00455090,0x00455090,0x38,src/grok_w5_disp.c,jtbl_00455090,void(u8 *)
jtbl_00455180,0x00455180,0x18,src/argument_dispatch_heads.c,jtbl_00455180,"void(u8 *, void *)"
jtbl_004551A0,0x004551A0,0x1c,src/composite_dispatch_heads.c,jtbl_004551A0,void(u8 *)
jtbl_004551C0,0x004551C0,0xC,src/composite_dispatch_heads.c,jtbl_004551C0,void(u8 *)
jtbl_00455300,0x00455300,0xC,src/composite_dispatch_heads.c,jtbl_00455300,void(u8 *)
jtbl_00455310,0x00455310,0x44,src/composite_dispatch_heads.c,jtbl_00455310,void(u8 *)
jtbl_00455360,0x00455360,0x5c,src/preaction_dispatch_heads.c,jtbl_00455360,void(u8 *)
jtbl_004559D0,0x004559D0,0x3c,src/composite_dispatch_heads.c,jtbl_004559D0,void(u8 *)
jtbl_00455A10,0x00455A10,0x1c,src/composite_dispatch_heads.c,jtbl_00455A10,void(u8 *)
jtbl_00455A30,0x00455A30,0x14,src/grok_w7_0028.c,jtbl_00455A30,void(u8 *)
jtbl_00455A50,0x00455A50,0x50,src/composite_dispatch_heads.c,jtbl_00455A50,void(u8 *)
jtbl_00455AD8,0x00455AD8,0xC,src/composite_dispatch_heads.c,jtbl_00455AD8,void(u8 *)
jtbl_00455B00,0x00455B00,0x14,src/argument_dispatch_heads.c,jtbl_00455B00,"void(u8 *, void *)"
jtbl_00455B20,0x00455B20,0x14,src/argument_dispatch_heads.c,jtbl_00455B20,"void(u8 *, void *)"
jtbl_00455B40,0x00455B40,0x14,src/composite_dispatch_heads.c,jtbl_00455B40,void(u8 *)
jtbl_00455BB0,0x00455BB0,0x24,src/composite_dispatch_heads.c,jtbl_00455BB0,void(u8 *)
jtbl_00455BE0,0x00455BE0,0x1c,src/composite_dispatch_heads.c,jtbl_00455BE0,void(u8 *)
jtbl_004566E0,0x004566E0,0x2c,src/composite_dispatch_heads.c,jtbl_004566E0,void(u8 *)
jtbl_00456710,0x00456710,0xC,src/composite_dispatch_heads.c,jtbl_00456710,void(u8 *)
jtbl_00456720,0x00456720,0x18,src/composite_dispatch_heads.c,jtbl_00456720,void(u8 *)
jtbl_00456740,0x00456740,0x2c,src/grok_w7_0028.c,jtbl_00456740,void(u8 *)
jtbl_00456770,0x00456770,0x18,src/composite_dispatch_heads.c,jtbl_00456770,void(u8 *)
jtbl_00456790,0x00456790,0x10,src/composite_dispatch_heads.c,jtbl_00456790,void(u8 *)
jtbl_004567C0,0x004567C0,0x14,src/composite_dispatch_heads.c,jtbl_004567C0,void(u8 *)
jtbl_004567D8,0x004567D8,0xC,src/preaction_dispatch_heads.c,jtbl_004567D8,void(u8 *)
jtbl_004567E8,0x004567E8,0xC,src/preaction_dispatch_heads.c,jtbl_004567E8,void(u8 *)
jtbl_004567F8,0x004567F8,0xC,src/composite_dispatch_heads.c,jtbl_004567F8,void(u8 *)
jtbl_00456830,0x00456830,0x34,src/composite_dispatch_heads.c,jtbl_00456830,void(u8 *)
jtbl_00456868,0x00456868,0xC,src/grok_w5_disp.c,jtbl_00456868,void(u8 *)
jtbl_00456888,0x00456888,0xC,src/composite_dispatch_heads.c,jtbl_00456888,void(u8 *)
jtbl_00456898,0x00456898,0xC,src/composite_dispatch_heads.c,jtbl_00456898,void(u8 *)
jtbl_004568F0,0x004568F0,0x14,src/indirect_dispatch.c,jtbl_004568F0,void(u8 *)
jtbl_00456910,0x00456910,0x18,src/preaction_dispatch_heads.c,jtbl_00456910,void(u8 *)
jtbl_004569C0,0x004569C0,0x14,src/grok_w5_disp.c,jtbl_004569C0,void(u8 *)
jtbl_004569D8,0x004569D8,0xC,src/composite_dispatch_heads.c,jtbl_004569D8,void(u8 *)
jtbl_004569E8,0x004569E8,0xC,src/composite_dispatch_heads.c,jtbl_004569E8,void(u8 *)
jtbl_00456A00,0x00456A00,0x18,src/preaction_dispatch_heads.c,jtbl_00456A00,void(u8 *)
jtbl_00456A30,0x00456A30,0xC,src/composite_dispatch_heads.c,jtbl_00456A30,void(u8 *)
jtbl_00456A50,0x00456A50,0xC,src/composite_dispatch_heads.c,jtbl_00456A50,void(u8 *)
jtbl_00456A60,0x00456A60,0xC,src/composite_dispatch_heads.c,jtbl_00456A60,void(u8 *)
jtbl_00456A70,0x00456A70,0xC,src/grok_w5_disp.c,jtbl_00456A70,void(u8 *)
jtbl_00456A80,0x00456A80,0xC,src/composite_dispatch_heads.c,jtbl_00456A80,void(u8 *)
jtbl_00456A90,0x00456A90,0xC,src/composite_dispatch_heads.c,jtbl_00456A90,void(u8 *)
jtbl_00456AA0,0x00456AA0,0xC,src/grok_w5_disp.c,jtbl_00456AA0,void(u8 *)
jtbl_00456AB0,0x00456AB0,0xC,src/composite_dispatch_heads.c,jtbl_00456AB0,void(u8 *)
jtbl_00456AC0,0x00456AC0,0xC,src/composite_dispatch_heads.c,jtbl_00456AC0,void(u8 *)
jtbl_00456AD0,0x00456AD0,0x2c,src/preaction_dispatch_heads.c,jtbl_00456AD0,void(u8 *)
jtbl_00456B00,0x00456B00,0xC,src/composite_dispatch_heads.c,jtbl_00456B00,void(u8 *)
jtbl_00456CC0,0x00456CC0,0xC,src/composite_dispatch_heads.c,jtbl_00456CC0,void(u8 *)
jtbl_00456CD0,0x00456CD0,0xC,src/composite_dispatch_heads.c,jtbl_00456CD0,void(u8 *)
jtbl_00456CE0,0x00456CE0,0x10,src/composite_dispatch_heads.c,jtbl_00456CE0,void(u8 *)
jtbl_00457680,0x00457680,0x2c,src/composite_dispatch_heads.c,jtbl_00457680,void(u8 *)
jtbl_004576B0,0x004576B0,0xC,src/composite_dispatch_heads.c,jtbl_004576B0,void(u8 *)
jtbl_004576C0,0x004576C0,0xC,src/composite_dispatch_heads.c,jtbl_004576C0,void(u8 *)
jtbl_004576D0,0x004576D0,0x24,src/grok_w5_disp.c,jtbl_004576D0,void(u8 *)
jtbl_00457700,0x00457700,0x3c,src/composite_dispatch_heads.c,jtbl_00457700,void(u8 *)
jtbl_00457740,0x00457740,0x34,src/composite_dispatch_heads.c,jtbl_00457740,void(u8 *)
jtbl_00457778,0x00457778,0xC,src/preaction_dispatch_heads.c,jtbl_00457778,void(u8 *)
jtbl_00457788,0x00457788,0xC,src/preaction_dispatch_heads.c,jtbl_00457788,void(u8 *)
jtbl_004577C0,0x004577C0,0x34,src/composite_dispatch_heads.c,jtbl_004577C0,void(u8 *)
jtbl_00457808,0x00457808,0xC,src/composite_dispatch_heads.c,jtbl_00457808,void(u8 *)
jtbl_00457828,0x00457828,0xC,src/composite_dispatch_heads.c,jtbl_00457828,void(u8 *)
jtbl_00457840,0x00457840,0x18,src/preaction_dispatch_heads.c,jtbl_00457840,void(u8 *)
jtbl_004578F0,0x004578F0,0x14,src/grok_w5_disp.c,jtbl_004578F0,void(u8 *)
jtbl_00457908,0x00457908,0xC,src/composite_dispatch_heads.c,jtbl_00457908,void(u8 *)
jtbl_00457918,0x00457918,0xC,src/composite_dispatch_heads.c,jtbl_00457918,void(u8 *)
jtbl_00457930,0x00457930,0x18,src/preaction_dispatch_heads.c,jtbl_00457930,void(u8 *)
jtbl_00457960,0x00457960,0xC,src/composite_dispatch_heads.c,jtbl_00457960,void(u8 *)
jtbl_00457980,0x00457980,0xC,src/composite_dispatch_heads.c,jtbl_00457980,void(u8 *)
jtbl_00457990,0x00457990,0xC,src/composite_dispatch_heads.c,jtbl_00457990,void(u8 *)
jtbl_004579A0,0x004579A0,0xC,src/grok_w5_disp.c,jtbl_004579A0,void(u8 *)
jtbl_004579B0,0x004579B0,0xC,src/composite_dispatch_heads.c,jtbl_004579B0,void(u8 *)
jtbl_004579C0,0x004579C0,0xC,src/composite_dispatch_heads.c,jtbl_004579C0,void(u8 *)
jtbl_004579D0,0x004579D0,0xC,src/grok_w5_disp.c,jtbl_004579D0,void(u8 *)
jtbl_004579E0,0x004579E0,0xC,src/composite_dispatch_heads.c,jtbl_004579E0,void(u8 *)
jtbl_004579F0,0x004579F0,0xC,src/composite_dispatch_heads.c,jtbl_004579F0,void(u8 *)
jtbl_00457A00,0x00457A00,0x2c,src/preaction_dispatch_heads.c,jtbl_00457A00,void(u8 *)
jtbl_00457A30,0x00457A30,0xC,src/composite_dispatch_heads.c,jtbl_00457A30,void(u8 *)
jtbl_00457C30,0x00457C30,0xC,src/composite_dispatch_heads.c,jtbl_00457C30,void(u8 *)
jtbl_00457C40,0x00457C40,0xC,src/composite_dispatch_heads.c,jtbl_00457C40,void(u8 *)
jtbl_00457C50,0x00457C50,0x10,src/composite_dispatch_heads.c,jtbl_00457C50,void(u8 *)
jtbl_00457DD0,0x00457DD0,0x2c,src/composite_dispatch_heads.c,jtbl_00457DD0,void(u8 *)
jtbl_00457E60,0x00457E60,0x14,src/argument_dispatch_heads.c,jtbl_00457E60,"void(u8 *, void *)"
jtbl_00457E80,0x00457E80,0x14,src/composite_dispatch_heads.c,jtbl_00457E80,void(u8 *)
jtbl_00457EA0,0x00457EA0,0x1c,src/composite_dispatch_heads.c,jtbl_00457EA0,void(u8 *)
jtbl_00457EC0,0x00457EC0,0x14,src/indirect_dispatch.c,jtbl_00457EC0,void(u8 *)
jtbl_00457EE0,0x00457EE0,0x3c,src/indirect_dispatch.c,jtbl_00457EE0,void(u8 *)
jtbl_00457F20,0x00457F20,0x44,src/composite_dispatch_heads.c,jtbl_00457F20,void(u8 *)
jtbl_00457F70,0x00457F70,0x18,src/composite_dispatch_heads.c,jtbl_00457F70,void(u8 *)
jtbl_00457F90,0x00457F90,0x24,src/composite_dispatch_heads.c,jtbl_00457F90,void(u8 *)
jtbl_00457FC0,0x00457FC0,0x14,src/preaction_dispatch_heads.c,jtbl_00457FC0,void(u8 *)
jtbl_00457FE0,0x00457FE0,0x14,src/argument_dispatch_heads.c,jtbl_00457FE0,void(u8 *)
jtbl_00457FF8,0x00457FF8,0xC,src/composite_dispatch_heads.c,jtbl_00457FF8,void(u8 *)
jtbl_00458140,0x00458140,0x2c,src/composite_dispatch_heads.c,jtbl_00458140,void(u8 *)
jtbl_00458170,0x00458170,0xC,src/composite_dispatch_heads.c,jtbl_00458170,void(u8 *)
jtbl_00458180,0x00458180,0x14,src/grok_w3_0029.c,jtbl_00458180,void(u8 *)
jtbl_004581A0,0x004581A0,0x34,src/composite_dispatch_heads.c,jtbl_004581A0,void(u8 *)
jtbl_004581E0,0x004581E0,0x28,src/grok_w5_disp.c,jtbl_004581E0,void(u8 *)
jtbl_00458210,0x00458210,0x14,src/composite_dispatch_heads.c,jtbl_00458210,void(u8 *)
jtbl_00458250,0x00458250,0x34,src/composite_dispatch_heads.c,jtbl_00458250,void(u8 *)
jtbl_004582C8,0x004582C8,0xC,src/composite_dispatch_heads.c,jtbl_004582C8,void(u8 *)
jtbl_004582D8,0x004582D8,0xC,src/composite_dispatch_heads.c,jtbl_004582D8,void(u8 *)
jtbl_004582E8,0x004582E8,0xC,src/preaction_dispatch_heads.c,jtbl_004582E8,void(u8 *)
jtbl_00458300,0x00458300,0x18,src/argument_dispatch_heads.c,jtbl_00458300,void(u8 *)
jtbl_00458420,0x00458420,0x54,src/composite_dispatch_heads.c,jtbl_00458420,void(u8 *)
jtbl_00458480,0x00458480,0x3c,src/composite_dispatch_heads.c,jtbl_00458480,void(u8 *)
jtbl_00458530,0x00458530,0x18,src/argument_dispatch_heads.c,jtbl_00458530,"void(u8 *, void *)"
jtbl_00458560,0x00458560,0x20,src/composite_dispatch_heads.c,jtbl_00458560,void(u8 *)
jtbl_004585B0,0x004585B0,0x10,src/composite_dispatch_heads.c,jtbl_004585B0,void(u8 *)
jtbl_004585F0,0x004585F0,0x20,src/composite_dispatch_heads.c,jtbl_004585F0,void(u8 *)
jtbl_00458660,0x00458660,0x14,src/argument_dispatch_heads.c,jtbl_00458660,void(u8 *)
jtbl_00458680,0x00458680,0x44,src/composite_dispatch_heads.c,jtbl_00458680,void(u8 *)
jtbl_004586D0,0x004586D0,0x18,src/composite_dispatch_heads.c,jtbl_004586D0,void(u8 *)
jtbl_004586F0,0x004586F0,0x1c,src/composite_dispatch_heads.c,jtbl_004586F0,void(u8 *)
jtbl_00458710,0x00458710,0xC,src/composite_dispatch_heads.c,jtbl_00458710,void(u8 *)
jtbl_00458720,0x00458720,0x10,src/composite_dispatch_heads.c,jtbl_00458720,void(u8 *)
jtbl_00458800,0x00458800,0x2c,src/composite_dispatch_heads.c,jtbl_00458800,void(u8 *)
jtbl_00458830,0x00458830,0xC,src/composite_dispatch_heads.c,jtbl_00458830,void(u8 *)
jtbl_00458840,0x00458840,0xC,src/composite_dispatch_heads.c,jtbl_00458840,void(u8 *)
jtbl_00458850,0x00458850,0x14,src/grok_w5_002a.c,jtbl_00458850,void(u8 *)
jtbl_00458870,0x00458870,0x3c,src/composite_dispatch_heads.c,jtbl_00458870,void(u8 *)
jtbl_004588B0,0x004588B0,0x14,src/composite_dispatch_heads.c,jtbl_004588B0,void(u8 *)
jtbl_004588F0,0x004588F0,0x10,src/argument_dispatch_heads.c,jtbl_004588F0,"void(u8 *, void *)"
jtbl_00458920,0x00458920,0x34,src/composite_dispatch_heads.c,jtbl_00458920,void(u8 *)
jtbl_00458980,0x00458980,0x14,src/composite_dispatch_heads.c,jtbl_00458980,void(u8 *)
jtbl_00458998,0x00458998,0xC,src/composite_dispatch_heads.c,jtbl_00458998,void(u8 *)
jtbl_004589B0,0x004589B0,0x1c,src/composite_dispatch_heads.c,jtbl_004589B0,void(u8 *)
jtbl_004589D0,0x004589D0,0xC,src/preaction_dispatch_heads.c,jtbl_004589D0,void(u8 *)
jtbl_00458C10,0x00458C10,0x58,src/composite_dispatch_heads.c,jtbl_00458C10,void(u8 *)
jtbl_00458C80,0x00458C80,0x54,src/indirect_dispatch.c,jtbl_00458C80,void(u8 *)
jtbl_00458CE0,0x00458CE0,0x2c,src/composite_dispatch_heads.c,jtbl_00458CE0,void(u8 *)
jtbl_00458D10,0x00458D10,0x24,src/grok_w5_disp.c,jtbl_00458D10,void(u8 *)
jtbl_00458D40,0x00458D40,0x1c,src/composite_dispatch_heads.c,jtbl_00458D40,void(u8 *)
jtbl_00458D60,0x00458D60,0xC,src/composite_dispatch_heads.c,jtbl_00458D60,void(u8 *)
jtbl_00458D70,0x00458D70,0xC,src/composite_dispatch_heads.c,jtbl_00458D70,void(u8 *)
jtbl_00458D80,0x00458D80,0x4c,src/composite_dispatch_heads.c,jtbl_00458D80,void(u8 *)
jtbl_00458DD0,0x00458DD0,0x14,src/composite_dispatch_heads.c,jtbl_00458DD0,void(u8 *)
jtbl_00458DF0,0x00458DF0,0x18,src/composite_dispatch_heads.c,jtbl_00458DF0,void(u8 *)
jtbl_00458E10,0x00458E10,0x14,src/composite_dispatch_heads.c,jtbl_00458E10,void(u8 *)
jtbl_00458E28,0x00458E28,0xC,src/composite_dispatch_heads.c,jtbl_00458E28,void(u8 *)
jtbl_00458FC0,0x00458FC0,0x64,src/composite_dispatch_heads.c,jtbl_00458FC0,void(u8 *)
jtbl_00459050,0x00459050,0x14,src/grok_w5_002a.c,jtbl_00459050,void(u8 *)
jtbl_00459068,0x00459068,0xC,src/composite_dispatch_heads.c,jtbl_00459068,void(u8 *)
jtbl_00459080,0x00459080,0x54,src/composite_dispatch_heads.c,jtbl_00459080,void(u8 *)
jtbl_004590E0,0x004590E0,0x14,src/composite_dispatch_heads.c,jtbl_004590E0,void(u8 *)
jtbl_00459100,0x00459100,0x4c,src/composite_dispatch_heads.c,jtbl_00459100,void(u8 *)
jtbl_00459150,0x00459150,0x1c,src/composite_dispatch_heads.c,jtbl_00459150,void(u8 *)
jtbl_00459170,0x00459170,0xC,src/composite_dispatch_heads.c,jtbl_00459170,void(u8 *)
jtbl_00459180,0x00459180,0x68,src/composite_dispatch_heads.c,jtbl_00459180,void(u8 *)
jtbl_004591F0,0x004591F0,0x1c,src/composite_dispatch_heads.c,jtbl_004591F0,void(u8 *)
jtbl_00459210,0x00459210,0x40,src/composite_dispatch_heads.c,jtbl_00459210,void(u8 *)
jtbl_00459370,0x00459370,0x34,src/composite_dispatch_heads.c,jtbl_00459370,void(u8 *)
jtbl_004593A8,0x004593A8,0xC,src/composite_dispatch_heads.c,jtbl_004593A8,void(u8 *)
jtbl_004593B8,0x004593B8,0xC,src/composite_dispatch_heads.c,jtbl_004593B8,void(u8 *)
jtbl_004593D0,0x004593D0,0x3c,src/composite_dispatch_heads.c,jtbl_004593D0,void(u8 *)
jtbl_00459410,0x00459410,0x14,src/grok_w5_disp.c,jtbl_00459410,void(u8 *)
jtbl_00459450,0x00459450,0x14,src/composite_dispatch_heads.c,jtbl_00459450,void(u8 *)
jtbl_00459480,0x00459480,0x10,src/composite_dispatch_heads.c,jtbl_00459480,void(u8 *)
jtbl_004594A0,0x004594A0,0x24,src/composite_dispatch_heads.c,jtbl_004594A0,void(u8 *)
jtbl_004594E0,0x004594E0,0x50,src/composite_dispatch_heads.c,jtbl_004594E0,void(u8 *)
jtbl_00459550,0x00459550,0x14,src/argument_dispatch_heads.c,jtbl_00459550,"void(u8 *, void *)"
jtbl_00459570,0x00459570,0x38,src/argument_dispatch_heads.c,jtbl_00459570,"void(u8 *, void *)"
jtbl_00459680,0x00459680,0x1c,src/composite_dispatch_heads.c,jtbl_00459680,void(u8 *)
jtbl_004596A0,0x004596A0,0xC,src/composite_dispatch_heads.c,jtbl_004596A0,void(u8 *)
jtbl_004596B0,0x004596B0,0x2c,src/composite_dispatch_heads.c,jtbl_004596B0,void(u8 *)
jtbl_004596E0,0x004596E0,0x1c,src/preaction_dispatch_heads.c,jtbl_004596E0,void(u8 *)
jtbl_00459720,0x00459720,0x24,src/composite_dispatch_heads.c,jtbl_00459720,void(u8 *)
jtbl_00459750,0x00459750,0x2c,src/composite_dispatch_heads.c,jtbl_00459750,void(u8 *)
jtbl_004599E0,0x004599E0,0x2c,src/composite_dispatch_heads.c,jtbl_004599E0,void(u8 *)
jtbl_00459A48,0x00459A48,0xC,src/composite_dispatch_heads.c,jtbl_00459A48,void(u8 *)
jtbl_00459A68,0x00459A68,0xC,src/composite_dispatch_heads.c,jtbl_00459A68,void(u8 *)
jtbl_00459A78,0x00459A78,0xC,src/composite_dispatch_heads.c,jtbl_00459A78,void(u8 *)
jtbl_00459A90,0x00459A90,0x14,src/grok_w5_002c.c,jtbl_00459A90,void(u8 *)
jtbl_00459AA8,0x00459AA8,0xC,src/composite_dispatch_heads.c,jtbl_00459AA8,void(u8 *)
jtbl_00459AC0,0x00459AC0,0x38,src/grok_w7_002c.c,jtbl_00459AC0,void(u8 *)
jtbl_00459B00,0x00459B00,0x14,src/composite_dispatch_heads.c,jtbl_00459B00,void(u8 *)
jtbl_00459B20,0x00459B20,0x34,src/composite_dispatch_heads.c,jtbl_00459B20,void(u8 *)
jtbl_00459B90,0x00459B90,0x2c,src/composite_dispatch_heads.c,jtbl_00459B90,void(u8 *)
jtbl_00459BC0,0x00459BC0,0xC,src/composite_dispatch_heads.c,jtbl_00459BC0,void(u8 *)
jtbl_00459BD0,0x00459BD0,0x3c,src/composite_dispatch_heads.c,jtbl_00459BD0,void(u8 *)
jtbl_00459C10,0x00459C10,0x14,src/argument_dispatch_heads.c,jtbl_00459C10,void(u8 *)
jtbl_00459D80,0x00459D80,0x2c,src/composite_dispatch_heads.c,jtbl_00459D80,void(u8 *)
jtbl_00459DB0,0x00459DB0,0xC,src/composite_dispatch_heads.c,jtbl_00459DB0,void(u8 *)
jtbl_00459DC0,0x00459DC0,0x14,src/argument_dispatch_heads.c,jtbl_00459DC0,"void(u8 *, void *)"
jtbl_00459DE0,0x00459DE0,0x14,src/grok_w5_002c.c,jtbl_00459DE0,void(u8 *)
jtbl_00459E00,0x00459E00,0x70,src/composite_dispatch_heads.c,jtbl_00459E00,void(u8 *)
jtbl_00459E90,0x00459E90,0x10,src/argument_dispatch_heads.c,jtbl_00459E90,"void(u8 *, void *)"
jtbl_00459EE0,0x00459EE0,0x34,src/argument_dispatch_heads.c,jtbl_00459EE0,"void(u8 *, void *)"
jtbl_00459F20,0x00459F20,0x14,src/argument_dispatch_heads.c,jtbl_00459F20,"void(u8 *, void *)"
jtbl_00459F40,0x00459F40,0x28,src/argument_dispatch_heads.c,jtbl_00459F40,"void(u8 *, void *)"
jtbl_00459F90,0x00459F90,0x14,src/argument_dispatch_heads.c,jtbl_00459F90,"void(u8 *, void *)"
jtbl_00459FB0,0x00459FB0,0x14,src/composite_dispatch_heads.c,jtbl_00459FB0,void(u8 *)
jtbl_00459FC8,0x00459FC8,0xC,src/composite_dispatch_heads.c,jtbl_00459FC8,void(u8 *)
jtbl_00459FE0,0x00459FE0,0x10,src/composite_dispatch_heads.c,jtbl_00459FE0,void(u8 *)
jtbl_0045A0E0,0x0045A0E0,0x2c,src/composite_dispatch_heads.c,jtbl_0045A0E0,void(u8 *)
jtbl_0045A110,0x0045A110,0xC,src/composite_dispatch_heads.c,jtbl_0045A110,void(u8 *)
jtbl_0045A120,0x0045A120,0x44,src/composite_dispatch_heads.c,jtbl_0045A120,void(u8 *)
jtbl_0045A170,0x0045A170,0x14,src/argument_dispatch_heads.c,jtbl_0045A170,"void(u8 *, void *)"
jtbl_0045A190,0x0045A190,0x18,src/composite_dispatch_heads.c,jtbl_0045A190,void(u8 *)
jtbl_0045A1B0,0x0045A1B0,0x1c,src/composite_dispatch_heads.c,jtbl_0045A1B0,void(u8 *)
jtbl_0045A1D0,0x0045A1D0,0x2c,src/composite_dispatch_heads.c,jtbl_0045A1D0,void(u8 *)
jtbl_0045A200,0x0045A200,0x18,src/composite_dispatch_heads.c,jtbl_0045A200,void(u8 *)
jtbl_0045A240,0x0045A240,0x14,src/composite_dispatch_heads.c,jtbl_0045A240,void(u8 *)
jtbl_0045A260,0x0045A260,0x3c,src/composite_dispatch_heads.c,jtbl_0045A260,void(u8 *)
jtbl_0045A2A0,0x0045A2A0,0xC,src/preaction_dispatch_heads.c,jtbl_0045A2A0,void(u8 *)
jtbl_0045A2B0,0x0045A2B0,0xC,src/indirect_dispatch.c,jtbl_0045A2B0,void(u8 *)
jtbl_0045A2C0,0x0045A2C0,0xC,src/argument_dispatch_heads.c,jtbl_0045A2C0,void(u8 *)
jtbl_0045A2D0,0x0045A2D0,0xC,src/composite_dispatch_heads.c,jtbl_0045A2D0,void(u8 *)
jtbl_0045A3F0,0x0045A3F0,0x2c,src/composite_dispatch_heads.c,jtbl_0045A3F0,void(u8 *)
jtbl_0045A420,0x0045A420,0xC,src/composite_dispatch_heads.c,jtbl_0045A420,void(u8 *)
jtbl_0045A430,0x0045A430,0xC,src/composite_dispatch_heads.c,jtbl_0045A430,void(u8 *)
jtbl_0045A440,0x0045A440,0x24,src/composite_dispatch_heads.c,jtbl_0045A440,void(u8 *)
jtbl_0045A470,0x0045A470,0x14,src/grok_w5_002c.c,jtbl_0045A470,void(u8 *)
jtbl_0045A490,0x0045A490,0x44,src/indirect_dispatch.c,jtbl_0045A490,void(u8 *)
jtbl_0045A4D8,0x0045A4D8,0xC,src/composite_dispatch_heads.c,jtbl_0045A4D8,void(u8 *)
jtbl_0045A4F0,0x0045A4F0,0x38,src/composite_dispatch_heads.c,jtbl_0045A4F0,void(u8 *)
jtbl_0045A530,0x0045A530,0x28,src/composite_dispatch_heads.c,jtbl_0045A530,void(u8 *)
jtbl_0045A560,0x0045A560,0x18,src/composite_dispatch_heads.c,jtbl_0045A560,void(u8 *)
jtbl_0045A580,0x0045A580,0x1c,src/composite_dispatch_heads.c,jtbl_0045A580,void(u8 *)
jtbl_0045A5A0,0x0045A5A0,0xC,src/preaction_dispatch_heads.c,jtbl_0045A5A0,void(u8 *)
jtbl_0045A5B0,0x0045A5B0,0x14,src/composite_dispatch_heads.c,jtbl_0045A5B0,void(u8 *)
jtbl_0045A5C8,0x0045A5C8,0xC,src/argument_dispatch_heads.c,jtbl_0045A5C8,void(u8 *)
jtbl_0045A720,0x0045A720,0x2c,src/preaction_dispatch_heads.c,jtbl_0045A720,void(u8 *)
jtbl_0045A7A0,0x0045A7A0,0x40,src/grok_w5_disp.c,jtbl_0045A7A0,void(u8 *)
jtbl_0045A7F8,0x0045A7F8,0xC,src/composite_dispatch_heads.c,jtbl_0045A7F8,void(u8 *)
jtbl_0045A9C0,0x0045A9C0,0x2c,src/indirect_dispatch.c,jtbl_0045A9C0,void(u8 *)
jtbl_0045A9F0,0x0045A9F0,0xC,src/composite_dispatch_heads.c,jtbl_0045A9F0,void(u8 *)
jtbl_0045AA00,0x0045AA00,0xC,src/composite_dispatch_heads.c,jtbl_0045AA00,void(u8 *)
jtbl_0045AA60,0x0045AA60,0x14,src/grok_w5_002c.c,jtbl_0045AA60,void(u8 *)
jtbl_0045AA80,0x0045AA80,0x34,src/composite_dispatch_heads.c,jtbl_0045AA80,void(u8 *)
jtbl_0045AAC0,0x0045AAC0,0x24,src/composite_dispatch_heads.c,jtbl_0045AAC0,void(u8 *)
jtbl_0045AAF0,0x0045AAF0,0x14,src/composite_dispatch_heads.c,jtbl_0045AAF0,void(u8 *)
jtbl_0045AB08,0x0045AB08,0xC,src/composite_dispatch_heads.c,jtbl_0045AB08,void(u8 *)
jtbl_0045AB18,0x0045AB18,0xC,src/composite_dispatch_heads.c,jtbl_0045AB18,void(u8 *)
jtbl_0045AC80,0x0045AC80,0x2c,src/composite_dispatch_heads.c,jtbl_0045AC80,void(u8 *)
jtbl_0045ACB0,0x0045ACB0,0xC,src/composite_dispatch_heads.c,jtbl_0045ACB0,void(u8 *)
jtbl_0045ACC0,0x0045ACC0,0xC,src/composite_dispatch_heads.c,jtbl_0045ACC0,void(u8 *)
jtbl_0045ACD0,0x0045ACD0,0x34,src/composite_dispatch_heads.c,jtbl_0045ACD0,void(u8 *)
jtbl_0045AD08,0x0045AD08,0xC,src/composite_dispatch_heads.c,jtbl_0045AD08,void(u8 *)
jtbl_0045AD20,0x0045AD20,0x1c,src/composite_dispatch_heads.c,jtbl_0045AD20,void(u8 *)
jtbl_0045AD40,0x0045AD40,0x1c,src/grok_w5_disp.c,jtbl_0045AD40,void(u8 *)
jtbl_0045AD60,0x0045AD60,0xC,src/argument_dispatch_heads.c,jtbl_0045AD60,"void(u8 *, void *)"
jtbl_0045AD70,0x0045AD70,0xC,src/composite_dispatch_heads.c,jtbl_0045AD70,void(u8 *)
jtbl_0045AD80,0x0045AD80,0x2c,src/grok_w5_disp.c,jtbl_0045AD80,void(u8 *)
jtbl_0045ADB0,0x0045ADB0,0xC,src/composite_dispatch_heads.c,jtbl_0045ADB0,void(u8 *)
jtbl_0045ADD0,0x0045ADD0,0xC,src/preaction_dispatch_heads.c,jtbl_0045ADD0,void(u8 *)
jtbl_0045ADF0,0x0045ADF0,0xC,src/composite_dispatch_heads.c,jtbl_0045ADF0,void(u8 *)
jtbl_0045AE00,0x0045AE00,0xC,src/composite_dispatch_heads.c,jtbl_0045AE00,void(u8 *)
jtbl_0045AFE0,0x0045AFE0,0x1c,src/indirect_dispatch.c,jtbl_0045AFE0,void(u8 *)
jtbl_0045B000,0x0045B000,0xC,src/composite_dispatch_heads.c,jtbl_0045B000,void(u8 *)
jtbl_0045B010,0x0045B010,0x44,src/composite_dispatch_heads.c,jtbl_0045B010,void(u8 *)
jtbl_0045B060,0x0045B060,0x44,src/composite_dispatch_heads.c,jtbl_0045B060,void(u8 *)
jtbl_0045B200,0x0045B200,0x3c,src/composite_dispatch_heads.c,jtbl_0045B200,void(u8 *)
jtbl_0045B240,0x0045B240,0xC,src/composite_dispatch_heads.c,jtbl_0045B240,void(u8 *)
jtbl_0045B250,0x0045B250,0x2c,src/composite_dispatch_heads.c,jtbl_0045B250,void(u8 *)
jtbl_0045B280,0x0045B280,0xC,src/composite_dispatch_heads.c,jtbl_0045B280,void(u8 *)
jtbl_0045B2A0,0x0045B2A0,0xC,src/composite_dispatch_heads.c,jtbl_0045B2A0,void(u8 *)
jtbl_0045B2B0,0x0045B2B0,0x14,src/composite_dispatch_heads.c,jtbl_0045B2B0,void(u8 *)
jtbl_0045B2D0,0x0045B2D0,0x2c,src/composite_dispatch_heads.c,jtbl_0045B2D0,void(u8 *)
jtbl_0045B300,0x0045B300,0xC,src/composite_dispatch_heads.c,jtbl_0045B300,void(u8 *)
jtbl_0045B310,0x0045B310,0xC,src/composite_dispatch_heads.c,jtbl_0045B310,void(u8 *)
jtbl_0045B320,0x0045B320,0x14,src/argument_dispatch_heads.c,jtbl_0045B320,void(u8 *)
jtbl_0045B340,0x0045B340,0x14,src/preaction_dispatch_heads.c,jtbl_0045B340,void(u8 *)
jtbl_0045B368,0x0045B368,0xC,src/composite_dispatch_heads.c,jtbl_0045B368,void(u8 *)
jtbl_0045B378,0x0045B378,0xC,src/composite_dispatch_heads.c,jtbl_0045B378,void(u8 *)
jtbl_0045B390,0x0045B390,0x14,src/argument_dispatch_heads.c,jtbl_0045B390,void(u8 *)
jtbl_0045B3A8,0x0045B3A8,0xC,src/argument_dispatch_heads.c,jtbl_0045B3A8,"void(u8 *, void *)"
jtbl_0045B4A0,0x0045B4A0,0x2c,src/composite_dispatch_heads.c,jtbl_0045B4A0,void(u8 *)
jtbl_0045B4D0,0x0045B4D0,0xC,src/composite_dispatch_heads.c,jtbl_0045B4D0,void(u8 *)
jtbl_0045B4E0,0x0045B4E0,0x1c,src/argument_dispatch_heads.c,jtbl_0045B4E0,"void(u8 *, void *)"
jtbl_0045B500,0x0045B500,0xC,src/composite_dispatch_heads.c,jtbl_0045B500,void(u8 *)
jtbl_0045B510,0x0045B510,0xC,src/composite_dispatch_heads.c,jtbl_0045B510,void(u8 *)
jtbl_0045B520,0x0045B520,0xC,src/composite_dispatch_heads.c,jtbl_0045B520,void(u8 *)
jtbl_0045B530,0x0045B530,0xC,src/composite_dispatch_heads.c,jtbl_0045B530,void(u8 *)
jtbl_0045B540,0x0045B540,0xC,src/composite_dispatch_heads.c,jtbl_0045B540,void(u8 *)
jtbl_0045B550,0x0045B550,0xC,src/composite_dispatch_heads.c,jtbl_0045B550,void(u8 *)
jtbl_0045B560,0x0045B560,0x1c,src/composite_dispatch_heads.c,jtbl_0045B560,void(u8 *)
jtbl_0045B598,0x0045B598,0xC,src/composite_dispatch_heads.c,jtbl_0045B598,void(u8 *)
jtbl_0045B5B0,0x0045B5B0,0x44,src/composite_dispatch_heads.c,jtbl_0045B5B0,void(u8 *)
jtbl_0045B600,0x0045B600,0x18,src/composite_dispatch_heads.c,jtbl_0045B600,void(u8 *)
jtbl_0045B620,0x0045B620,0x14,src/composite_dispatch_heads.c,jtbl_0045B620,void(u8 *)
jtbl_0045B638,0x0045B638,0xC,src/composite_dispatch_heads.c,jtbl_0045B638,void(u8 *)
jtbl_0045B690,0x0045B690,0x1c,src/composite_dispatch_heads.c,jtbl_0045B690,void(u8 *)
jtbl_0045B6B0,0x0045B6B0,0xC,src/preaction_dispatch_heads.c,jtbl_0045B6B0,void(u8 *)
jtbl_0045B6C0,0x0045B6C0,0xC,src/argument_dispatch_heads.c,jtbl_0045B6C0,void(u8 *)
jtbl_0045B850,0x0045B850,0x28,src/indirect_dispatch.c,jtbl_0045B850,void(u8 *)
jtbl_0045B880,0x0045B880,0x1c,src/composite_dispatch_heads.c,jtbl_0045B880,void(u8 *)
jtbl_0045B8A0,0x0045B8A0,0xC,src/composite_dispatch_heads.c,jtbl_0045B8A0,void(u8 *)
jtbl_0045B8B0,0x0045B8B0,0x44,src/composite_dispatch_heads.c,jtbl_0045B8B0,void(u8 *)
jtbl_0045B900,0x0045B900,0x1c,src/composite_dispatch_heads.c,jtbl_0045B900,void(u8 *)
jtbl_0045B920,0x0045B920,0xC,src/composite_dispatch_heads.c,jtbl_0045B920,void(u8 *)
jtbl_0045B930,0x0045B930,0x1c,src/composite_dispatch_heads.c,jtbl_0045B930,void(u8 *)
jtbl_0045B950,0x0045B950,0x18,src/composite_dispatch_heads.c,jtbl_0045B950,void(u8 *)
jtbl_0045B970,0x0045B970,0x10,src/composite_dispatch_heads.c,jtbl_0045B970,void(u8 *)
jtbl_0045B9A0,0x0045B9A0,0xC,src/composite_dispatch_heads.c,jtbl_0045B9A0,void(u8 *)
jtbl_0045B9B0,0x0045B9B0,0x1c,src/composite_dispatch_heads.c,jtbl_0045B9B0,void(u8 *)
jtbl_0045B9F0,0x0045B9F0,0xC,src/preaction_dispatch_heads.c,jtbl_0045B9F0,void(u8 *)
jtbl_0045BAF0,0x0045BAF0,0x2c,src/composite_dispatch_heads.c,jtbl_0045BAF0,void(u8 *)
jtbl_0045BB20,0x0045BB20,0xC,src/composite_dispatch_heads.c,jtbl_0045BB20,void(u8 *)
jtbl_0045BB30,0x0045BB30,0x24,src/composite_dispatch_heads.c,jtbl_0045BB30,void(u8 *)
jtbl_0045BC60,0x0045BC60,0x20,src/argument_dispatch_heads.c,jtbl_0045BC60,"void(u8 *, void *)"
jtbl_0045BC90,0x0045BC90,0x3c,src/argument_dispatch_heads.c,jtbl_0045BC90,"void(u8 *, void *)"
jtbl_0045BCD0,0x0045BCD0,0xC,src/composite_dispatch_heads.c,jtbl_0045BCD0,void(u8 *)
jtbl_0045BE80,0x0045BE80,0xC,src/composite_dispatch_heads.c,jtbl_0045BE80,void(u8 *)
jtbl_0045BE90,0x0045BE90,0x14,src/composite_dispatch_heads.c,jtbl_0045BE90,void(u8 *)
jtbl_0045BED0,0x0045BED0,0x38,src/argument_dispatch_heads.c,jtbl_0045BED0,"void(u8 *, void *)"
jtbl_0045BF30,0x0045BF30,0xC,src/composite_dispatch_heads.c,jtbl_0045BF30,void(u8 *)
jtbl_0045BF40,0x0045BF40,0xC,src/composite_dispatch_heads.c,jtbl_0045BF40,void(u8 *)
jtbl_0045BF50,0x0045BF50,0xC,src/composite_dispatch_heads.c,jtbl_0045BF50,void(u8 *)
jtbl_0045BF60,0x0045BF60,0x14,src/composite_dispatch_heads.c,jtbl_0045BF60,void(u8 *)
jtbl_0045BF78,0x0045BF78,0xC,src/composite_dispatch_heads.c,jtbl_0045BF78,void(u8 *)
jtbl_0045BF88,0x0045BF88,0xC,src/grok_w5_disp.c,jtbl_0045BF88,void(u8 *)
jtbl_0045BFA0,0x0045BFA0,0x2c,src/composite_dispatch_heads.c,jtbl_0045BFA0,void(u8 *)
jtbl_0045BFD0,0x0045BFD0,0xC,src/composite_dispatch_heads.c,jtbl_0045BFD0,void(u8 *)
jtbl_0045C0C0,0x0045C0C0,0x2c,src/preaction_dispatch_heads.c,jtbl_0045C0C0,void(u8 *)
jtbl_0045C0F0,0x0045C0F0,0xC,src/composite_dispatch_heads.c,jtbl_0045C0F0,void(u8 *)
jtbl_0045C118,0x0045C118,0xC,src/composite_dispatch_heads.c,jtbl_0045C118,void(u8 *)
jtbl_0045C170,0x0045C170,0x2c,src/composite_dispatch_heads.c,jtbl_0045C170,void(u8 *)
jtbl_0045C1A0,0x0045C1A0,0x14,src/composite_dispatch_heads.c,jtbl_0045C1A0,void(u8 *)
jtbl_0045C1E0,0x0045C1E0,0x24,src/composite_dispatch_heads.c,jtbl_0045C1E0,void(u8 *)
jtbl_0045C210,0x0045C210,0x1c,src/argument_dispatch_heads.c,jtbl_0045C210,"void(u8 *, void *)"
jtbl_0045C230,0x0045C230,0xC,src/argument_dispatch_heads.c,jtbl_0045C230,"void(u8 *, void *)"
jtbl_0045C240,0x0045C240,0xC,src/argument_dispatch_heads.c,jtbl_0045C240,"void(u8 *, void *)"
jtbl_0045C800,0x0045C800,0x14,src/argument_dispatch_heads.c,jtbl_0045C800,void(u8 *)
jtbl_0045C8E0,0x0045C8E0,0x2c,src/composite_dispatch_heads.c,jtbl_0045C8E0,void(u8 *)
jtbl_0045C910,0x0045C910,0xC,src/composite_dispatch_heads.c,jtbl_0045C910,void(u8 *)
jtbl_0045C920,0x0045C920,0xC,src/composite_dispatch_heads.c,jtbl_0045C920,void(u8 *)
jtbl_0045C930,0x0045C930,0xC,src/composite_dispatch_heads.c,jtbl_0045C930,void(u8 *)
jtbl_0045C940,0x0045C940,0xC,src/composite_dispatch_heads.c,jtbl_0045C940,void(u8 *)
jtbl_0045C950,0x0045C950,0xC,src/composite_dispatch_heads.c,jtbl_0045C950,void(u8 *)
jtbl_0045C960,0x0045C960,0xC,src/composite_dispatch_heads.c,jtbl_0045C960,void(u8 *)
jtbl_0045C970,0x0045C970,0xC,src/composite_dispatch_heads.c,jtbl_0045C970,void(u8 *)
jtbl_0045C980,0x0045C980,0xC,src/composite_dispatch_heads.c,jtbl_0045C980,void(u8 *)
jtbl_0045C990,0x0045C990,0x1c,src/composite_dispatch_heads.c,jtbl_0045C990,void(u8 *)
jtbl_0045C9C8,0x0045C9C8,0xC,src/composite_dispatch_heads.c,jtbl_0045C9C8,void(u8 *)
jtbl_0045C9E0,0x0045C9E0,0x14,src/composite_dispatch_heads.c,jtbl_0045C9E0,void(u8 *)
jtbl_0045CA00,0x0045CA00,0x14,src/indirect_dispatch.c,jtbl_0045CA00,void(u8 *)
jtbl_0045CA20,0x0045CA20,0x14,src/composite_dispatch_heads.c,jtbl_0045CA20,void(u8 *)
jtbl_0045CA40,0x0045CA40,0x24,src/composite_dispatch_heads.c,jtbl_0045CA40,void(u8 *)
jtbl_0045CAA0,0x0045CAA0,0x1c,src/composite_dispatch_heads.c,jtbl_0045CAA0,void(u8 *)
jtbl_0045CAC0,0x0045CAC0,0xC,src/preaction_dispatch_heads.c,jtbl_0045CAC0,void(u8 *)
jtbl_0045CAD0,0x0045CAD0,0xC,src/argument_dispatch_heads.c,jtbl_0045CAD0,void(u8 *)
jtbl_0045CBE0,0x0045CBE0,0x2c,src/composite_dispatch_heads.c,jtbl_0045CBE0,void(u8 *)
jtbl_0045CC10,0x0045CC10,0xC,src/composite_dispatch_heads.c,jtbl_0045CC10,void(u8 *)
jtbl_0045CC20,0x0045CC20,0xC,src/composite_dispatch_heads.c,jtbl_0045CC20,void(u8 *)
jtbl_0045CC50,0x0045CC50,0x28,src/composite_dispatch_heads.c,jtbl_0045CC50,void(u8 *)
jtbl_0045CCA0,0x0045CCA0,0x1c,src/argument_dispatch_heads.c,jtbl_0045CCA0,"void(u8 *, void *)"
jtbl_0045CCC0,0x0045CCC0,0x24,src/argument_dispatch_heads.c,jtbl_0045CCC0,"void(u8 *, void *)"
jtbl_0045CCE8,0x0045CCE8,0xC,src/composite_dispatch_heads.c,jtbl_0045CCE8,void(u8 *)
jtbl_0045CD00,0x0045CD00,0x28,src/composite_dispatch_heads.c,jtbl_0045CD00,void(u8 *)
jtbl_0045CE20,0x0045CE20,0x30,src/composite_dispatch_heads.c,jtbl_0045CE20,void(u8 *)
jtbl_0045CF10,0x0045CF10,0x24,src/composite_dispatch_heads.c,jtbl_0045CF10,void(u8 *)
jtbl_0045CF40,0x0045CF40,0x1c,src/composite_dispatch_heads.c,jtbl_0045CF40,void(u8 *)
jtbl_0045CF60,0x0045CF60,0x1c,src/composite_dispatch_heads.c,jtbl_0045CF60,void(u8 *)
jtbl_0045CF80,0x0045CF80,0xC,src/preaction_dispatch_heads.c,jtbl_0045CF80,void(u8 *)
jtbl_0045CFB0,0x0045CFB0,0xC,src/composite_dispatch_heads.c,jtbl_0045CFB0,void(u8 *)
jtbl_0045CFC0,0x0045CFC0,0xC,src/argument_dispatch_heads.c,jtbl_0045CFC0,void(u8 *)
jtbl_0045D130,0x0045D130,0x1c,src/indirect_dispatch.c,jtbl_0045D130,void(u8 *)
jtbl_0045D150,0x0045D150,0x1c,src/composite_dispatch_heads.c,jtbl_0045D150,void(u8 *)
jtbl_0045D170,0x0045D170,0xC,src/composite_dispatch_heads.c,jtbl_0045D170,void(u8 *)
jtbl_0045D1A0,0x0045D1A0,0x2c,src/composite_dispatch_heads.c,jtbl_0045D1A0,void(u8 *)
jtbl_0045D1D0,0x0045D1D0,0xC,src/grok_w5_disp.c,jtbl_0045D1D0,void(u8 *)
jtbl_0045D250,0x0045D250,0xC,src/composite_dispatch_heads.c,jtbl_0045D250,void(u8 *)
jtbl_0045D340,0x0045D340,0x2c,src/composite_dispatch_heads.c,jtbl_0045D340,void(u8 *)
jtbl_0045D370,0x0045D370,0xC,src/indirect_dispatch.c,jtbl_0045D370,void(u8 *)
jtbl_0045D380,0x0045D380,0xC,src/composite_dispatch_heads.c,jtbl_0045D380,void(u8 *)
jtbl_0045D390,0x0045D390,0xC,src/composite_dispatch_heads.c,jtbl_0045D390,void(u8 *)
jtbl_0045D3A0,0x0045D3A0,0xC,src/composite_dispatch_heads.c,jtbl_0045D3A0,void(u8 *)
jtbl_0045D3B0,0x0045D3B0,0xC,src/composite_dispatch_heads.c,jtbl_0045D3B0,void(u8 *)
jtbl_0045D3C0,0x0045D3C0,0xC,src/grok_w5_disp.c,jtbl_0045D3C0,void(u8 *)
jtbl_0045D3D0,0x0045D3D0,0xC,src/composite_dispatch_heads.c,jtbl_0045D3D0,void(u8 *)
jtbl_0045D3E0,0x0045D3E0,0x14,src/argument_dispatch_heads.c,jtbl_0045D3E0,"void(u8 *, void *)"
jtbl_0045D3F8,0x0045D3F8,0xC,src/composite_dispatch_heads.c,jtbl_0045D3F8,void(u8 *)
jtbl_0045D408,0x0045D408,0xC,src/composite_dispatch_heads.c,jtbl_0045D408,void(u8 *)
jtbl_0045D438,0x0045D438,0xC,src/composite_dispatch_heads.c,jtbl_0045D438,void(u8 *)
jtbl_0045D490,0x0045D490,0x1c,src/composite_dispatch_heads.c,jtbl_0045D490,void(u8 *)
jtbl_0045D4B0,0x0045D4B0,0x18,src/composite_dispatch_heads.c,jtbl_0045D4B0,void(u8 *)
jtbl_0045D4D0,0x0045D4D0,0x1c,src/composite_dispatch_heads.c,jtbl_0045D4D0,void(u8 *)
jtbl_0045D4F0,0x0045D4F0,0x18,src/composite_dispatch_heads.c,jtbl_0045D4F0,void(u8 *)
jtbl_0045D510,0x0045D510,0x24,src/composite_dispatch_heads.c,jtbl_0045D510,void(u8 *)
jtbl_0045D538,0x0045D538,0xC,src/composite_dispatch_heads.c,jtbl_0045D538,void(u8 *)
jtbl_0045D560,0x0045D560,0x34,src/composite_dispatch_heads.c,jtbl_0045D560,void(u8 *)
jtbl_0045D598,0x0045D598,0xC,src/composite_dispatch_heads.c,jtbl_0045D598,void(u8 *)
jtbl_0045D5B0,0x0045D5B0,0x14,src/composite_dispatch_heads.c,jtbl_0045D5B0,void(u8 *)
jtbl_0045D5D0,0x0045D5D0,0x24,src/argument_dispatch_heads.c,jtbl_0045D5D0,"void(u8 *, void *)"
jtbl_0045D600,0x0045D600,0x24,src/composite_dispatch_heads.c,jtbl_0045D600,void(u8 *)
jtbl_0045D7B0,0x0045D7B0,0x2c,src/indirect_dispatch.c,jtbl_0045D7B0,void(u8 *)
jtbl_0045D7E0,0x0045D7E0,0x14,src/composite_dispatch_heads.c,jtbl_0045D7E0,void(u8 *)
jtbl_0045D800,0x0045D800,0x38,src/indirect_dispatch.c,jtbl_0045D800,void(u8 *)
jtbl_0045D840,0x0045D840,0x1c,src/composite_dispatch_heads.c,jtbl_0045D840,void(u8 *)
jtbl_0045D860,0x0045D860,0x48,src/composite_dispatch_heads.c,jtbl_0045D860,void(u8 *)
jtbl_0045D8B0,0x0045D8B0,0x18,src/composite_dispatch_heads.c,jtbl_0045D8B0,void(u8 *)
jtbl_0045D910,0x0045D910,0xC,src/composite_dispatch_heads.c,jtbl_0045D910,void(u8 *)
jtbl_0045D958,0x0045D958,0xC,src/composite_dispatch_heads.c,jtbl_0045D958,void(u8 *)
jtbl_0045D968,0x0045D968,0xC,src/composite_dispatch_heads.c,jtbl_0045D968,void(u8 *)
jtbl_0045DAE0,0x0045DAE0,0x3c,src/composite_dispatch_heads.c,jtbl_0045DAE0,void(u8 *)
jtbl_0045DB20,0x0045DB20,0xC,src/composite_dispatch_heads.c,jtbl_0045DB20,void(u8 *)
jtbl_0045DB30,0x0045DB30,0xC,src/composite_dispatch_heads.c,jtbl_0045DB30,void(u8 *)
jtbl_0045DB40,0x0045DB40,0x34,src/composite_dispatch_heads.c,jtbl_0045DB40,void(u8 *)
jtbl_0045DB78,0x0045DB78,0xC,src/grok_w5_disp.c,jtbl_0045DB78,void(u8 *)
jtbl_0045DB90,0x0045DB90,0x2c,src/composite_dispatch_heads.c,jtbl_0045DB90,void(u8 *)
jtbl_0045DBC0,0x0045DBC0,0x1c,src/composite_dispatch_heads.c,jtbl_0045DBC0,void(u8 *)
jtbl_0045DBE0,0x0045DBE0,0xC,src/composite_dispatch_heads.c,jtbl_0045DBE0,void(u8 *)
jtbl_0045DBF0,0x0045DBF0,0xC,src/composite_dispatch_heads.c,jtbl_0045DBF0,void(u8 *)
jtbl_0045DC00,0x0045DC00,0xC,src/grok_w5_disp.c,jtbl_0045DC00,void(u8 *)
jtbl_0045DC10,0x0045DC10,0x14,src/argument_dispatch_heads.c,jtbl_0045DC10,"void(u8 *, void *)"
jtbl_0045DC28,0x0045DC28,0xC,src/composite_dispatch_heads.c,jtbl_0045DC28,void(u8 *)
jtbl_0045DC38,0x0045DC38,0xC,src/grok_w5_disp.c,jtbl_0045DC38,void(u8 *)
jtbl_0045DC48,0x0045DC48,0xC,src/composite_dispatch_heads.c,jtbl_0045DC48,void(u8 *)
jtbl_0045DC58,0x0045DC58,0xC,src/preaction_dispatch_heads.c,jtbl_0045DC58,void(u8 *)
jtbl_0045DC68,0x0045DC68,0xC,src/composite_dispatch_heads.c,jtbl_0045DC68,void(u8 *)
jtbl_0045DC78,0x0045DC78,0xC,src/composite_dispatch_heads.c,jtbl_0045DC78,void(u8 *)
jtbl_0045DEB0,0x0045DEB0,0x2c,src/indirect_dispatch.c,jtbl_0045DEB0,void(u8 *)
jtbl_0045DF98,0x0045DF98,0xC,src/composite_dispatch_heads.c,jtbl_0045DF98,void(u8 *)
jtbl_0045DFB0,0x0045DFB0,0x14,src/composite_dispatch_heads.c,jtbl_0045DFB0,void(u8 *)
jtbl_0045E040,0x0045E040,0x14,src/composite_dispatch_heads.c,jtbl_0045E040,void(u8 *)
jtbl_0045E060,0x0045E060,0x24,src/composite_dispatch_heads.c,jtbl_0045E060,void(u8 *)
jtbl_0045E0D0,0x0045E0D0,0x18,src/composite_dispatch_heads.c,jtbl_0045E0D0,void(u8 *)
jtbl_0045E120,0x0045E120,0xe0,src/composite_dispatch_heads.c,jtbl_0045E120,void(u8 *)
jtbl_0045E878,0x0045E878,0xC,src/indirect_dispatch.c,jtbl_0045E878,void(u8 *)
jtbl_0045E888,0x0045E888,0xC,src/indirect_dispatch.c,jtbl_0045E888,void(u8 *)
jtbl_0045E898,0x0045E898,0xC,src/grok_w7_0032.c,jtbl_0045E898,void(u8 *)
jtbl_0045E8B8,0x0045E8B8,0xC,src/indirect_dispatch.c,jtbl_0045E8B8,void(u8 *)
jtbl_0045E8C8,0x0045E8C8,0xC,src/indirect_dispatch.c,jtbl_0045E8C8,void(u8 *)
jtbl_0045E8D8,0x0045E8D8,0xC,src/indirect_dispatch.c,jtbl_0045E8D8,void(u8 *)
jtbl_0045E8F0,0x0045E8F0,0x4c,src/composite_dispatch_heads.c,jtbl_0045E8F0,void(u8 *)
jtbl_0045E980,0x0045E980,0x2c,src/composite_dispatch_heads.c,jtbl_0045E980,void(u8 *)
jtbl_0045E9F0,0x0045E9F0,0x10,src/composite_dispatch_heads.c,jtbl_0045E9F0,void(u8 *)
jtbl_0045FB80,0x0045FB80,0x18,src/composite_dispatch_heads.c,jtbl_0045FB80,void(u8 *)
jtbl_00461E00,0x00461E00,0x64,src/grok_w5_0034.c,D_00461E00,void(u8 *)
jtbl_00461E90,0x00461E90,0x40,src/composite_dispatch_heads.c,jtbl_00461E90,void(u8 *)
jtbl_00461F30,0x00461F30,0x18,src/composite_dispatch_heads.c,jtbl_00461F30,void(u8 *)
jtbl_00461F50,0x00461F50,0x10,src/argument_dispatch_heads.c,jtbl_00461F50,"void(u8 *, void *)"
jtbl_00461FF0,0x00461FF0,0x1c,src/composite_dispatch_heads.c,jtbl_00461FF0,void(u8 *)
jtbl_00462010,0x00462010,0xC,src/composite_dispatch_heads.c,jtbl_00462010,void(u8 *)
jtbl_00462020,0x00462020,0x5c,src/composite_dispatch_heads.c,jtbl_00462020,void(u8 *)
jtbl_00462080,0x00462080,0x10,src/composite_dispatch_heads.c,jtbl_00462080,void(u8 *)
jtbl_00462180,0x00462180,0x24,src/composite_dispatch_heads.c,jtbl_00462180,void(u8 *)
jtbl_00462350,0x00462350,0xC,src/grok_w5_disp.c,jtbl_00462350,void(u8 *)
jtbl_00462360,0x00462360,0x1c,src/composite_dispatch_heads.c,jtbl_00462360,void(u8 *)
jtbl_00462490,0x00462490,0x1c,src/composite_dispatch_heads.c,jtbl_00462490,void(u8 *)
jtbl_004624B0,0x004624B0,0xC,src/composite_dispatch_heads.c,jtbl_004624B0,void(u8 *)
jtbl_004624C0,0x004624C0,0x20,src/composite_dispatch_heads.c,jtbl_004624C0,void(u8 *)
jtbl_00462AC0,0x00462AC0,0x10,src/argument_dispatch_heads.c,jtbl_00462AC0,"void(u8 *, void *)"
jtbl_00462B50,0x00462B50,0x1c,src/composite_dispatch_heads.c,jtbl_00462B50,void(u8 *)
jtbl_00462B70,0x00462B70,0xC,src/composite_dispatch_heads.c,jtbl_00462B70,void(u8 *)
jtbl_00462B80,0x00462B80,0xC,src/composite_dispatch_heads.c,jtbl_00462B80,void(u8 *)
jtbl_00462BA0,0x00462BA0,0xC,src/argument_dispatch_heads.c,jtbl_00462BA0,"void(u8 *, void *)"
jtbl_00462BB0,0x00462BB0,0x28,src/composite_dispatch_heads.c,jtbl_00462BB0,void(u8 *)
jtbl_00462BE0,0x00462BE0,0x20,src/composite_dispatch_heads.c,jtbl_00462BE0,void(u8 *)
jtbl_00462C50,0x00462C50,0x10,src/grok_w5_0034.c,D_00462C50,void(u8 *)
jtbl_00462D40,0x00462D40,0x1c,src/grok_w5_0034.c,D_00462D40,void(u8 *)
jtbl_00462D60,0x00462D60,0xC,src/composite_dispatch_heads.c,jtbl_00462D60,void(u8 *)
jtbl_00462D70,0x00462D70,0xC,src/grok_w5_disp.c,jtbl_00462D70,void(u8 *)
jtbl_00462DA0,0x00462DA0,0x30,src/composite_dispatch_heads.c,jtbl_00462DA0,void(u8 *)
jtbl_00463070,0x00463070,0x20,src/composite_dispatch_heads.c,jtbl_00463070,void(u8 *)
jtbl_00463100,0x00463100,0xC,src/indirect_dispatch.c,jtbl_00463100,void(u8 *)
jtbl_00463110,0x00463110,0xC,src/composite_dispatch_heads.c,jtbl_00463110,void(u8 *)
jtbl_00463120,0x00463120,0xC,src/composite_dispatch_heads.c,jtbl_00463120,void(u8 *)
jtbl_004631B0,0x004631B0,0x24,src/argument_dispatch_heads.c,jtbl_004631B0,"void(u8 *, void *)"
jtbl_00463208,0x00463208,0xC,src/argument_dispatch_heads.c,jtbl_00463208,"void(u8 *, void *)"
jtbl_00463218,0x00463218,0xC,src/composite_dispatch_heads.c,jtbl_00463218,void(u8 *)
jtbl_00463228,0x00463228,0xC,src/argument_dispatch_heads.c,jtbl_00463228,"void(u8 *, void *)"
jtbl_004632B0,0x004632B0,0xC,src/argument_dispatch_heads.c,jtbl_004632B0,"void(u8 *, void *)"
jtbl_004632E0,0x004632E0,0x70,src/composite_dispatch_heads.c,jtbl_004632E0,void(u8 *)
jtbl_00463360,0x00463360,0xC,src/argument_dispatch_heads.c,jtbl_00463360,"void(u8 *, void *)"
jtbl_004633B0,0x004633B0,0x1c,src/argument_dispatch_heads.c,jtbl_004633B0,"void(u8 *, void *)"
jtbl_00463408,0x00463408,0xC,src/argument_dispatch_heads.c,jtbl_00463408,"void(u8 *, void *)"
jtbl_00463418,0x00463418,0xC,src/composite_dispatch_heads.c,jtbl_00463418,void(u8 *)
jtbl_00463430,0x00463430,0x20,src/grok_w5_disp.c,jtbl_00463430,void(u8 *)
jtbl_00463510,0x00463510,0x2c,src/composite_dispatch_heads.c,jtbl_00463510,void(u8 *)
jtbl_00463580,0x00463580,0x20,src/composite_dispatch_heads.c,jtbl_00463580,void(u8 *)
jtbl_004635C0,0x004635C0,0x50,src/composite_dispatch_heads.c,jtbl_004635C0,void(u8 *)
jtbl_00463620,0x00463620,0x10,src/composite_dispatch_heads.c,jtbl_00463620,void(u8 *)
jtbl_004636A0,0x004636A0,0x4c,src/composite_dispatch_heads.c,jtbl_004636A0,void(u8 *)
jtbl_00463700,0x00463700,0x1c,src/composite_dispatch_heads.c,jtbl_00463700,void(u8 *)
jtbl_00463740,0x00463740,0xC,src/composite_dispatch_heads.c,jtbl_00463740,void(u8 *)
jtbl_00463820,0x00463820,0x40,src/composite_dispatch_heads.c,jtbl_00463820,void(u8 *)
jtbl_00463980,0x00463980,0x90,src/composite_dispatch_heads.c,jtbl_00463980,void(u8 *)
jtbl_00463AA0,0x00463AA0,0x3c,src/composite_dispatch_heads.c,jtbl_00463AA0,void(u8 *)
jtbl_00463B10,0x00463B10,0x14,src/composite_dispatch_heads.c,jtbl_00463B10,void(u8 *)
jtbl_00463D00,0x00463D00,0x74,src/composite_dispatch_heads.c,jtbl_00463D00,void(u8 *)
jtbl_00463E10,0x00463E10,0x24,src/composite_dispatch_heads.c,jtbl_00463E10,void(u8 *)
jtbl_00463E38,0x00463E38,0xC,src/composite_dispatch_heads.c,jtbl_00463E38,void(u8 *)
jtbl_00463E50,0x00463E50,0x2c,src/argument_dispatch_heads.c,jtbl_00463E50,"void(u8 *, void *)"
jtbl_00463F70,0x00463F70,0x24,src/grok_w5_disp.c,jtbl_00463F70,void(u8 *)
jtbl_00463FA0,0x00463FA0,0x2c,src/composite_dispatch_heads.c,jtbl_00463FA0,void(u8 *)
jtbl_00463FF0,0x00463FF0,0x3c,src/composite_dispatch_heads.c,jtbl_00463FF0,void(u8 *)
jtbl_00464100,0x00464100,0x6c,src/composite_dispatch_heads.c,jtbl_00464100,void(u8 *)
jtbl_00464170,0x00464170,0x5c,src/composite_dispatch_heads.c,jtbl_00464170,void(u8 *)
jtbl_004641D0,0x004641D0,0x10,src/argument_dispatch_heads.c,jtbl_004641D0,"void(u8 *, void *)"
jtbl_00464220,0x00464220,0x20,src/argument_dispatch_heads.c,jtbl_00464220,"void(u8 *, void *)"
jtbl_00464260,0x00464260,0x10,src/composite_dispatch_heads.c,jtbl_00464260,void(u8 *)
jtbl_00464290,0x00464290,0x2c,src/composite_dispatch_heads.c,jtbl_00464290,void(u8 *)
jtbl_00464360,0x00464360,0x34,src/composite_dispatch_heads.c,jtbl_00464360,void(u8 *)
jtbl_00464440,0x00464440,0x10,src/composite_dispatch_heads.c,jtbl_00464440,void(u8 *)
jtbl_00464550,0x00464550,0x30,src/composite_dispatch_heads.c,jtbl_00464550,void(u8 *)
jtbl_004645A0,0x004645A0,0x24,src/composite_dispatch_heads.c,jtbl_004645A0,void(u8 *)
jtbl_004645D0,0x004645D0,0x20,src/grok_w5_disp.c,jtbl_004645D0,void(u8 *)
jtbl_00464600,0x00464600,0xc0,src/composite_dispatch_heads.c,jtbl_00464600,void(u8 *)
jtbl_004646E0,0x004646E0,0x50,src/composite_dispatch_heads.c,jtbl_004646E0,void(u8 *)
jtbl_00464740,0x00464740,0x1c,src/composite_dispatch_heads.c,jtbl_00464740,void(u8 *)
jtbl_00464760,0x00464760,0x10,src/composite_dispatch_heads.c,jtbl_00464760,void(u8 *)
jtbl_004647B0,0x004647B0,0x10,src/composite_dispatch_heads.c,jtbl_004647B0,void(u8 *)
jtbl_00464810,0x00464810,0x10,src/composite_dispatch_heads.c,jtbl_00464810,void(u8 *)
jtbl_00464870,0x00464870,0x10,src/composite_dispatch_heads.c,jtbl_00464870,void(u8 *)
jtbl_004648B0,0x004648B0,0x20,src/composite_dispatch_heads.c,jtbl_004648B0,void(u8 *)
jtbl_00464960,0x00464960,0x2c,src/composite_dispatch_heads.c,jtbl_00464960,void(u8 *)
jtbl_004649C0,0x004649C0,0xC,src/composite_dispatch_heads.c,jtbl_004649C0,void(u8 *)
jtbl_00464A00,0x00464A00,0x1c,src/composite_dispatch_heads.c,jtbl_00464A00,void(u8 *)
jtbl_00464A20,0x00464A20,0x10,src/composite_dispatch_heads.c,jtbl_00464A20,void(u8 *)
jtbl_00464AE0,0x00464AE0,0x48,src/composite_dispatch_heads.c,jtbl_00464AE0,void(u8 *)
jtbl_00464B70,0x00464B70,0x24,src/composite_dispatch_heads.c,jtbl_00464B70,void(u8 *)
jtbl_00464C00,0x00464C00,0x2c,src/composite_dispatch_heads.c,jtbl_00464C00,void(u8 *)
jtbl_00464C80,0x00464C80,0x10,src/composite_dispatch_heads.c,jtbl_00464C80,void(u8 *)
jtbl_004719F0,0x004719F0,0x24,src/composite_dispatch_heads.c,jtbl_004719F0,void(u8 *)
jtbl_00471A18,0x00471A18,0xC,src/composite_dispatch_heads.c,jtbl_00471A18,void(u8 *)
jtbl_00471A30,0x00471A30,0x60,src/composite_dispatch_heads.c,jtbl_00471A30,void(u8 *)
jtbl_00471AC0,0x00471AC0,0x24,src/composite_dispatch_heads.c,jtbl_00471AC0,void(u8 *)
jtbl_00471B70,0x00471B70,0x40,src/argument_dispatch_heads.c,jtbl_00471B70,"void(u8 *, void *)"
jtbl_00472220,0x00472220,0x2c,src/composite_dispatch_heads.c,jtbl_00472220,void(u8 *)
jtbl_00472250,0x00472250,0x2c,src/composite_dispatch_heads.c,jtbl_00472250,void(u8 *)
jtbl_00472280,0x00472280,0x2c,src/composite_dispatch_heads.c,jtbl_00472280,void(u8 *)
jtbl_00472330,0x00472330,0x10,src/composite_dispatch_heads.c,jtbl_00472330,void(u8 *)
jtbl_00472350,0x00472350,0x20,src/composite_dispatch_heads.c,jtbl_00472350,void(u8 *)
jtbl_00472410,0x00472410,0x5c,src/argument_dispatch_heads.c,jtbl_00472410,"void(u8 *, void *)"
jtbl_004724D0,0x004724D0,0x1c,src/composite_dispatch_heads.c,jtbl_004724D0,void(u8 *)
jtbl_004724F0,0x004724F0,0xC,src/grok_w5_disp.c,jtbl_004724F0,void(u8 *)
jtbl_00472500,0x00472500,0xC,src/composite_dispatch_heads.c,jtbl_00472500,void(u8 *)
jtbl_00472510,0x00472510,0xC,src/composite_dispatch_heads.c,jtbl_00472510,void(u8 *)
jtbl_00472520,0x00472520,0x14,src/composite_dispatch_heads.c,jtbl_00472520,void(u8 *)
jtbl_00472630,0x00472630,0xC,src/composite_dispatch_heads.c,jtbl_00472630,void(u8 *)
jtbl_00472640,0x00472640,0x1c,src/grok_w5_disp.c,jtbl_00472640,void(u8 *)
jtbl_00472660,0x00472660,0x3c,src/composite_dispatch_heads.c,jtbl_00472660,void(u8 *)
jtbl_00472700,0x00472700,0xC,src/composite_dispatch_heads.c,jtbl_00472700,void(u8 *)
jtbl_00472760,0x00472760,0x1c,src/composite_dispatch_heads.c,jtbl_00472760,void(u8 *)
jtbl_00472790,0x00472790,0xC,src/composite_dispatch_heads.c,jtbl_00472790,void(u8 *)
jtbl_004727A0,0x004727A0,0x4c,src/composite_dispatch_heads.c,jtbl_004727A0,void(u8 *)
jtbl_004728A0,0x004728A0,0x20,src/argument_dispatch_heads.c,jtbl_004728A0,"void(u8 *, void *)"
jtbl_004729E0,0x004729E0,0x28,src/argument_dispatch_heads.c,jtbl_004729E0,"void(u8 *, void *)"
jtbl_00472A40,0x00472A40,0x10,src/argument_dispatch_heads.c,jtbl_00472A40,"void(u8 *, void *)"
jtbl_00472A90,0x00472A90,0xC,src/argument_dispatch_heads.c,jtbl_00472A90,"void(u8 *, void *)"
jtbl_00472AE8,0x00472AE8,0xC,src/composite_dispatch_heads.c,jtbl_00472AE8,void(u8 *)
jtbl_00472AF8,0x00472AF8,0xC,src/composite_dispatch_heads.c,jtbl_00472AF8,void(u8 *)
jtbl_00472CD0,0x00472CD0,0x14,src/composite_dispatch_heads.c,jtbl_00472CD0,void(u8 *)
jtbl_00472D10,0x00472D10,0xC,src/argument_dispatch_heads.c,jtbl_00472D10,"void(u8 *, void *)"
jtbl_00472D20,0x00472D20,0x1c,src/composite_dispatch_heads.c,jtbl_00472D20,void(u8 *)
jtbl_00472D50,0x00472D50,0xC,src/argument_dispatch_heads.c,jtbl_00472D50,"void(u8 *, void *)"
jtbl_00472D80,0x00472D80,0x20,src/composite_dispatch_heads.c,jtbl_00472D80,void(u8 *)
jtbl_00472DF0,0x00472DF0,0x1c,src/grok_w5_disp.c,jtbl_00472DF0,void(u8 *)
jtbl_00472E10,0x00472E10,0x30,src/composite_dispatch_heads.c,jtbl_00472E10,void(u8 *)
jtbl_00472E50,0x00472E50,0xC,src/argument_dispatch_heads.c,jtbl_00472E50,"void(u8 *, void *)"
jtbl_00472E90,0x00472E90,0x10,src/composite_dispatch_heads.c,jtbl_00472E90,void(u8 *)
jtbl_00472EF0,0x00472EF0,0x14,src/composite_dispatch_heads.c,jtbl_00472EF0,void(u8 *)
jtbl_00472F20,0x00472F20,0x30,src/grok_w5_disp.c,jtbl_00472F20,void(u8 *)
jtbl_00472FC0,0x00472FC0,0x10,src/argument_dispatch_heads.c,jtbl_00472FC0,"void(u8 *, void *)"
jtbl_004730B0,0x004730B0,0x30,src/composite_dispatch_heads.c,jtbl_004730B0,void(u8 *)
jtbl_004731C0,0x004731C0,0x10,src/composite_dispatch_heads.c,jtbl_004731C0,void(u8 *)
jtbl_00473A70,0x00473A70,0x34,src/argument_dispatch_heads.c,jtbl_00473A70,"void(u8 *, void *)"
jtbl_00473AD0,0x00473AD0,0x28,src/composite_dispatch_heads.c,jtbl_00473AD0,void(u8 *)
jtbl_00473C40,0x00473C40,0x1c,src/grok_w5_disp.c,jtbl_00473C40,void(u8 *)
jtbl_00473CA0,0x00473CA0,0x1c,src/grok_w5_disp.c,jtbl_00473CA0,void(u8 *)
jtbl_00473CC0,0x00473CC0,0xC,src/composite_dispatch_heads.c,jtbl_00473CC0,void(u8 *)
jtbl_00473CD0,0x00473CD0,0xC,src/argument_dispatch_heads.c,jtbl_00473CD0,"void(u8 *, void *)"
jtbl_00473D00,0x00473D00,0x20,src/composite_dispatch_heads.c,jtbl_00473D00,void(u8 *)
jtbl_00473D70,0x00473D70,0x1c,src/grok_w5_disp.c,jtbl_00473D70,void(u8 *)
jtbl_00473D90,0x00473D90,0x4c,src/composite_dispatch_heads.c,jtbl_00473D90,void(u8 *)
jtbl_00473DE0,0x00473DE0,0x1c,src/composite_dispatch_heads.c,jtbl_00473DE0,void(u8 *)
jtbl_00473E60,0x00473E60,0x10,src/composite_dispatch_heads.c,jtbl_00473E60,void(u8 *)
jtbl_00473E80,0x00473E80,0x10,src/argument_dispatch_heads.c,jtbl_00473E80,"void(u8 *, void *)"
jtbl_004740F0,0x004740F0,0x10,src/argument_dispatch_heads.c,jtbl_004740F0,"void(u8 *, void *)"
jtbl_00474140,0x00474140,0x20,src/argument_dispatch_heads.c,jtbl_00474140,"void(u8 *, void *)"
jtbl_00474180,0x00474180,0x20,src/argument_dispatch_heads.c,jtbl_00474180,"void(u8 *, void *)"
jtbl_00474260,0x00474260,0x10,src/grok_w3_003a.c,jtbl_00474260,void(u8 *)
jtbl_00474290,0x00474290,0x20,src/grok_w3_003a.c,jtbl_00474290,void(u8 *)
jtbl_00474300,0x00474300,0x1c,src/composite_dispatch_heads.c,jtbl_00474300,void(u8 *)
jtbl_00474330,0x00474330,0xC,src/composite_dispatch_heads.c,jtbl_00474330,void(u8 *)
jtbl_00474350,0x00474350,0x10,src/composite_dispatch_heads.c,jtbl_00474350,void(u8 *)
jtbl_00474460,0x00474460,0x28,src/grok_w3_003a.c,jtbl_00474460,void(u8 *)
jtbl_004744A0,0x004744A0,0x18,src/composite_dispatch_heads.c,jtbl_004744A0,void(u8 *)
jtbl_004744C0,0x004744C0,0x14,src/grok_w5_disp.c,jtbl_004744C0,void(u8 *)
jtbl_004744E0,0x004744E0,0x70,src/grok_w3_003a.c,jtbl_004744E0,void(u8 *)
jtbl_00474570,0x00474570,0x20,src/composite_dispatch_heads.c,jtbl_00474570,void(u8 *)
jtbl_00474690,0x00474690,0x30,src/composite_dispatch_heads.c,jtbl_00474690,void(u8 *)
jtbl_00475AD0,0x00475AD0,0x34,src/composite_dispatch_heads.c,jtbl_00475AD0,void(u8 *)
jtbl_00475B30,0x00475B30,0x28,src/argument_dispatch_heads.c,jtbl_00475B30,"void(u8 *, void *)"
jtbl_00475BA0,0x00475BA0,0xC,src/composite_dispatch_heads.c,jtbl_00475BA0,void(u8 *)
jtbl_00475BB0,0x00475BB0,0x10,src/argument_dispatch_heads.c,jtbl_00475BB0,"void(u8 *, void *)"
jtbl_00475BE0,0x00475BE0,0x20,src/argument_dispatch_heads.c,jtbl_00475BE0,"void(u8 *, void *)"
jtbl_00475C90,0x00475C90,0x10,src/composite_dispatch_heads.c,jtbl_00475C90,void(u8 *)
jtbl_00475CE0,0x00475CE0,0x28,src/composite_dispatch_heads.c,jtbl_00475CE0,void(u8 *)
jtbl_00475D10,0x00475D10,0x9c,src/composite_dispatch_heads.c,jtbl_00475D10,void(u8 *)
jtbl_00475E80,0x00475E80,0x20,src/composite_dispatch_heads.c,jtbl_00475E80,void(u8 *)
jtbl_00475EF0,0x00475EF0,0x5c,src/argument_dispatch_heads.c,jtbl_00475EF0,"void(u8 *, void *)"
jtbl_00476010,0x00476010,0xc8,src/composite_dispatch_heads.c,jtbl_00476010,void(u8 *)
jtbl_004761F0,0x004761F0,0x24,src/composite_dispatch_heads.c,jtbl_004761F0,void(u8 *)
jtbl_00476220,0x00476220,0x20,src/composite_dispatch_heads.c,jtbl_00476220,void(u8 *)
jtbl_00476530,0x00476530,0x10,src/argument_dispatch_heads.c,jtbl_00476530,"void(u8 *, void *)"
jtbl_00476640,0x00476640,0xC,src/composite_dispatch_heads.c,jtbl_00476640,void(u8 *)
jtbl_00476650,0x00476650,0x10,src/argument_dispatch_heads.c,jtbl_00476650,"void(u8 *, void *)"
jtbl_00476680,0x00476680,0x30,src/argument_dispatch_heads.c,jtbl_00476680,"void(u8 *, void *)"
jtbl_004A6CD0,0x004A6CD0,0x10,src/composite_dispatch_heads.c,jtbl_004A6CD0,void(u8 *)
jtbl_004A6D20,0x004A6D20,0x0C,src/composite_dispatch_heads.c,jtbl_004A6D20,void(u8 *)
jtbl_004A6D30,0x004A6D30,0x10,src/composite_dispatch_heads.c,jtbl_004A6D30,void(u8 *)
jtbl_004A6D40,0x004A6D40,0x10,src/composite_dispatch_heads.c,jtbl_004A6D40,void(u8 *)
jtbl_004BF360,0x004BF360,0x8,src/composite_gp_dispatch_heads.c,jtbl_004BF360,void(u8 *)
jtbl_004BF370,0x004BF370,0x8,src/composite_gp_dispatch_heads.c,jtbl_004BF370,void(u8 *)
jtbl_004BF388,0x004BF388,0x10,src/composite_gp_dispatch_heads.c,jtbl_004BF388,void(u8 *)
jtbl_004BF3F8,0x004BF3F8,0x8,src/composite_gp_dispatch_heads.c,jtbl_004BF3F8,void(u8 *)
jtbl_004BF450,0x004BF450,0x30,src/composite_gp_dispatch_heads.c,jtbl_004BF450,void(u8 *)
jtbl_004BF520,0x004BF520,0x14,src/gp_dispatch.c,jtbl_004BF520,void(u8 *)
jtbl_004BF5B8,0x004BF5B8,0x18,src/preaction_dispatch_heads.c,jtbl_004BF5B8,void(u8 *)
jtbl_004BF690,0x004BF690,0x8,src/composite_gp_dispatch_heads.c,jtbl_004BF690,void(u8 *)
jtbl_004BF6A0,0x004BF6A0,0x8,src/argument_dispatch_heads.c,jtbl_004BF6A0,"void(u8 *, void *)"
jtbl_004BF828,0x004BF828,0x2c,src/composite_gp_dispatch_heads.c,jtbl_004BF828,void(u8 *)
jtbl_004BF858,0x004BF858,0x14,src/grok_w7_001a.c,jtbl_004BF858,void(u8 *)
jtbl_004BF870,0x004BF870,0x44,src/composite_gp_dispatch_heads.c,jtbl_004BF870,void(u8 *)
jtbl_004BF8B8,0x004BF8B8,0xa0,src/composite_gp_dispatch_heads.c,jtbl_004BF8B8,void(u8 *)
jtbl_004BF960,0x004BF960,0x78,src/composite_gp_dispatch_heads.c,jtbl_004BF960,void(u8 *)
jtbl_004BF9E0,0x004BF9E0,0x40,src/composite_gp_dispatch_heads.c,jtbl_004BF9E0,void(u8 *)
jtbl_004BFA28,0x004BFA28,0x10,src/composite_gp_dispatch_heads.c,jtbl_004BFA28,void(u8 *)
jtbl_004BFA50,0x004BFA50,0x20,src/grok_w5_disp.c,jtbl_004BFA50,void(u8 *)
jtbl_004BFA80,0x004BFA80,0x8,src/composite_gp_dispatch_heads.c,jtbl_004BFA80,void(u8 *)
jtbl_004BFB40,0x004BFB40,0x8,src/composite_gp_dispatch_heads.c,jtbl_004BFB40,void(u8 *)
jtbl_004BFB68,0x004BFB68,0x8,src/composite_gp_dispatch_heads.c,jtbl_004BFB68,void(u8 *)
jtbl_004BFBB8,0x004BFBB8,0x64,src/composite_gp_dispatch_heads.c,jtbl_004BFBB8,void(u8 *)
jtbl_004BFC38,0x004BFC38,0x10,src/composite_gp_dispatch_heads.c,jtbl_004BFC38,void(u8 *)
jtbl_004BFCB8,0x004BFCB8,0x10,src/composite_gp_dispatch_heads.c,jtbl_004BFCB8,void(u8 *)
jtbl_004BFD10,0x004BFD10,0x68,src/composite_gp_dispatch_heads.c,jtbl_004BFD10,void(u8 *)
jtbl_004BFDC0,0x004BFDC0,0x8,src/composite_gp_dispatch_heads.c,jtbl_004BFDC0,void(u8 *)
jtbl_004BFE10,0x004BFE10,0x8,src/composite_gp_dispatch_heads.c,jtbl_004BFE10,void(u8 *)
jtbl_004BFEC8,0x004BFEC8,0x8,src/composite_gp_dispatch_heads.c,jtbl_004BFEC8,void(u8 *)
jtbl_004BFF00,0x004BFF00,0x28,src/composite_gp_dispatch_heads.c,jtbl_004BFF00,void(u8 *)
jtbl_004BFF70,0x004BFF70,0x28,src/grok_w5_disp.c,jtbl_004BFF70,void(u8 *)
jtbl_004BFFE0,0x004BFFE0,0x8,src/composite_gp_dispatch_heads.c,jtbl_004BFFE0,void(u8 *)
jtbl_004BFFF8,0x004BFFF8,0x18,src/grok_w5_disp.c,jtbl_004BFFF8,void(u8 *)
jtbl_004C0120,0x004C0120,0x08,src/grok_w5_disp.c,jtbl_004C0120,void(u8 *)
jtbl_004C0128,0x004C0128,0x10,src/gp_dispatch.c,jtbl_004C0128,void(u8 *)
jtbl_004C0138,0x004C0138,0x08,src/gp_dispatch.c,jtbl_004C0138,void(u8 *)
jtbl_004C0140,0x004C0140,0x08,src/preaction_dispatch_heads.c,jtbl_004C0140,void(u8 *)
jtbl_004C0148,0x004C0148,0x08,src/composite_gp_dispatch_heads.c,jtbl_004C0148,void(u8 *)
jtbl_004C0158,0x004C0158,0x08,src/composite_gp_dispatch_heads.c,jtbl_004C0158,void(u8 *)
jtbl_004C0170,0x004C0170,0x08,src/composite_gp_dispatch_heads.c,jtbl_004C0170,void(u8 *)
jtbl_004C0180,0x004C0180,0x08,src/composite_gp_dispatch_heads.c,jtbl_004C0180,void(u8 *)
jtbl_004C0188,0x004C0188,0x08,src/composite_gp_dispatch_heads.c,jtbl_004C0188,void(u8 *)
jtbl_004C0190,0x004C0190,0x08,src/composite_gp_dispatch_heads.c,jtbl_004C0190,void(u8 *)
jtbl_004C01D8,0x004C01D8,0x30,src/composite_gp_dispatch_heads.c,jtbl_004C01D8,void(u8 *)
jtbl_004C0250,0x004C0250,0x8,src/composite_gp_dispatch_heads.c,jtbl_004C0250,void(u8 *)
jtbl_004C0278,0x004C0278,0x8,src/grok_w5_disp.c,jtbl_004C0278,void(u8 *)
jtbl_004C02A0,0x004C02A0,0x20,src/grok_w5_disp.c,jtbl_004C02A0,void(u8 *)
jtbl_004C02F0,0x004C02F0,0x28,src/composite_gp_dispatch_heads.c,jtbl_004C02F0,void(u8 *)
jtbl_004C0360,0x004C0360,0x08,src/grok_w5_disp.c,jtbl_004C0360,void(u8 *)
jtbl_004C0368,0x004C0368,0x08,src/composite_gp_dispatch_heads.c,jtbl_004C0368,void(u8 *)
jtbl_004C0378,0x004C0378,0x08,src/composite_gp_dispatch_heads.c,jtbl_004C0378,void(u8 *)
jtbl_004C0380,0x004C0380,0x08,src/composite_gp_dispatch_heads.c,jtbl_004C0380,void(u8 *)
jtbl_004C0398,0x004C0398,0x08,src/composite_gp_dispatch_heads.c,jtbl_004C0398,void(u8 *)
jtbl_004C03A0,0x004C03A0,0x08,src/composite_gp_dispatch_heads.c,jtbl_004C03A0,void(u8 *)
jtbl_004C03A8,0x004C03A8,0x08,src/gp_dispatch.c,jtbl_004C03A8,void(u8 *)
jtbl_004C03F8,0x004C03F8,0x08,src/composite_gp_dispatch_heads.c,jtbl_004C03F8,void(u8 *)
jtbl_004C0400,0x004C0400,0x08,src/composite_gp_dispatch_heads.c,jtbl_004C0400,void(u8 *)
jtbl_004C0410,0x004C0410,0x08,src/grok_w5_disp.c,jtbl_004C0410,void(u8 *)
jtbl_004C0418,0x004C0418,0x08,src/composite_gp_dispatch_heads.c,jtbl_004C0418,void(u8 *)
jtbl_004C0420,0x004C0420,0x08,src/composite_gp_dispatch_heads.c,jtbl_004C0420,void(u8 *)
jtbl_004C0428,0x004C0428,0x08,src/composite_gp_dispatch_heads.c,jtbl_004C0428,void(u8 *)
jtbl_004C0430,0x004C0430,0x08,src/composite_gp_dispatch_heads.c,jtbl_004C0430,void(u8 *)
jtbl_004C0480,0x004C0480,0x08,src/composite_gp_dispatch_heads.c,jtbl_004C0480,void(u8 *)
jtbl_004C0490,0x004C0490,0x08,src/argument_dispatch_heads.c,jtbl_004C0490,"void(u8 *, void *)"
jtbl_004C0498,0x004C0498,0x08,src/composite_gp_dispatch_heads.c,jtbl_004C0498,void(u8 *)
jtbl_004C04A8,0x004C04A8,0x08,src/composite_gp_dispatch_heads.c,jtbl_004C04A8,void(u8 *)
jtbl_004C04B0,0x004C04B0,0x08,src/composite_gp_dispatch_heads.c,jtbl_004C04B0,void(u8 *)
jtbl_004C0540,0x004C0540,0x08,src/composite_gp_dispatch_heads.c,jtbl_004C0540,void(u8 *)
jtbl_004C0548,0x004C0548,0x08,src/composite_gp_dispatch_heads.c,jtbl_004C0548,void(u8 *)
jtbl_004C0550,0x004C0550,0x08,src/composite_gp_dispatch_heads.c,jtbl_004C0550,void(u8 *)
jtbl_004C0558,0x004C0558,0x08,src/composite_gp_dispatch_heads.c,jtbl_004C0558,void(u8 *)
jtbl_004C0560,0x004C0560,0x08,src/composite_gp_dispatch_heads.c,jtbl_004C0560,void(u8 *)
jtbl_004C0568,0x004C0568,0x08,src/composite_gp_dispatch_heads.c,jtbl_004C0568,void(u8 *)
jtbl_004C0570,0x004C0570,0x08,src/composite_gp_dispatch_heads.c,jtbl_004C0570,void(u8 *)
jtbl_004C0578,0x004C0578,0x08,src/composite_gp_dispatch_heads.c,jtbl_004C0578,void(u8 *)
jtbl_004C0580,0x004C0580,0x08,src/composite_gp_dispatch_heads.c,jtbl_004C0580,void(u8 *)
jtbl_004C0588,0x004C0588,0x08,src/composite_gp_dispatch_heads.c,jtbl_004C0588,void(u8 *)
jtbl_004C05D8,0x004C05D8,0x28,src/composite_gp_dispatch_heads.c,jtbl_004C05D8,void(u8 *)
jtbl_004C0600,0x004C0600,0x08,src/composite_gp_dispatch_heads.c,jtbl_004C0600,void(u8 *)
jtbl_004C0608,0x004C0608,0x08,src/composite_gp_dispatch_heads.c,jtbl_004C0608,void(u8 *)
jtbl_004C0610,0x004C0610,0x08,src/preaction_dispatch_heads.c,jtbl_004C0610,void(u8 *)
jtbl_004C0620,0x004C0620,0x08,src/composite_gp_dispatch_heads.c,jtbl_004C0620,void(u8 *)
jtbl_004C06D0,0x004C06D0,0x08,src/composite_gp_dispatch_heads.c,jtbl_004C06D0,void(u8 *)
jtbl_004C06D8,0x004C06D8,0x08,src/composite_gp_dispatch_heads.c,jtbl_004C06D8,void(u8 *)
jtbl_004C06E0,0x004C06E0,0x08,src/composite_gp_dispatch_heads.c,jtbl_004C06E0,void(u8 *)
jtbl_004C06E8,0x004C06E8,0x08,src/composite_gp_dispatch_heads.c,jtbl_004C06E8,void(u8 *)
jtbl_004C06F0,0x004C06F0,0x08,src/composite_gp_dispatch_heads.c,jtbl_004C06F0,void(u8 *)
jtbl_004C06F8,0x004C06F8,0x08,src/preaction_dispatch_heads.c,jtbl_004C06F8,void(u8 *)
jtbl_004C0710,0x004C0710,0x08,src/preaction_dispatch_heads.c,jtbl_004C0710,void(u8 *)
jtbl_004C0760,0x004C0760,0x08,src/composite_gp_dispatch_heads.c,jtbl_004C0760,void(u8 *)
jtbl_004C0768,0x004C0768,0x08,src/composite_gp_dispatch_heads.c,jtbl_004C0768,void(u8 *)
jtbl_004C0770,0x004C0770,0x08,src/composite_gp_dispatch_heads.c,jtbl_004C0770,void(u8 *)
jtbl_004C0778,0x004C0778,0x08,src/composite_gp_dispatch_heads.c,jtbl_004C0778,void(u8 *)
jtbl_004C07C8,0x004C07C8,0x08,src/composite_gp_dispatch_heads.c,jtbl_004C07C8,void(u8 *)
jtbl_004C07D0,0x004C07D0,0x08,src/composite_gp_dispatch_heads.c,jtbl_004C07D0,void(u8 *)
jtbl_004C07E0,0x004C07E0,0x08,src/composite_gp_dispatch_heads.c,jtbl_004C07E0,void(u8 *)
jtbl_004C07E8,0x004C07E8,0x08,src/composite_gp_dispatch_heads.c,jtbl_004C07E8,void(u8 *)
jtbl_004C07F0,0x004C07F0,0x08,src/composite_gp_dispatch_heads.c,jtbl_004C07F0,void(u8 *)
jtbl_004C07F8,0x004C07F8,0x08,src/composite_gp_dispatch_heads.c,jtbl_004C07F8,void(u8 *)
jtbl_004C0800,0x004C0800,0x08,src/composite_gp_dispatch_heads.c,jtbl_004C0800,void(u8 *)
jtbl_004C0808,0x004C0808,0x08,src/composite_gp_dispatch_heads.c,jtbl_004C0808,void(u8 *)
jtbl_004C0810,0x004C0810,0x08,src/composite_gp_dispatch_heads.c,jtbl_004C0810,void(u8 *)
jtbl_004C0818,0x004C0818,0x08,src/preaction_dispatch_heads.c,jtbl_004C0818,void(u8 *)
jtbl_004C0820,0x004C0820,0x08,src/composite_gp_dispatch_heads.c,jtbl_004C0820,void(u8 *)
jtbl_004C0828,0x004C0828,0x08,src/composite_gp_dispatch_heads.c,jtbl_004C0828,void(u8 *)
jtbl_004C0830,0x004C0830,0x8,src/grok_w5_disp.c,jtbl_004C0830,void(u8 *)
jtbl_004C0840,0x004C0840,0x08,src/preaction_dispatch_heads.c,jtbl_004C0840,void(u8 *)
jtbl_004C0848,0x004C0848,0x08,src/composite_gp_dispatch_heads.c,jtbl_004C0848,void(u8 *)
jtbl_004C0850,0x004C0850,0x08,src/composite_gp_dispatch_heads.c,jtbl_004C0850,void(u8 *)
jtbl_004C08E0,0x004C08E0,0x08,src/composite_gp_dispatch_heads.c,jtbl_004C08E0,void(u8 *)
jtbl_004C08E8,0x004C08E8,0x08,src/composite_gp_dispatch_heads.c,jtbl_004C08E8,void(u8 *)
jtbl_004C08F0,0x004C08F0,0x08,src/composite_gp_dispatch_heads.c,jtbl_004C08F0,void(u8 *)
jtbl_004C08F8,0x004C08F8,0x08,src/grok_w5_disp.c,jtbl_004C08F8,void(u8 *)
jtbl_004C0968,0x004C0968,0x08,src/composite_gp_dispatch_heads.c,jtbl_004C0968,void(u8 *)
jtbl_004C0970,0x004C0970,0x08,src/composite_gp_dispatch_heads.c,jtbl_004C0970,void(u8 *)
jtbl_004C0980,0x004C0980,0x08,src/composite_gp_dispatch_heads.c,jtbl_004C0980,void(u8 *)
jtbl_004C0988,0x004C0988,0x08,src/composite_gp_dispatch_heads.c,jtbl_004C0988,void(u8 *)
jtbl_004C0990,0x004C0990,0x08,src/composite_gp_dispatch_heads.c,jtbl_004C0990,void(u8 *)
jtbl_004C0998,0x004C0998,0x08,src/preaction_dispatch_heads.c,jtbl_004C0998,void(u8 *)
jtbl_004C09B0,0x004C09B0,0x08,src/composite_gp_dispatch_heads.c,jtbl_004C09B0,void(u8 *)
jtbl_004C0A08,0x004C0A08,0x08,src/composite_gp_dispatch_heads.c,jtbl_004C0A08,void(u8 *)
jtbl_004C0A20,0x004C0A20,0x08,src/composite_gp_dispatch_heads.c,jtbl_004C0A20,void(u8 *)
jtbl_004C0A28,0x004C0A28,0x08,src/composite_gp_dispatch_heads.c,jtbl_004C0A28,void(u8 *)
jtbl_004C0A30,0x004C0A30,0x08,src/composite_gp_dispatch_heads.c,jtbl_004C0A30,void(u8 *)
jtbl_004C0A38,0x004C0A38,0x08,src/grok_w5_disp.c,jtbl_004C0A38,void(u8 *)
jtbl_004C0A40,0x004C0A40,0x08,src/composite_gp_dispatch_heads.c,jtbl_004C0A40,void(u8 *)
jtbl_004C0A48,0x004C0A48,0x08,src/composite_gp_dispatch_heads.c,jtbl_004C0A48,void(u8 *)
jtbl_004C0A50,0x004C0A50,0x08,src/composite_gp_dispatch_heads.c,jtbl_004C0A50,void(u8 *)
jtbl_004C0A58,0x004C0A58,0x08,src/preaction_dispatch_heads.c,jtbl_004C0A58,void(u8 *)
jtbl_004C0A70,0x004C0A70,0x08,src/composite_gp_dispatch_heads.c,jtbl_004C0A70,void(u8 *)
jtbl_004C0AC0,0x004C0AC0,0x08,src/composite_gp_dispatch_heads.c,jtbl_004C0AC0,void(u8 *)
jtbl_004C0AD8,0x004C0AD8,0x08,src/argument_dispatch_heads.c,jtbl_004C0AD8,"void(u8 *, void *)"
jtbl_004C0AE8,0x004C0AE8,0x08,src/composite_gp_dispatch_heads.c,jtbl_004C0AE8,void(u8 *)
jtbl_004C0B38,0x004C0B38,0x08,src/composite_gp_dispatch_heads.c,jtbl_004C0B38,void(u8 *)
jtbl_004C0B48,0x004C0B48,0x08,src/composite_gp_dispatch_heads.c,jtbl_004C0B48,void(u8 *)
jtbl_004C0B98,0x004C0B98,0x08,src/composite_gp_dispatch_heads.c,jtbl_004C0B98,void(u8 *)
jtbl_004C0BA8,0x004C0BA8,0x08,src/grok_w5_disp.c,jtbl_004C0BA8,void(u8 *)
jtbl_004C0BB0,0x004C0BB0,0x08,src/composite_gp_dispatch_heads.c,jtbl_004C0BB0,void(u8 *)
jtbl_004C0BB8,0x004C0BB8,0x08,src/composite_gp_dispatch_heads.c,jtbl_004C0BB8,void(u8 *)
jtbl_004C0BC0,0x004C0BC0,0x08,src/composite_gp_dispatch_heads.c,jtbl_004C0BC0,void(u8 *)
jtbl_004C0BC8,0x004C0BC8,0x08,src/composite_gp_dispatch_heads.c,jtbl_004C0BC8,void(u8 *)
jtbl_004C0C18,0x004C0C18,0x08,src/composite_gp_dispatch_heads.c,jtbl_004C0C18,void(u8 *)
jtbl_004C0C20,0x004C0C20,0x08,src/composite_gp_dispatch_heads.c,jtbl_004C0C20,void(u8 *)
jtbl_004C0C30,0x004C0C30,0x08,src/composite_gp_dispatch_heads.c,jtbl_004C0C30,void(u8 *)
jtbl_004C0CA0,0x004C0CA0,0x08,src/composite_gp_dispatch_heads.c,jtbl_004C0CA0,void(u8 *)
jtbl_004C0D08,0x004C0D08,0x08,src/composite_gp_dispatch_heads.c,jtbl_004C0D08,void(u8 *)
jtbl_004C0D10,0x004C0D10,0x08,src/composite_gp_dispatch_heads.c,jtbl_004C0D10,void(u8 *)
jtbl_004C0D18,0x004C0D18,0x08,src/composite_gp_dispatch_heads.c,jtbl_004C0D18,void(u8 *)
jtbl_004C0D20,0x004C0D20,0x08,src/composite_gp_dispatch_heads.c,jtbl_004C0D20,void(u8 *)
jtbl_004C0D70,0x004C0D70,0x08,src/composite_gp_dispatch_heads.c,jtbl_004C0D70,void(u8 *)
jtbl_004C0D78,0x004C0D78,0x08,src/composite_gp_dispatch_heads.c,jtbl_004C0D78,void(u8 *)
jtbl_004C0D80,0x004C0D80,0x08,src/composite_gp_dispatch_heads.c,jtbl_004C0D80,void(u8 *)
jtbl_004C0D98,0x004C0D98,0x08,src/composite_gp_dispatch_heads.c,jtbl_004C0D98,void(u8 *)
jtbl_004C0DF0,0x004C0DF0,0x08,src/composite_gp_dispatch_heads.c,jtbl_004C0DF0,void(u8 *)
jtbl_004C0E00,0x004C0E00,0x08,src/composite_gp_dispatch_heads.c,jtbl_004C0E00,void(u8 *)
jtbl_004C0E08,0x004C0E08,0x08,src/composite_gp_dispatch_heads.c,jtbl_004C0E08,void(u8 *)
jtbl_004C0E10,0x004C0E10,0x08,src/composite_gp_dispatch_heads.c,jtbl_004C0E10,void(u8 *)
jtbl_004C0E60,0x004C0E60,0x08,src/composite_gp_dispatch_heads.c,jtbl_004C0E60,void(u8 *)
jtbl_004C0E78,0x004C0E78,0x08,src/grok_w5_disp.c,jtbl_004C0E78,void(u8 *)
jtbl_004C0E80,0x004C0E80,0x08,src/composite_gp_dispatch_heads.c,jtbl_004C0E80,void(u8 *)
jtbl_004C0E88,0x004C0E88,0x08,src/composite_gp_dispatch_heads.c,jtbl_004C0E88,void(u8 *)
jtbl_004C0E90,0x004C0E90,0x08,src/composite_gp_dispatch_heads.c,jtbl_004C0E90,void(u8 *)
jtbl_004C0E98,0x004C0E98,0x08,src/argument_dispatch_heads.c,jtbl_004C0E98,"void(u8 *, void *)"
jtbl_004C0EA0,0x004C0EA0,0x08,src/composite_gp_dispatch_heads.c,jtbl_004C0EA0,void(u8 *)
jtbl_004C0F00,0x004C0F00,0x08,src/composite_gp_dispatch_heads.c,jtbl_004C0F00,void(u8 *)
jtbl_004C0F28,0x004C0F28,0x08,src/composite_gp_dispatch_heads.c,jtbl_004C0F28,void(u8 *)
jtbl_004C0F78,0x004C0F78,0x08,src/composite_gp_dispatch_heads.c,jtbl_004C0F78,void(u8 *)
jtbl_004C0F88,0x004C0F88,0x08,src/composite_gp_dispatch_heads.c,jtbl_004C0F88,void(u8 *)
jtbl_004C0F90,0x004C0F90,0x08,src/composite_gp_dispatch_heads.c,jtbl_004C0F90,void(u8 *)
jtbl_004C0F98,0x004C0F98,0x08,src/composite_gp_dispatch_heads.c,jtbl_004C0F98,void(u8 *)
jtbl_004C0FA0,0x004C0FA0,0x08,src/composite_gp_dispatch_heads.c,jtbl_004C0FA0,void(u8 *)
jtbl_004C0FA8,0x004C0FA8,0x08,src/composite_gp_dispatch_heads.c,jtbl_004C0FA8,void(u8 *)
jtbl_004C0FC8,0x004C0FC8,0x08,src/composite_gp_dispatch_heads.c,jtbl_004C0FC8,void(u8 *)
jtbl_004C1098,0x004C1098,0x08,src/composite_gp_dispatch_heads.c,jtbl_004C1098,void(u8 *)
jtbl_004C10A0,0x004C10A0,0x08,src/argument_dispatch_heads.c,jtbl_004C10A0,"void(u8 *, void *)"
jtbl_004C10A8,0x004C10A8,0x08,src/composite_gp_dispatch_heads.c,jtbl_004C10A8,void(u8 *)
jtbl_004C10B0,0x004C10B0,0x08,src/composite_gp_dispatch_heads.c,jtbl_004C10B0,void(u8 *)
jtbl_004C10B8,0x004C10B8,0x08,src/composite_gp_dispatch_heads.c,jtbl_004C10B8,void(u8 *)
jtbl_004C10C0,0x004C10C0,0x08,src/composite_gp_dispatch_heads.c,jtbl_004C10C0,void(u8 *)
jtbl_004C1100,0x004C1100,0x08,src/composite_gp_dispatch_heads.c,jtbl_004C1100,void(u8 *)
jtbl_004C1108,0x004C1108,0x08,src/composite_gp_dispatch_heads.c,jtbl_004C1108,void(u8 *)
jtbl_004C1110,0x004C1110,0x08,src/argument_dispatch_heads.c,jtbl_004C1110,"void(u8 *, void *)"
jtbl_004C1118,0x004C1118,0x08,src/composite_gp_dispatch_heads.c,jtbl_004C1118,void(u8 *)
jtbl_004C1120,0x004C1120,0x08,src/composite_gp_dispatch_heads.c,jtbl_004C1120,void(u8 *)
jtbl_004C1170,0x004C1170,0x08,src/gp_dispatch.c,jtbl_004C1170,void(u8 *)
jtbl_004C1178,0x004C1178,0x08,src/grok_w5_disp.c,jtbl_004C1178,void(u8 *)
jtbl_004C1180,0x004C1180,0x08,src/composite_gp_dispatch_heads.c,jtbl_004C1180,void(u8 *)
jtbl_004C1190,0x004C1190,0x08,src/composite_gp_dispatch_heads.c,jtbl_004C1190,void(u8 *)
jtbl_004C1198,0x004C1198,0x08,src/composite_gp_dispatch_heads.c,jtbl_004C1198,void(u8 *)
jtbl_004C11A8,0x004C11A8,0x08,src/gp_dispatch.c,jtbl_004C11A8,void(u8 *)
jtbl_004C11B0,0x004C11B0,0x10,src/composite_gp_dispatch_heads.c,jtbl_004C11B0,void(u8 *)
jtbl_004C1240,0x004C1240,0x08,src/composite_gp_dispatch_heads.c,jtbl_004C1240,void(u8 *)
jtbl_004C12D0,0x004C12D0,0x08,src/composite_gp_dispatch_heads.c,jtbl_004C12D0,void(u8 *)
jtbl_004C1330,0x004C1330,0x08,src/composite_gp_dispatch_heads.c,jtbl_004C1330,void(u8 *)
jtbl_004C1388,0x004C1388,0x08,src/composite_gp_dispatch_heads.c,jtbl_004C1388,void(u8 *)
jtbl_004C1390,0x004C1390,0x08,src/composite_gp_dispatch_heads.c,jtbl_004C1390,void(u8 *)
jtbl_004C13A0,0x004C13A0,0x08,src/grok_dispatch_r2.c,jtbl_004C13A0,void(u8 *)
jtbl_004C13A8,0x004C13A8,0x08,src/composite_gp_dispatch_heads.c,jtbl_004C13A8,void(u8 *)
jtbl_004C13B0,0x004C13B0,0x08,src/composite_gp_dispatch_heads.c,jtbl_004C13B0,void(u8 *)
jtbl_004C13B8,0x004C13B8,0x08,src/composite_gp_dispatch_heads.c,jtbl_004C13B8,void(u8 *)
jtbl_004C1420,0x004C1420,0x08,src/composite_gp_dispatch_heads.c,jtbl_004C1420,void(u8 *)
jtbl_004C1428,0x004C1428,0x08,src/composite_gp_dispatch_heads.c,jtbl_004C1428,void(u8 *)
jtbl_004C1430,0x004C1430,0x08,src/composite_gp_dispatch_heads.c,jtbl_004C1430,void(u8 *)
jtbl_004C1438,0x004C1438,0x08,src/composite_gp_dispatch_heads.c,jtbl_004C1438,void(u8 *)
jtbl_004C1440,0x004C1440,0x08,src/composite_gp_dispatch_heads.c,jtbl_004C1440,void(u8 *)
jtbl_004C14B0,0x004C14B0,0x08,src/gp_dispatch.c,jtbl_004C14B0,void(u8 *)
jtbl_004C14B8,0x004C14B8,0x08,src/grok_w5_disp.c,jtbl_004C14B8,void(u8 *)
jtbl_004C14C0,0x004C14C0,0x08,src/composite_gp_dispatch_heads.c,jtbl_004C14C0,void(u8 *)
jtbl_004C14D0,0x004C14D0,0x08,src/composite_gp_dispatch_heads.c,jtbl_004C14D0,void(u8 *)
jtbl_004C14D8,0x004C14D8,0x08,src/composite_gp_dispatch_heads.c,jtbl_004C14D8,void(u8 *)
jtbl_004C14E8,0x004C14E8,0x08,src/gp_dispatch.c,jtbl_004C14E8,void(u8 *)
jtbl_004C14F0,0x004C14F0,0x08,src/composite_gp_dispatch_heads.c,jtbl_004C14F0,void(u8 *)
jtbl_004C14F8,0x004C14F8,0x08,src/composite_gp_dispatch_heads.c,jtbl_004C14F8,void(u8 *)
jtbl_004C1500,0x004C1500,0x08,src/argument_dispatch_heads.c,jtbl_004C1500,"void(u8 *, void *)"
jtbl_004C1550,0x004C1550,0x08,src/composite_gp_dispatch_heads.c,jtbl_004C1550,void(u8 *)
jtbl_004C1558,0x004C1558,0x08,src/argument_dispatch_heads.c,jtbl_004C1558,"void(u8 *, void *)"
jtbl_004C1560,0x004C1560,0x08,src/argument_dispatch_heads.c,jtbl_004C1560,"void(u8 *, void *)"
jtbl_004C1568,0x004C1568,0x08,src/argument_dispatch_heads.c,jtbl_004C1568,"void(u8 *, void *)"
jtbl_004C1570,0x004C1570,0x08,src/argument_dispatch_heads.c,jtbl_004C1570,"void(u8 *, void *)"
jtbl_004C1578,0x004C1578,0x08,src/preaction_dispatch_heads.c,jtbl_004C1578,void(u8 *)
jtbl_004C15D8,0x004C15D8,0x08,src/composite_gp_dispatch_heads.c,jtbl_004C15D8,void(u8 *)
jtbl_004C15E0,0x004C15E0,0x08,src/composite_gp_dispatch_heads.c,jtbl_004C15E0,void(u8 *)
jtbl_004C16C0,0x004C16C0,0x08,src/composite_gp_dispatch_heads.c,jtbl_004C16C0,void(u8 *)
jtbl_004C16C8,0x004C16C8,0x08,src/composite_gp_dispatch_heads.c,jtbl_004C16C8,void(u8 *)
jtbl_004C16D0,0x004C16D0,0x08,src/composite_gp_dispatch_heads.c,jtbl_004C16D0,void(u8 *)
jtbl_004C16E0,0x004C16E0,0x08,src/grok_w5_disp.c,jtbl_004C16E0,void(u8 *)
jtbl_004C16E8,0x004C16E8,0x08,src/grok_w5_disp.c,jtbl_004C16E8,void(u8 *)
jtbl_004C1700,0x004C1700,0x08,src/composite_gp_dispatch_heads.c,jtbl_004C1700,void(u8 *)
jtbl_004C1708,0x004C1708,0x08,src/composite_gp_dispatch_heads.c,jtbl_004C1708,void(u8 *)
jtbl_004C1710,0x004C1710,0x08,src/composite_gp_dispatch_heads.c,jtbl_004C1710,void(u8 *)
jtbl_004C1770,0x004C1770,0x08,src/composite_gp_dispatch_heads.c,jtbl_004C1770,void(u8 *)
jtbl_004C1778,0x004C1778,0x08,src/composite_gp_dispatch_heads.c,jtbl_004C1778,void(u8 *)
jtbl_004C1780,0x004C1780,0x08,src/grok_w5_disp.c,jtbl_004C1780,void(u8 *)
jtbl_004C1788,0x004C1788,0x08,src/composite_gp_dispatch_heads.c,jtbl_004C1788,void(u8 *)
jtbl_004C1790,0x004C1790,0x08,src/composite_gp_dispatch_heads.c,jtbl_004C1790,void(u8 *)
jtbl_004C1798,0x004C1798,0x08,src/composite_gp_dispatch_heads.c,jtbl_004C1798,void(u8 *)
jtbl_004C17A0,0x004C17A0,0x08,src/composite_gp_dispatch_heads.c,jtbl_004C17A0,void(u8 *)
jtbl_004C17A8,0x004C17A8,0x08,src/composite_gp_dispatch_heads.c,jtbl_004C17A8,void(u8 *)
jtbl_004C1950,0x004C1950,0x8,src/composite_gp_dispatch_heads.c,jtbl_004C1950,void(u8 *)
jtbl_004C1978,0x004C1978,0x10,src/preaction_dispatch_heads.c,jtbl_004C1978,void(u8 *)
jtbl_004C1990,0x004C1990,0x8,src/composite_gp_dispatch_heads.c,jtbl_004C1990,void(u8 *)
jtbl_004C1BA4,0x004C1BA4,0x18,src/argument_dispatch_heads.c,jtbl_004C1BA4,"void(u8 *, void *)"
jtbl_004C1BF0,0x004C1BF0,0x24,src/argument_dispatch_heads.c,jtbl_004C1BF0,"void(u8 *, void *)"
jtbl_004C1CE0,0x004C1CE0,0x30,src/grok_w5_disp.c,jtbl_004C1CE0,void(u8 *)
jtbl_004C1D20,0x004C1D20,0x28,src/argument_dispatch_heads.c,jtbl_004C1D20,"void(u8 *, void *)"
jtbl_004C1D68,0x004C1D68,0x10,src/argument_dispatch_heads.c,jtbl_004C1D68,"void(u8 *, void *)"
jtbl_004C1DD8,0x004C1DD8,0x28,src/composite_gp_dispatch_heads.c,jtbl_004C1DD8,void(u8 *)
jtbl_004C1E08,0x004C1E08,0x8,src/composite_gp_dispatch_heads.c,jtbl_004C1E08,void(u8 *)
jtbl_004C1E58,0x004C1E58,0x38,src/preaction_dispatch_heads.c,jtbl_004C1E58,void(u8 *)
jtbl_004C1ED8,0x004C1ED8,0x38,src/argument_dispatch_heads.c,jtbl_004C1ED8,"void(u8 *, void *)"
jtbl_004C1F40,0x004C1F40,0x8,src/composite_gp_dispatch_heads.c,jtbl_004C1F40,void(u8 *)
jtbl_004C1FC8,0x004C1FC8,0x2c,src/argument_dispatch_heads.c,jtbl_004C1FC8,"void(u8 *, void *)"
jtbl_004C2048,0x004C2048,0x8,src/composite_gp_dispatch_heads.c,jtbl_004C2048,void(u8 *)
jtbl_004C2518,0x004C2518,0x08,src/composite_gp_dispatch_heads.c,jtbl_004C2518,void(u8 *)
jtbl_004C2520,0x004C2520,0x08,src/composite_gp_dispatch_heads.c,jtbl_004C2520,void(u8 *)
jtbl_004C1C98,0x004C1C98,0x44,src/child_owner_stance_dispatch.c,func_0036F920,void(u8 *)
jtbl_004C2058,0x004C2058,0x38,src/contact_effect_dispatch.c,func_003BA480,void(u8 *)
jtbl_004C2058,0x004C2058,0x38,src/contact_effect_dispatch.c,func_003BABF0,void(u8 *)
jtbl_004C2058,0x004C2058,0x38,src/contact_effect_dispatch.c,func_003BB000,void(u8 *)
jtbl_0045E260,0x0045E260,0xC,src/global_phase_frame_hooks.c,func_0032A1B0,void(void)
jtbl_0045E270,0x0045E270,0xC,src/global_phase_frame_hooks.c,func_0032A510,void(void)
jtbl_0045E2C0,0x0045E2C0,0xC,src/global_phase_frame_hooks.c,func_0032BF70,void(void)
jtbl_004C1EC4,0x004C1EC4,0x8,src/owner_stance_state_dispatch.c,func_003A5A80,"void(u8 *,u8 *)"
jtbl_004C1FB4,0x004C1FB4,0x8,src/owner_stance_state_dispatch.c,func_003B1BF0,"void(u8 *,u8 *)"
jtbl_004C20E0,0x004C20E0,0x8,src/owner_stance_state_dispatch.c,func_003C0C60,"void(u8 *,u8 *)"
jtbl_004BF7C8,0x004BF7C8,0x8,src/side_inhibit_state_dispatch.c,func_001A84F0,"void(u8 *,u8 *)"
jtbl_004BF7D0,0x004BF7D0,0x8,src/side_inhibit_state_dispatch.c,func_001A8670,"void(u8 *,u8 *)"
jtbl_004BF7D8,0x004BF7D8,0x8,src/side_inhibit_state_dispatch.c,func_001A8840,"void(u8 *,u8 *)"
jtbl_00475F60,0x00475F60,0x10,src/owner_generation_dispatch.c,func_003C4CD0,"void(u8 *,u8 *)"
jtbl_00475F90,0x00475F90,0x10,src/owner_generation_dispatch.c,func_003C5080,"void(u8 *,u8 *)"
jtbl_00475FA0,0x00475FA0,0x10,src/owner_generation_dispatch.c,func_003C5310,"void(u8 *,u8 *)"
