start,end,size
0x00100004,0x00100008,0x4
0x00100224,0x00100230,0xC
0x0010023C,0x00100240,0x4
0x00100284,0x00100290,0xC
0x001002D4,0x001002D8,0x4
0x00100474,0x00100478,0x4
0x00100904,0x00100908,0x4
0x001009C4,0x001009C8,0x4
0x00100C74,0x00100C78,0x4
0x00100D7C,0x00100D80,0x4
0x00100EFC,0x00100F00,0x4
0x00101214,0x00101218,0x4
0x001013FC,0x00101400,0x4
0x001016BC,0x001016C0,0x4
0x00101D4C,0x00101D50,0x4
0x001023C4,0x001023C8,0x4
0x00102424,0x00102428,0x4
0x0010251C,0x00102520,0x4
0x0010257C,0x00102580,0x4
0x00102684,0x00102688,0x4
0x001028AC,0x001028B0,0x4
0x0010298C,0x00102990,0x4
0x00102A04,0x00102A08,0x4
0x00102ACC,0x00102AD0,0x4
0x00102BBC,0x00102BC0,0x4
0x00102C6C,0x00102C70,0x4
0x00102C9C,0x00102CA0,0x4
0x00102CE4,0x00102CE8,0x4
0x00102D04,0x00102D08,0x4
0x00102D2C,0x00102D30,0x4
0x00102D6C,0x00102D70,0x4
0x00102DB4,0x00102DB8,0x4
0x00102E24,0x00102E28,0x4
0x00102EA4,0x00102EA8,0x4
0x00102EBC,0x00102EC0,0x4
0x00102ED4,0x00102ED8,0x4
0x00102F1C,0x00102F20,0x4
0x00102F2C,0x00102F30,0x4
0x00102F54,0x00102F58,0x4
0x00103034,0x00103038,0x4
0x001030DC,0x001030E0,0x4
0x001032A4,0x001032A8,0x4
0x00103584,0x00103588,0x4
0x001037B4,0x001037B8,0x4
0x001037D4,0x001037D8,0x4
0x00103804,0x00103808,0x4
0x00103954,0x00103958,0x4
0x001039B4,0x001039C0,0xC
0x0010426C,0x00104270,0x4
0x001043A4,0x001043A8,0x4
0x00104424,0x00104428,0x4
0x0010449C,0x001044A0,0x4
0x0010458C,0x00104590,0x4
0x001045AC,0x001045B0,0x4
0x001046D4,0x001046D8,0x4
0x00104754,0x00104758,0x4
0x0010476C,0x00104770,0x4
0x00104814,0x00104818,0x4
0x00104894,0x00104898,0x4
0x001048AC,0x001048B0,0x4
0x00104C8C,0x00104C90,0x4
0x00104D24,0x00104D28,0x4
0x00104DA4,0x00104DA8,0x4
0x00104E84,0x00104E88,0x4
0x00104EAC,0x00104EB0,0x4
0x00104F04,0x00104F08,0x4
0x00104F3C,0x00104F40,0x4
0x00104F74,0x00104F78,0x4
0x00104FCC,0x00104FD0,0x4
0x00104FF4,0x00104FF8,0x4
0x0010501C,0x00105020,0x4
0x00105044,0x00105048,0x4
0x00105084,0x00105088,0x4
0x001050C4,0x001050C8,0x4
0x0010525C,0x00105260,0x4
0x0010553C,0x00105540,0x4
0x0010565C,0x00105660,0x4
0x00105E44,0x00105E48,0x4
0x00105EFC,0x00105F00,0x4
0x00105F0C,0x00105F10,0x4
0x00105F44,0x00105F48,0x4
0x00105F54,0x00105F58,0x4
0x0010620C,0x00106210,0x4
0x0010626C,0x00106270,0x4
0x001063CC,0x001063D0,0x4
0x0010640C,0x00106410,0x4
0x0010644C,0x00106450,0x4
0x001067C4,0x001067C8,0x4
0x001067EC,0x001067F0,0x4
0x001068B4,0x001068B8,0x4
0x001069DC,0x001069E0,0x4
0x00106BE4,0x00106BE8,0x4
0x00106E64,0x00106E68,0x4
0x00107054,0x00107058,0x4
0x00107094,0x00107098,0x4
0x0010712C,0x00107130,0x4
0x00107294,0x00107298,0x4
0x00107544,0x00107548,0x4
0x001075E4,0x001075E8,0x4
0x001076DC,0x001076E0,0x4
0x00107A64,0x00107A68,0x4
0x00107AB4,0x00107AB8,0x4
0x00107AE4,0x00107AE8,0x4
0x00107AF4,0x00107AF8,0x4
0x00107BBC,0x00107BC0,0x4
0x00107DC4,0x00107DC8,0x4
0x00107E54,0x00107E58,0x4
0x00107E8C,0x00107E90,0x4
0x00108114,0x00108118,0x4
0x00108294,0x00108298,0x4
0x00108D64,0x00108D68,0x4
0x00108F44,0x00108F48,0x4
0x001090EC,0x001090F0,0x4
0x0010910C,0x00109110,0x4
0x001092BC,0x001092C0,0x4
0x001092DC,0x001092E0,0x4
0x0010954C,0x00109550,0x4
0x0010968C,0x00109690,0x4
0x00109DF4,0x00109DF8,0x4
0x0010A004,0x0010A008,0x4
0x0010A40C,0x0010A410,0x4
0x0010A42C,0x0010A430,0x4
0x0010AE54,0x0010AE58,0x4
0x0010B114,0x0010B118,0x4
0x0010B194,0x0010B198,0x4
0x0010B324,0x0010B328,0x4
0x0010B94C,0x0010B950,0x4
0x0010B96C,0x0010B970,0x4
0x0010BB94,0x0010BB98,0x4
0x0010BBD4,0x0010BBD8,0x4
0x0010BCDC,0x0010BCE0,0x4
0x0010BCFC,0x0010BD00,0x4
0x0010BE14,0x0010BE18,0x4
0x0010BEF4,0x0010BEF8,0x4
0x0010C034,0x0010C038,0x4
0x0010C28C,0x0010C290,0x4
0x0010C3BC,0x0010C3C0,0x4
0x0010C6B4,0x0010C6C0,0xC
0x0010CA1C,0x0010CA20,0x4
0x0010CB94,0x0010CB98,0x4
0x0010CC94,0x0010CC98,0x4
0x0010CCE4,0x0010CCE8,0x4
0x0010CE64,0x0010CE68,0x4
0x0010D104,0x0010D108,0x4
0x0010D244,0x0010D248,0x4
0x0010D35C,0x0010D360,0x4
0x0010D53C,0x0010D540,0x4
0x0010D7A4,0x0010D7A8,0x4
0x0010D98C,0x0010D990,0x4
0x0010DA3C,0x0010DA40,0x4
0x0010DAA4,0x0010DAA8,0x4
0x0010DB2C,0x0010DB30,0x4
0x0010DD6C,0x0010DD70,0x4
0x0010DF5C,0x0010DF60,0x4
0x0010E1AC,0x0010E1B0,0x4
0x0010E2BC,0x0010E2C0,0x4
0x0010E314,0x0010E318,0x4
0x0010E36C,0x0010E370,0x4
0x0010E43C,0x0010E440,0x4
0x0010E4A4,0x0010E4A8,0x4
0x0010E574,0x0010E578,0x4
0x0010E604,0x0010E608,0x4
0x0010E6CC,0x0010E6D0,0x4
0x0010E904,0x0010E908,0x4
0x0010EA3C,0x0010EA40,0x4
0x0010EAD4,0x0010EAD8,0x4
0x0010EB4C,0x0010EB50,0x4
0x0010EB8C,0x0010EB90,0x4
0x0010EF1C,0x0010EF20,0x4
0x0010EF3C,0x0010EF40,0x4
0x0010F254,0x0010F258,0x4
0x0010F964,0x0010F968,0x4
0x0010FF44,0x0010FF48,0x4
0x00110134,0x00110138,0x4
0x0011025C,0x00110260,0x4
0x00110294,0x00110298,0x4
0x001105CC,0x001105D0,0x4
0x00110744,0x00110748,0x4
0x0011076C,0x00110770,0x4
0x001107B4,0x001107B8,0x4
0x001108EC,0x001108F0,0x4
0x00110A6C,0x00110A70,0x4
0x00110ADC,0x00110AE0,0x4
0x00110CAC,0x00110CB0,0x4
0x00110EBC,0x00110EC0,0x4
0x0011147C,0x00111480,0x4
0x001118C4,0x001118C8,0x4
0x00112814,0x00112818,0x4
0x001130EC,0x001130F0,0x4
0x00113694,0x00113698,0x4
0x001142F4,0x001142F8,0x4
0x001145CC,0x001145D0,0x4
0x0011511C,0x00115120,0x4
0x00115D0C,0x00115D10,0x4
0x00115E14,0x00115E18,0x4
0x0011609C,0x001160A0,0x4
0x001165AC,0x001165B0,0x4
0x001166D4,0x001166D8,0x4
0x0011670C,0x00116710,0x4
0x00116924,0x00116928,0x4
0x001169AC,0x001169B0,0x4
0x00116B94,0x00116B98,0x4
0x00116CCC,0x00116CD0,0x4
0x00116F5C,0x00116F60,0x4
0x00116F9C,0x00116FA0,0x4
0x00117074,0x00117078,0x4
0x001173B4,0x001173B8,0x4
0x001173CC,0x001173D0,0x4
0x001173E4,0x001173E8,0x4
0x001173FC,0x00117400,0x4
0x00117414,0x00117418,0x4
0x0011742C,0x00117430,0x4
0x00117444,0x00117448,0x4
0x001174BC,0x001174C0,0x4
0x00117B54,0x00117B58,0x4
0x00118764,0x00118768,0x4
0x00118F44,0x00118F48,0x4
0x00118FA4,0x00118FA8,0x4
0x00119024,0x00119028,0x4
0x00119054,0x00119058,0x4
0x00119094,0x00119098,0x4
0x001192AC,0x001192B0,0x4
0x0011950C,0x00119510,0x4
0x001195CC,0x001195D0,0x4
0x00119854,0x00119858,0x4
0x00119B04,0x00119B08,0x4
0x00119C5C,0x00119C60,0x4
0x00119C8C,0x00119C90,0x4
0x00119CE4,0x00119CE8,0x4
0x00119D9C,0x00119DA0,0x4
0x00119E7C,0x00119E80,0x4
0x0011A104,0x0011A108,0x4
0x0011B36C,0x0011B370,0x4
0x0011B37C,0x0011B380,0x4
0x0011B594,0x0011B598,0x4
0x0011B5F4,0x0011B5F8,0x4
0x0011B784,0x0011B788,0x4
0x0011B7A4,0x0011B7A8,0x4
0x0011B834,0x0011B838,0x4
0x0011B9CC,0x0011B9D0,0x4
0x0011B9F4,0x0011B9F8,0x4
0x0011BADC,0x0011BAE0,0x4
0x0011BDD4,0x0011BDD8,0x4
0x0011BF44,0x0011BF48,0x4
0x0011C3F4,0x0011C3F8,0x4
0x0011C454,0x0011C458,0x4
0x0011C8CC,0x0011C8D0,0x4
0x0011C95C,0x0011C960,0x4
0x0011C96C,0x0011C970,0x4
0x0011C994,0x0011C998,0x4
0x0011C9B4,0x0011C9B8,0x4
0x0011CB6C,0x0011CB70,0x4
0x0011CBC4,0x0011CBC8,0x4
0x0011D5C4,0x0011D5C8,0x4
0x0011D73C,0x0011D740,0x4
0x0011D8F4,0x0011D8F8,0x4
0x0011DA34,0x0011DA38,0x4
0x0011DA84,0x0011DA88,0x4
0x0011DB2C,0x0011DB30,0x4
0x0011DB5C,0x0011DB60,0x4
0x0011DED4,0x0011DED8,0x4
0x0011E11C,0x0011E120,0x4
0x0011E21C,0x0011E220,0x4
0x0011E95C,0x0011E960,0x4
0x0011EA2C,0x0011EA30,0x4
0x0011EB5C,0x0011EB60,0x4
0x0011F5BC,0x0011F5C0,0x4
0x0011F63C,0x0011F640,0x4
0x0011F6D4,0x0011F6D8,0x4
0x0011F854,0x0011F858,0x4
0x0011FA2C,0x0011FA30,0x4
0x0011FB14,0x0011FB18,0x4
0x0011FB34,0x0011FB38,0x4
0x0011FD3C,0x0011FD40,0x4
0x0011FE84,0x0011FE88,0x4
0x0011FF9C,0x0011FFA0,0x4
0x00120284,0x00120288,0x4
0x001205FC,0x00120600,0x4
0x00120864,0x00120868,0x4
0x001208B4,0x001208B8,0x4
0x001209B4,0x001209B8,0x4
0x00120A2C,0x00120A30,0x4
0x0012233C,0x00122340,0x4
0x00122394,0x00122398,0x4
0x001223EC,0x001223F0,0x4
0x0012266C,0x00122670,0x4
0x0012276C,0x00122770,0x4
0x001227E8,0x001227F0,0x8
0x00122854,0x00122860,0xC
0x0012295C,0x00122960,0x4
0x00122CCC,0x00122CD0,0x4
0x00122D94,0x00122DA0,0xC
0x00122FD8,0x00122FE0,0x8
0x0012305C,0x00123060,0x4
0x001230BC,0x001230C0,0x4
0x001230EC,0x001230F0,0x4
0x001231FC,0x00123200,0x4
0x00123248,0x00123250,0x8
0x0012340C,0x00123410,0x4
0x00123464,0x00123470,0xC
0x00123754,0x00123760,0xC
0x001237D8,0x001237E0,0x8
0x0012465C,0x00124660,0x4
0x001254E4,0x001254F0,0xC
0x001256F8,0x00125700,0x8
0x0012589C,0x001258A0,0x4
0x001258E8,0x001258F0,0x8
0x00125938,0x00125940,0x8
0x00125A14,0x00125A20,0xC
0x00125A74,0x00125A80,0xC
0x00125AEC,0x00125AF0,0x4
0x00125C18,0x00125C20,0x8
0x00125C8C,0x00125C90,0x4
0x00125DB8,0x00125DC0,0x8
0x00125E1C,0x00125E20,0x4
0x00125E6C,0x00125E70,0x4
0x00125F7C,0x00125F80,0x4
0x00126034,0x00126040,0xC
0x00126078,0x00126080,0x8
0x001261AC,0x001261B0,0x4
0x0012627C,0x00126280,0x4
0x001262BC,0x001262C0,0x4
0x00126334,0x00126340,0xC
0x0012637C,0x00126380,0x4
0x001263F4,0x00126400,0xC
0x00126464,0x00126470,0xC
0x0012669C,0x001266A0,0x4
0x00126968,0x00126970,0x8
0x00126D04,0x00126D10,0xC
0x00127134,0x00127140,0xC
0x001271DC,0x001271E0,0x4
0x00127284,0x00127290,0xC
0x00127518,0x00127520,0x8
0x00127588,0x00127590,0x8
0x001275E4,0x001275F0,0xC
0x00127798,0x001277A0,0x8
0x001278E4,0x001278F0,0xC
0x0012796C,0x00127970,0x4
0x00127988,0x00127990,0x8
0x00127C48,0x00127C50,0x8
0x00128378,0x00128380,0x8
0x001283B4,0x001283C0,0xC
0x00128508,0x00128510,0x8
0x00128648,0x00128650,0x8
0x0012873C,0x00128740,0x4
0x0012889C,0x001288A0,0x4
0x00128AD8,0x00128AE0,0x8
0x00128C94,0x00128CA0,0xC
0x00129078,0x00129080,0x8
0x00129108,0x00129110,0x8
0x0012913C,0x00129140,0x4
0x001294C8,0x001294D0,0x8
0x00129868,0x00129870,0x8
0x0012A0C4,0x0012A0D0,0xC
0x0012A11C,0x0012A120,0x4
0x0012A16C,0x0012A170,0x4
0x0012A1BC,0x0012A1C0,0x4
0x0012A20C,0x0012A210,0x4
0x0012A28C,0x0012A290,0x4
0x0012A2E4,0x0012A2F0,0xC
0x0012A31C,0x0012A320,0x4
0x0012A39C,0x0012A3A0,0x4
0x0012A414,0x0012A420,0xC
0x0012A584,0x0012A590,0xC
0x0012A8E8,0x0012A8F0,0x8
0x0012A98C,0x0012A990,0x4
0x0012AA98,0x0012AAA0,0x8
0x0012ABA8,0x0012ABB0,0x8
0x0012ABB8,0x0012ABC0,0x8
0x0012AC64,0x0012AC70,0xC
0x0012AC88,0x0012AC90,0x8
0x0012ACB4,0x0012ACC0,0xC
0x0012ACC8,0x0012ACD0,0x8
0x0012ACF8,0x0012AD00,0x8
0x0012ADD4,0x0012ADE0,0xC
0x0012B91C,0x0012B920,0x4
0x0012BA6C,0x0012BA70,0x4
0x0012BB78,0x0012BB80,0x8
0x0012BBF8,0x0012BC00,0x8
0x0012BDBC,0x0012BDC0,0x4
0x0012BFA4,0x0012BFB0,0xC
0x0012BFE4,0x0012BFF0,0xC
0x0012C0C4,0x0012C0D0,0xC
0x0012C118,0x0012C120,0x8
0x0012C464,0x0012C470,0xC
0x0012C5B4,0x0012C5C0,0xC
0x0012C8D4,0x0012C8E0,0xC
0x0012CB48,0x0012CB50,0x8
0x0012CDF8,0x0012CE00,0x8
0x0012D2A4,0x0012D2B0,0xC
0x0012D2F4,0x0012D300,0xC
0x0012D49C,0x0012D4A0,0x4
0x0012D56C,0x0012D570,0x4
0x0012D66C,0x0012D670,0x4
0x0012D6AC,0x0012D6B0,0x4
0x0012D828,0x0012D830,0x8
0x0012D94C,0x0012D950,0x4
0x0012D9F4,0x0012DA00,0xC
0x0012DB98,0x0012DBA0,0x8
0x0012DBE8,0x0012DBF0,0x8
0x0012DBF8,0x0012DC00,0x8
0x0012DD88,0x0012DD90,0x8
0x0012DE64,0x0012DE70,0xC
0x0012DF2C,0x0012DF30,0x4
0x0012E314,0x0012E320,0xC
0x0012E4B4,0x0012E4C0,0xC
0x0012E554,0x0012E560,0xC
0x0012E5D8,0x0012E5E0,0x8
0x0012E63C,0x0012E640,0x4
0x0012E6A4,0x0012E6B0,0xC
0x0012E714,0x0012E720,0xC
0x0012E76C,0x0012E770,0x4
0x0012E778,0x0012E780,0x8
0x0012EF48,0x0012EF50,0x8
0x0012EF7C,0x0012EF80,0x4
0x0012EFAC,0x0012EFB0,0x4
0x0012F03C,0x0012F040,0x4
0x0012F054,0x0012F060,0xC
0x0012F0A8,0x0012F0B0,0x8
0x0012F3D4,0x0012F3E0,0xC
0x0012F434,0x0012F440,0xC
0x0012F448,0x0012F450,0x8
0x0012F458,0x0012F460,0x8
0x0012F4B4,0x0012F4C0,0xC
0x0012F6EC,0x0012F6F0,0x4
0x0012F704,0x0012F710,0xC
0x0012F858,0x0012F860,0x8
0x0012F924,0x0012F930,0xC
0x0012FB88,0x0012FB90,0x8
0x0012FC34,0x0012FC40,0xC
0x0012FCB8,0x0012FCC0,0x8
0x0012FFC4,0x0012FFD0,0xC
0x0013003C,0x00130040,0x4
0x00130818,0x00130820,0x8
0x00131334,0x00131340,0xC
0x00131464,0x00131470,0xC
0x00131534,0x00131540,0xC
0x001315D8,0x001315E0,0x8
0x001315E8,0x001315F0,0x8
0x0013165C,0x00131660,0x4
0x001316C8,0x001316D0,0x8
0x00131718,0x00131720,0x8
0x0013174C,0x00131750,0x4
0x001317A8,0x001317B0,0x8
0x001317E4,0x001317F0,0xC
0x00131824,0x00131830,0xC
0x0013186C,0x00131870,0x4
0x00131958,0x00131960,0x8
0x00131978,0x00131980,0x8
0x0013198C,0x00131990,0x4
0x001319D4,0x001319E0,0xC
0x001319E8,0x001319F0,0x8
0x00131A94,0x00131AA0,0xC
0x00131AA8,0x00131AB0,0x8
0x00131B4C,0x00131B50,0x4
0x00131CD4,0x00131CE0,0xC
0x00131E18,0x00131E20,0x8
0x00131F8C,0x00131F90,0x4
0x00132114,0x00132120,0xC
0x001323FC,0x00132400,0x4
0x001324E8,0x001324F0,0x8
0x00132594,0x001325A0,0xC
0x00132728,0x00132730,0x8
0x00132804,0x00132810,0xC
0x00132878,0x00132880,0x8
0x00132948,0x00132950,0x8
0x00132A48,0x00132A50,0x8
0x00132C6C,0x00132C70,0x4
0x00132F68,0x00132F70,0x8
0x00132FA4,0x00132FB0,0xC
0x00133018,0x00133020,0x8
0x00133138,0x00133140,0x8
0x00133194,0x001331A0,0xC
0x001331D4,0x001331E0,0xC
0x001332CC,0x001332D0,0x4
0x0013350C,0x00133510,0x4
0x00133714,0x00133720,0xC
0x00133758,0x00133760,0x8
0x00133858,0x00133860,0x8
0x001338EC,0x001338F0,0x4
0x00133A6C,0x00133A70,0x4
0x00133B18,0x00133B20,0x8
0x00133B94,0x00133BA0,0xC
0x00133C64,0x00133C70,0xC
0x00133F18,0x00133F20,0x8
0x00133FE8,0x00133FF0,0x8
0x00134038,0x00134040,0x8
0x00134144,0x00134150,0xC
0x0013419C,0x001341A0,0x4
0x001341A8,0x001341B0,0x8
0x00134228,0x00134230,0x8
0x001342C8,0x001342D0,0x8
0x001343DC,0x001343E0,0x4
0x001344F4,0x00134500,0xC
0x001345AC,0x001345B0,0x4
0x001345BC,0x001345C0,0x4
0x00134708,0x00134710,0x8
0x00134784,0x00134790,0xC
0x001347CC,0x001347D0,0x4
0x00134C08,0x00134C10,0x8
0x00134C5C,0x00134C60,0x4
0x00134D24,0x00134D30,0xC
0x00135148,0x00135150,0x8
0x00135228,0x00135230,0x8
0x001355F8,0x00135600,0x8
0x00135694,0x001356A0,0xC
0x00135B6C,0x00135B70,0x4
0x00135D78,0x00135D80,0x8
0x00135D94,0x00135DA0,0xC
0x00135DA8,0x00135DB0,0x8
0x00135F0C,0x00135F10,0x4
0x00135FE8,0x00135FF0,0x8
0x00136068,0x00136070,0x8
0x001360B8,0x001360C0,0x8
0x00136104,0x00136110,0xC
0x001362BC,0x001362C0,0x4
0x0013636C,0x00136370,0x4
0x001363CC,0x001363D0,0x4
0x0013647C,0x00136480,0x4
0x0013655C,0x00136560,0x4
0x00136568,0x00136570,0x8
0x0013682C,0x00136830,0x4
0x00136A08,0x00136A10,0x8
0x00136B58,0x00136B60,0x8
0x00136BE8,0x00136BF0,0x8
0x00136C78,0x00136C80,0x8
0x00136D4C,0x00136D50,0x4
0x00136D98,0x00136DA0,0x8
0x00137138,0x00137140,0x8
0x0013774C,0x00137750,0x4
0x001377D4,0x001377E0,0xC
0x001377E8,0x001377F0,0x8
0x001378BC,0x001378C0,0x4
0x00137908,0x00137910,0x8
0x001379F4,0x00137A00,0xC
0x00137AFC,0x00137B00,0x4
0x00137D4C,0x00137D50,0x4
0x00137DD4,0x00137DE0,0xC
0x00137DE8,0x00137DF0,0x8
0x00137EBC,0x00137EC0,0x4
0x00138184,0x00138190,0xC
0x00138208,0x00138210,0x8
0x0013826C,0x00138270,0x4
0x00138278,0x00138280,0x8
0x001382E8,0x001382F0,0x8
0x00138344,0x00138350,0xC
0x001385A4,0x001385B0,0xC
0x0013862C,0x00138630,0x4
0x0013868C,0x00138690,0x4
0x00138708,0x00138710,0x8
0x001387F8,0x00138800,0x8
0x0013887C,0x00138880,0x4
0x001388EC,0x001388F0,0x4
0x001388F8,0x00138900,0x8
0x00138934,0x00138940,0xC
0x00138978,0x00138980,0x8
0x00138A18,0x00138A20,0x8
0x00138A58,0x00138A60,0x8
0x00138A98,0x00138AA0,0x8
0x001390E4,0x001390F0,0xC
0x00139198,0x001391A0,0x8
0x001391A8,0x001391B0,0x8
0x00139374,0x00139380,0xC
0x0013953C,0x00139540,0x4
0x0013958C,0x00139590,0x4
0x001395CC,0x001395D0,0x4
0x001396D4,0x001396E0,0xC
0x001398CC,0x001398D0,0x4
0x001398F8,0x00139900,0x8
0x00139A84,0x00139A90,0xC
0x00139B0C,0x00139B10,0x4
0x00139B88,0x00139B90,0x8
0x00139B98,0x00139BA0,0x8
0x00139CF8,0x00139D00,0x8
0x00139ED8,0x00139EE0,0x8
0x0013A068,0x0013A070,0x8
0x0013A20C,0x0013A210,0x4
0x0013A2C8,0x0013A2D0,0x8
0x0013A318,0x0013A320,0x8
0x0013A34C,0x0013A350,0x4
0x0013A3D4,0x0013A3E0,0xC
0x0013A3E8,0x0013A3F0,0x8
0x0013A438,0x0013A440,0x8
0x0013A478,0x0013A480,0x8
0x0013A49C,0x0013A4A0,0x4
0x0013A5AC,0x0013A5B0,0x4
0x0013A5FC,0x0013A600,0x4
0x0013A608,0x0013A610,0x8
0x0013A754,0x0013A760,0xC
0x0013A884,0x0013A890,0xC
0x0013A9CC,0x0013A9D0,0x4
0x0013AAB4,0x0013AAC0,0xC
0x0013ABC8,0x0013ABD0,0x8
0x0013AD94,0x0013ADA0,0xC
0x0013ADFC,0x0013AE00,0x4
0x0013AE98,0x0013AEA0,0x8
0x0013AF5C,0x0013AF60,0x4
0x0013AF8C,0x0013AF90,0x4
0x0013AFF8,0x0013B000,0x8
0x0013B008,0x0013B010,0x8
0x0013B058,0x0013B060,0x8
0x0013B1B8,0x0013B1C0,0x8
0x0013B2AC,0x0013B2B0,0x4
0x0013B374,0x0013B380,0xC
0x0013B3B8,0x0013B3C0,0x8
0x0013B4D8,0x0013B4E0,0x8
0x0013B558,0x0013B560,0x8
0x0013B5CC,0x0013B5D0,0x4
0x0013B5D8,0x0013B5E0,0x8
0x0013B5E8,0x0013B5F0,0x8
0x0013B69C,0x0013B6A0,0x4
0x0013B764,0x0013B770,0xC
0x0013B7CC,0x0013B7D0,0x4
0x0013BA38,0x0013BA40,0x8
0x0013BB54,0x0013BB60,0xC
0x0013BB68,0x0013BB70,0x8
0x0013BB78,0x0013BB80,0x8
0x0013BCD4,0x0013BCE0,0xC
0x0013BCF8,0x0013BD00,0x8
0x0013BD0C,0x0013BD10,0x4
0x0013BE1C,0x0013BE20,0x4
0x0013BF78,0x0013BF80,0x8
0x0013C108,0x0013C110,0x8
0x0013C328,0x0013C330,0x8
0x0013C3CC,0x0013C3D0,0x4
0x0013C45C,0x0013C460,0x4
0x0013C4BC,0x0013C4C0,0x4
0x0013C504,0x0013C510,0xC
0x0013C598,0x0013C5A0,0x8
0x0013C6F8,0x0013C700,0x8
0x0013C714,0x0013C720,0xC
0x0013C728,0x0013C730,0x8
0x0013C798,0x0013C7A0,0x8
0x0013C998,0x0013C9A0,0x8
0x0013C9E4,0x0013C9F0,0xC
0x0013C9F8,0x0013CA00,0x8
0x0013CC48,0x0013CC50,0x8
0x0013CDDC,0x0013CDE0,0x4
0x0013D0EC,0x0013D0F0,0x4
0x0013D2F4,0x0013D300,0xC
0x0013D338,0x0013D340,0x8
0x0013D348,0x0013D350,0x8
0x0013D6E4,0x0013D6F0,0xC
0x0013D894,0x0013D8A0,0xC
0x0013DA98,0x0013DAA0,0x8
0x0013DBDC,0x0013DBE0,0x4
0x0013DD08,0x0013DD10,0x8
0x0013DD78,0x0013DD80,0x8
0x0013DDBC,0x0013DDC0,0x4
0x0013DEBC,0x0013DEC0,0x4
0x0013DF9C,0x0013DFA0,0x4
0x0013DFA8,0x0013DFB0,0x8
0x0013E0EC,0x0013E0F0,0x4
0x0013E4C4,0x0013E4D0,0xC
0x0013E56C,0x0013E570,0x4
0x0013E75C,0x0013E760,0x4
0x0013E9F8,0x0013EA00,0x8
0x0013EAC8,0x0013EAD0,0x8
0x0013EE08,0x0013EE10,0x8
0x0013EE88,0x0013EE90,0x8
0x0013F0F8,0x0013F100,0x8
0x0013F344,0x0013F350,0xC
0x0013F3FC,0x0013F400,0x4
0x0013F5EC,0x0013F5F0,0x4
0x0013F6A8,0x0013F6B0,0x8
0x0013F79C,0x0013F7A0,0x4
0x0013F864,0x0013F870,0xC
0x0013F878,0x0013F880,0x8
0x0013FABC,0x0013FAC0,0x4
0x0013FB34,0x0013FB40,0xC
0x0013FC14,0x0013FC20,0xC
0x0013FCA4,0x0013FCB0,0xC
0x0013FCDC,0x0013FCE0,0x4
0x0013FD9C,0x0013FDA0,0x4
0x0013FE54,0x0013FE60,0xC
0x0013FEF4,0x0013FF00,0xC
0x0013FFBC,0x0013FFC0,0x4
0x0014001C,0x00140020,0x4
0x0014010C,0x00140110,0x4
0x00140368,0x00140370,0x8
0x00140414,0x00140420,0xC
0x001406C8,0x001406D0,0x8
0x00140BE4,0x00140BF0,0xC
0x00140D34,0x00140D40,0xC
0x00140E84,0x00140E90,0xC
0x00140F24,0x00140F30,0xC
0x00141034,0x00141040,0xC
0x001410C4,0x001410D0,0xC
0x00141128,0x00141130,0x8
0x00141244,0x00141250,0xC
0x001412C8,0x001412D0,0x8
0x0014141C,0x00141420,0x4
0x0014153C,0x00141540,0x4
0x001415A4,0x001415B0,0xC
0x00141CEC,0x00141CF0,0x4
0x001422D4,0x001422E0,0xC
0x00142318,0x00142320,0x8
0x00142608,0x00142610,0x8
0x001428D4,0x001428E0,0xC
0x0014319C,0x001431A0,0x4
0x00143364,0x00143370,0xC
0x001433CC,0x001433D0,0x4
0x0014342C,0x00143430,0x4
0x00143494,0x001434A0,0xC
0x0014385C,0x00143860,0x4
0x00143914,0x00143920,0xC
0x00143A5C,0x00143A60,0x4
0x00143C54,0x00143C60,0xC
0x00143C94,0x00143CA0,0xC
0x00143D44,0x00143D50,0xC
0x00143D94,0x00143DA0,0xC
0x00143F08,0x00143F10,0x8
0x00144258,0x00144260,0x8
0x0014445C,0x00144460,0x4
0x001444B4,0x001444C0,0xC
0x001444C8,0x001444D0,0x8
0x001446E8,0x001446F0,0x8
0x001448DC,0x001448E0,0x4
0x001449D4,0x001449E0,0xC
0x00144CAC,0x00144CB0,0x4
0x00144EE8,0x00144EF0,0x8
0x00144F48,0x00144F50,0x8
0x00144FB4,0x00144FC0,0xC
0x00145044,0x00145050,0xC
0x001450B8,0x001450C0,0x8
0x001453A4,0x001453B0,0xC
0x00145554,0x00145560,0xC
0x00145A8C,0x00145A90,0x4
0x00145B08,0x00145B10,0x8
0x00145CCC,0x00145CD0,0x4
0x00145E3C,0x00145E40,0x4
0x00145EC8,0x00145ED0,0x8
0x00145F24,0x00145F30,0xC
0x00145FA8,0x00145FB0,0x8
0x0014603C,0x00146040,0x4
0x001461E8,0x001461F0,0x8
0x001462A4,0x001462B0,0xC
0x001464C4,0x001464D0,0xC
0x001465C8,0x001465D0,0x8
0x00146708,0x00146710,0x8
0x00146ADC,0x00146AE0,0x4
0x00146B7C,0x00146B80,0x4
0x00146BCC,0x00146BD0,0x4
0x00146C74,0x00146C80,0xC
0x00146D78,0x00146D80,0x8
0x00146F34,0x00146F40,0xC
0x00146F48,0x00146F50,0x8
0x0014708C,0x00147090,0x4
0x00147198,0x001471A0,0x8
0x001472A4,0x001472B0,0xC
0x00147314,0x00147320,0xC
0x001474B8,0x001474C0,0x8
0x001474C8,0x001474D0,0x8
0x001474D8,0x001474E0,0x8
0x00147534,0x00147540,0xC
0x00147658,0x00147660,0x8
0x00147744,0x00147750,0xC
0x0014786C,0x00147870,0x4
0x00147AAC,0x00147AB0,0x4
0x00147B54,0x00147B60,0xC
0x00147B68,0x00147B70,0x8
0x00147D1C,0x00147D20,0x4
0x00147E48,0x00147E50,0x8
0x001481FC,0x00148200,0x4
0x001484A8,0x001484B0,0x8
0x001484B8,0x001484C0,0x8
0x001485BC,0x001485C0,0x4
0x001486A8,0x001486B0,0x8
0x0014878C,0x00148790,0x4
0x00148978,0x00148980,0x8
0x00148988,0x00148990,0x8
0x001489DC,0x001489E0,0x4
0x00148A98,0x00148AA0,0x8
0x00148B18,0x00148B20,0x8
0x00148D34,0x00148D40,0xC
0x00148DD4,0x00148DE0,0xC
0x00148E8C,0x00148E90,0x4
0x00148EC8,0x00148ED0,0x8
0x00148F78,0x00148F80,0x8
0x00148FCC,0x00148FD0,0x4
0x00149014,0x00149020,0xC
0x0014968C,0x00149690,0x4
0x00149818,0x00149820,0x8
0x001498D8,0x001498E0,0x8
0x00149A6C,0x00149A70,0x4
0x00149AB8,0x00149AC0,0x8
0x00149AC8,0x00149AD0,0x8
0x00149AD8,0x00149AE0,0x8
0x00149B68,0x00149B70,0x8
0x00149CE4,0x00149CF0,0xC
0x00149D54,0x00149D60,0xC
0x00149D68,0x00149D70,0x8
0x00149E24,0x00149E30,0xC
0x0014A0D8,0x0014A0E0,0x8
0x0014A124,0x0014A130,0xC
0x0014A218,0x0014A220,0x8
0x0014A298,0x0014A2A0,0x8
0x0014A37C,0x0014A380,0x4
0x0014A3C4,0x0014A3D0,0xC
0x0014A4CC,0x0014A4D0,0x4
0x0014A4D8,0x0014A4E0,0x8
0x0014A524,0x0014A530,0xC
0x0014A638,0x0014A640,0x8
0x0014A678,0x0014A680,0x8
0x0014A8A8,0x0014A8B0,0x8
0x0014A9F4,0x0014AA00,0xC
0x0014AA08,0x0014AA10,0x8
0x0014AC2C,0x0014AC30,0x4
0x0014B654,0x0014B660,0xC
0x0014BD9C,0x0014BDA0,0x4
0x0014C02C,0x0014C030,0x4
0x0014C074,0x0014C080,0xC
0x0014C0C4,0x0014C0D0,0xC
0x0014C0D8,0x0014C0E0,0x8
0x0014C1C8,0x0014C1D0,0x8
0x0014C384,0x0014C390,0xC
0x0014C3C4,0x0014C3D0,0xC
0x0014C4BC,0x0014C4C0,0x4
0x0014C704,0x0014C710,0xC
0x0014C75C,0x0014C760,0x4
0x0014C90C,0x0014C910,0x4
0x0014CA7C,0x0014CA80,0x4
0x0014CB08,0x0014CB10,0x8
0x0014CE14,0x0014CE20,0xC
0x0014CF1C,0x0014CF20,0x4
0x0014D1B8,0x0014D1C0,0x8
0x0014D404,0x0014D410,0xC
0x0014D564,0x0014D570,0xC
0x0014D624,0x0014D630,0xC
0x0014D6F8,0x0014D700,0x8
0x0014D798,0x0014D7A0,0x8
0x0014D9DC,0x0014D9E0,0x4
0x0014DA78,0x0014DA80,0x8
0x0014DA88,0x0014DA90,0x8
0x0014E0D4,0x0014E0E0,0xC
0x0014E2EC,0x0014E2F0,0x4
0x0014E76C,0x0014E770,0x4
0x0014E7AC,0x0014E7B0,0x4
0x0014E8D8,0x0014E8E0,0x8
0x0014EA78,0x0014EA80,0x8
0x0014EB14,0x0014EB20,0xC
0x0014EC24,0x0014EC30,0xC
0x0014EE7C,0x0014EE80,0x4
0x0014EEB4,0x0014EEC0,0xC
0x0014EF34,0x0014EF40,0xC
0x0014F01C,0x0014F020,0x4
0x0014F0DC,0x0014F0E0,0x4
0x0014F1C4,0x0014F1D0,0xC
0x0014F2CC,0x0014F2D0,0x4
0x0014F598,0x0014F5A0,0x8
0x0014F844,0x0014F850,0xC
0x0014FAF8,0x0014FB00,0x8
0x0014FD74,0x0014FD80,0xC
0x0014FDB4,0x0014FDC0,0xC
0x0014FE84,0x0014FE90,0xC
0x0014FEC4,0x0014FED0,0xC
0x0014FFEC,0x0014FFF0,0x4
0x001500D4,0x001500E0,0xC
0x001503D4,0x001503E0,0xC
0x0015051C,0x00150520,0x4
0x00150664,0x00150670,0xC
0x00150824,0x00150830,0xC
0x001508C4,0x001508D0,0xC
0x001509C4,0x001509D0,0xC
0x00150ADC,0x00150AE0,0x4
0x00150BF4,0x00150C00,0xC
0x00150C34,0x00150C40,0xC
0x00150D6C,0x00150D70,0x4
0x00150EB4,0x00150EC0,0xC
0x00150EC8,0x00150ED0,0x8
0x00150FC8,0x00150FD0,0x8
0x00151268,0x00151270,0x8
0x0015129C,0x001512A0,0x4
0x001515C8,0x001515D0,0x8
0x0015162C,0x00151630,0x4
0x00151638,0x00151640,0x8
0x0015164C,0x00151650,0x4
0x00151698,0x001516A0,0x8
0x0015170C,0x00151710,0x4
0x0015171C,0x00151720,0x4
0x00151774,0x00151780,0xC
0x001519D8,0x001519E0,0x8
0x00151A1C,0x00151A20,0x4
0x00151A8C,0x00151A90,0x4
0x001520D8,0x001520E0,0x8
0x00152174,0x00152180,0xC
0x001523FC,0x00152400,0x4
0x0015254C,0x00152550,0x4
0x00152558,0x00152560,0x8
0x001525F8,0x00152600,0x8
0x00152658,0x00152660,0x8
0x00152698,0x001526A0,0x8
0x00152718,0x00152720,0x8
0x00152784,0x00152790,0xC
0x001527BC,0x001527C0,0x4
0x001527EC,0x001527F0,0x4
0x0015295C,0x00152960,0x4
0x00152988,0x00152990,0x8
0x00152998,0x001529A0,0x8
0x00152AC8,0x00152AD0,0x8
0x00152D18,0x00152D20,0x8
0x00152FA8,0x00152FB0,0x8
0x001532E4,0x001532F0,0xC
0x0015330C,0x00153310,0x4
0x00153344,0x00153350,0xC
0x00153384,0x00153390,0xC
0x001534CC,0x001534D0,0x4
0x00153524,0x00153530,0xC
0x0015366C,0x00153670,0x4
0x00153708,0x00153710,0x8
0x00153744,0x00153750,0xC
0x001537AC,0x001537B0,0x4
0x001537C4,0x001537D0,0xC
0x001538A4,0x001538B0,0xC
0x00153AA8,0x00153AB0,0x8
0x00153D18,0x00153D20,0x8
0x00154184,0x00154190,0xC
0x00154218,0x00154220,0x8
0x00154384,0x00154390,0xC
0x001543F4,0x00154400,0xC
0x00154468,0x00154470,0x8
0x00154578,0x00154580,0x8
0x00154704,0x00154710,0xC
0x00154784,0x00154790,0xC
0x0015493C,0x00154940,0x4
0x001549AC,0x001549B0,0x4
0x00154B5C,0x00154B60,0x4
0x00154BE4,0x00154BF0,0xC
0x00154C58,0x00154C60,0x8
0x00154CE4,0x00154CF0,0xC
0x00154D58,0x00154D60,0x8
0x00154E04,0x00154E10,0xC
0x00154F08,0x00154F10,0x8
0x001550CC,0x001550D0,0x4
0x0015519C,0x001551A0,0x4
0x001553AC,0x001553B0,0x4
0x0015541C,0x00155420,0x4
0x0015548C,0x00155490,0x4
0x00155538,0x00155540,0x8
0x00155598,0x001555A0,0x8
0x001556D4,0x001556E0,0xC
0x0015579C,0x001557A0,0x4
0x001557F8,0x00155800,0x8
0x0015595C,0x00155960,0x4
0x00155A48,0x00155A50,0x8
0x00155AA8,0x00155AB0,0x8
0x00155C68,0x00155C70,0x8
0x00155EF4,0x00155F00,0xC
0x00155F94,0x00155FA0,0xC
0x001560F4,0x00156100,0xC
0x0015627C,0x00156280,0x4
0x0015639C,0x001563A0,0x4
0x00156474,0x00156480,0xC
0x001564E8,0x001564F0,0x8
0x00156504,0x00156510,0xC
0x00156518,0x00156520,0x8
0x00156644,0x00156650,0xC
0x00156798,0x001567A0,0x8
0x00156824,0x00156830,0xC
0x00156898,0x001568A0,0x8
0x00156924,0x00156930,0xC
0x001569B4,0x001569C0,0xC
0x00156A34,0x00156A40,0xC
0x00156AC4,0x00156AD0,0xC
0x00156B44,0x00156B50,0xC
0x00156BD4,0x00156BE0,0xC
0x00156C4C,0x00156C50,0x4
0x00156CF4,0x00156D00,0xC
0x00156D6C,0x00156D70,0x4
0x00156E0C,0x00156E10,0x4
0x00156EDC,0x00156EE0,0x4
0x00156F4C,0x00156F50,0x4
0x0015700C,0x00157010,0x4
0x0015707C,0x00157080,0x4
0x00157134,0x00157140,0xC
0x001571C8,0x001571D0,0x8
0x00157284,0x00157290,0xC
0x00157324,0x00157330,0xC
0x001575F4,0x00157600,0xC
0x00157698,0x001576A0,0x8
0x0015773C,0x00157740,0x4
0x00157828,0x00157830,0x8
0x0015788C,0x00157890,0x4
0x0015796C,0x00157970,0x4
0x00157A08,0x00157A10,0x8
0x00157C88,0x00157C90,0x8
0x00157E58,0x00157E60,0x8
0x00157EF8,0x00157F00,0x8
0x00158168,0x00158170,0x8
0x001581B8,0x001581C0,0x8
0x0015827C,0x00158280,0x4
0x0015846C,0x00158470,0x4
0x0015850C,0x00158510,0x4
0x0015870C,0x00158710,0x4
0x001587AC,0x001587B0,0x4
0x00158998,0x001589A0,0x8
0x00158A3C,0x00158A40,0x4
0x00158BCC,0x00158BD0,0x4
0x00158C6C,0x00158C70,0x4
0x00158CCC,0x00158CD0,0x4
0x00158ED4,0x00158EE0,0xC
0x00158F8C,0x00158F90,0x4
0x00159194,0x001591A0,0xC
0x0015924C,0x00159250,0x4
0x00159454,0x00159460,0xC
0x0015950C,0x00159510,0x4
0x00159714,0x00159720,0xC
0x001597CC,0x001597D0,0x4
0x0015983C,0x00159840,0x4
0x001599E4,0x001599F0,0xC
0x00159A3C,0x00159A40,0x4
0x00159A84,0x00159A90,0xC
0x00159AF8,0x00159B00,0x8
0x00159B9C,0x00159BA0,0x4
0x00159CCC,0x00159CD0,0x4
0x00159E4C,0x00159E50,0x4
0x00159E98,0x00159EA0,0x8
0x00159F4C,0x00159F50,0x4
0x0015A01C,0x0015A020,0x4
0x0015A1BC,0x0015A1C0,0x4
0x0015A288,0x0015A290,0x8
0x0015A32C,0x0015A330,0x4
0x0015A3F8,0x0015A400,0x8
0x0015A49C,0x0015A4A0,0x4
0x0015A4F4,0x0015A500,0xC
0x0015A574,0x0015A580,0xC
0x0015A688,0x0015A690,0x8
0x0015A71C,0x0015A720,0x4
0x0015A944,0x0015A950,0xC
0x0015AA84,0x0015AA90,0xC
0x0015AF88,0x0015AF90,0x8
0x0015AFF8,0x0015B000,0x8
0x0015B1E8,0x0015B1F0,0x8
0x0015B1F8,0x0015B200,0x8
0x0015B658,0x0015B660,0x8
0x0015B7EC,0x0015B7F0,0x4
0x0015B9F8,0x0015BA00,0x8
0x0015BA34,0x0015BA40,0xC
0x0015BAB8,0x0015BAC0,0x8
0x0015BB5C,0x0015BB60,0x4
0x0015BBC8,0x0015BBD0,0x8
0x0015BC8C,0x0015BC90,0x4
0x0015BD3C,0x0015BD40,0x4
0x0015BE88,0x0015BE90,0x8
0x0015BF08,0x0015BF10,0x8
0x0015BFAC,0x0015BFB0,0x4
0x0015C018,0x0015C020,0x8
0x0015C128,0x0015C130,0x8
0x0015C18C,0x0015C190,0x4
0x0015C27C,0x0015C280,0x4
0x0015C3E8,0x0015C3F0,0x8
0x0015C44C,0x0015C450,0x4
0x0015C558,0x0015C560,0x8
0x0015C604,0x0015C610,0xC
0x0015C73C,0x0015C740,0x4
0x0015C8A8,0x0015C8B0,0x8
0x0015C934,0x0015C940,0xC
0x0015C9CC,0x0015C9D0,0x4
0x0015CA54,0x0015CA60,0xC
0x0015CAEC,0x0015CAF0,0x4
0x0015CB74,0x0015CB80,0xC
0x0015CC0C,0x0015CC10,0x4
0x0015CC94,0x0015CCA0,0xC
0x0015CD2C,0x0015CD30,0x4
0x0015CDB4,0x0015CDC0,0xC
0x0015CEC4,0x0015CED0,0xC
0x0015CF54,0x0015CF60,0xC
0x0015D00C,0x0015D010,0x4
0x0015D084,0x0015D090,0xC
0x0015D0F4,0x0015D100,0xC
0x0015D308,0x0015D310,0x8
0x0015D368,0x0015D370,0x8
0x0015D418,0x0015D420,0x8
0x0015D568,0x0015D570,0x8
0x0015D618,0x0015D620,0x8
0x0015D69C,0x0015D6A0,0x4
0x0015D724,0x0015D730,0xC
0x0015D80C,0x0015D810,0x4
0x0015D8EC,0x0015D8F0,0x4
0x0015DA48,0x0015DA50,0x8
0x0015DBD4,0x0015DBE0,0xC
0x0015DC94,0x0015DCA0,0xC
0x0015DD54,0x0015DD60,0xC
0x0015DE04,0x0015DE10,0xC
0x0015DF14,0x0015DF20,0xC
0x0015DFB4,0x0015DFC0,0xC
0x0015E054,0x0015E060,0xC
0x0015E0F4,0x0015E100,0xC
0x0015E294,0x0015E2A0,0xC
0x0015E2D8,0x0015E2E0,0x8
0x0015E2E8,0x0015E2F0,0x8
0x0015E394,0x0015E3A0,0xC
0x0015E614,0x0015E620,0xC
0x0015E628,0x0015E630,0x8
0x0015E6B8,0x0015E6C0,0x8
0x0015E7FC,0x0015E800,0x4
0x0015E994,0x0015E9A0,0xC
0x0015E9D8,0x0015E9E0,0x8
0x0015E9E8,0x0015E9F0,0x8
0x0015EA94,0x0015EAA0,0xC
0x0015ED04,0x0015ED10,0xC
0x0015ED18,0x0015ED20,0x8
0x0015EDA4,0x0015EDB0,0xC
0x0015EE04,0x0015EE10,0xC
0x0015EE48,0x0015EE50,0x8
0x0015EE58,0x0015EE60,0x8
0x0015EF04,0x0015EF10,0xC
0x0015F014,0x0015F020,0xC
0x0015F23C,0x0015F240,0x4
0x0015F2A4,0x0015F2B0,0xC
0x0015F4A8,0x0015F4B0,0x8
0x0015F4B8,0x0015F4C0,0x8
0x0015F578,0x0015F580,0x8
0x0015F774,0x0015F780,0xC
0x0015F83C,0x0015F840,0x4
0x0015F894,0x0015F8A0,0xC
0x0015F8B4,0x0015F8C0,0xC
0x0015F8C8,0x0015F8D0,0x8
0x0015F8D8,0x0015F8E0,0x8
0x0015FA9C,0x0015FAA0,0x4
0x0015FB2C,0x0015FB30,0x4
0x0015FDE4,0x0015FDF0,0xC
0x0015FEA8,0x0015FEB0,0x8
0x0015FF68,0x0015FF70,0x8
0x0015FFA4,0x0015FFB0,0xC
0x00160144,0x00160150,0xC
0x00160188,0x00160190,0x8
0x00160198,0x001601A0,0x8
0x00160244,0x00160250,0xC
0x001604B4,0x001604C0,0xC
0x001604C8,0x001604D0,0x8
0x00160564,0x00160570,0xC
0x001605FC,0x00160600,0x4
0x00160678,0x00160680,0x8
0x00160988,0x00160990,0x8
0x00160AEC,0x00160AF0,0x4
0x00160B78,0x00160B80,0x8
0x00160C34,0x00160C40,0xC
0x00160C74,0x00160C80,0xC
0x00160E44,0x00160E50,0xC
0x00160EA4,0x00160EB0,0xC
0x00160F8C,0x00160F90,0x4
0x00161008,0x00161010,0x8
0x001610B4,0x001610C0,0xC
0x00161234,0x00161240,0xC
0x001612AC,0x001612B0,0x4
0x001612C4,0x001612D0,0xC
0x001612E4,0x001612F0,0xC
0x00161364,0x00161370,0xC
0x00161404,0x00161410,0xC
0x0016150C,0x00161510,0x4
0x00161624,0x00161630,0xC
0x00161684,0x00161690,0xC
0x0016175C,0x00161760,0x4
0x00161874,0x00161880,0xC
0x001618D4,0x001618E0,0xC
0x001619AC,0x001619B0,0x4
0x00161AC4,0x00161AD0,0xC
0x00161F14,0x00161F20,0xC
0x00162074,0x00162080,0xC
0x001620E8,0x001620F0,0x8
0x001621B4,0x001621C0,0xC
0x001621D4,0x001621E0,0xC
0x001621E8,0x001621F0,0x8
0x00162408,0x00162410,0x8
0x0016260C,0x00162610,0x4
0x00162638,0x00162640,0x8
0x001627B4,0x001627C0,0xC
0x001627F8,0x00162800,0x8
0x00162808,0x00162810,0x8
0x001628B4,0x001628C0,0xC
0x00162B94,0x00162BA0,0xC
0x00162BA8,0x00162BB0,0x8
0x00162DE4,0x00162DF0,0xC
0x00162F4C,0x00162F50,0x4
0x00162FDC,0x00162FE0,0x4
0x0016304C,0x00163050,0x4
0x001630E4,0x001630F0,0xC
0x001631AC,0x001631B0,0x4
0x0016329C,0x001632A0,0x4
0x00163308,0x00163310,0x8
0x001633A4,0x001633B0,0xC
0x0016340C,0x00163410,0x4
0x00163478,0x00163480,0x8
0x00163514,0x00163520,0xC
0x0016357C,0x00163580,0x4
0x001635E8,0x001635F0,0x8
0x00163684,0x00163690,0xC
0x001636EC,0x001636F0,0x4
0x00163758,0x00163760,0x8
0x0016387C,0x00163880,0x4
0x00163914,0x00163920,0xC
0x00163928,0x00163930,0x8
0x0016399C,0x001639A0,0x4
0x00163A98,0x00163AA0,0x8
0x00163AFC,0x00163B00,0x4
0x00163B64,0x00163B70,0xC
0x00163C64,0x00163C70,0xC
0x00163CCC,0x00163CD0,0x4
0x00163D3C,0x00163D40,0x4
0x00163D54,0x00163D60,0xC
0x00163D68,0x00163D70,0x8
0x00163DBC,0x00163DC0,0x4
0x00163E58,0x00163E60,0x8
0x00163F3C,0x00163F40,0x4
0x00163FC4,0x00163FD0,0xC
0x00164174,0x00164180,0xC
0x0016429C,0x001642A0,0x4
0x001642F8,0x00164300,0x8
0x00164474,0x00164480,0xC
0x0016455C,0x00164560,0x4
0x00164698,0x001646A0,0x8
0x00164778,0x00164780,0x8
0x00164B04,0x00164B10,0xC
0x00164C4C,0x00164C50,0x4
0x00164D0C,0x00164D10,0x4
0x00164E84,0x00164E90,0xC
0x00164FFC,0x00165000,0x4
0x0016509C,0x001650A0,0x4
0x00165244,0x00165250,0xC
0x00165334,0x00165340,0xC
0x00165438,0x00165440,0x8
0x00165488,0x00165490,0x8
0x001654D8,0x001654E0,0x8
0x00165528,0x00165530,0x8
0x00165578,0x00165580,0x8
0x001655C8,0x001655D0,0x8
0x00165618,0x00165620,0x8
0x00165718,0x00165720,0x8
0x00165808,0x00165810,0x8
0x001658F8,0x00165900,0x8
0x001659E8,0x001659F0,0x8
0x00165AFC,0x00165B00,0x4
0x00165B78,0x00165B80,0x8
0x00165C88,0x00165C90,0x8
0x00165DC4,0x00165DD0,0xC
0x00165E44,0x00165E50,0xC
0x00165FFC,0x00166000,0x4
0x00166088,0x00166090,0x8
0x00166128,0x00166130,0x8
0x001661FC,0x00166200,0x4
0x001662CC,0x001662D0,0x4
0x00166484,0x00166490,0xC
0x00166544,0x00166550,0xC
0x001665BC,0x001665C0,0x4
0x00166628,0x00166630,0x8
0x0016670C,0x00166710,0x4
0x001668AC,0x001668B0,0x4
0x0016690C,0x00166910,0x4
0x0016696C,0x00166970,0x4
0x00166A4C,0x00166A50,0x4
0x00166ABC,0x00166AC0,0x4
0x00166B18,0x00166B20,0x8
0x00166B7C,0x00166B80,0x4
0x00166BD8,0x00166BE0,0x8
0x00166C74,0x00166C80,0xC
0x00166D1C,0x00166D20,0x4
0x00166DBC,0x00166DC0,0x4
0x00166E38,0x00166E40,0x8
0x00166F38,0x00166F40,0x8
0x00166FB4,0x00166FC0,0xC
0x00167058,0x00167060,0x8
0x00167138,0x00167140,0x8
0x0016717C,0x00167180,0x4
0x001671D8,0x001671E0,0x8
0x00167238,0x00167240,0x8
0x001672A4,0x001672B0,0xC
0x001673C4,0x001673D0,0xC
0x0016747C,0x00167480,0x4
0x00167548,0x00167550,0x8
0x00167618,0x00167620,0x8
0x00167954,0x00167960,0xC
0x00167A4C,0x00167A50,0x4
0x00167AAC,0x00167AB0,0x4
0x00167B0C,0x00167B10,0x4
0x00167C68,0x00167C70,0x8
0x00167DF8,0x00167E00,0x8
0x00167E6C,0x00167E70,0x4
0x00167ED8,0x00167EE0,0x8
0x00168044,0x00168050,0xC
0x00168194,0x001681A0,0xC
0x00168348,0x00168350,0x8
0x001683EC,0x001683F0,0x4
0x00168444,0x00168450,0xC
0x001684A4,0x001684B0,0xC
0x0016859C,0x001685A0,0x4
0x00168804,0x00168810,0xC
0x001689E8,0x001689F0,0x8
0x00168AE8,0x00168AF0,0x8
0x00168B38,0x00168B40,0x8
0x00168B74,0x00168B80,0xC
0x00168BB4,0x00168BC0,0xC
0x00168C08,0x00168C10,0x8
0x00168E78,0x00168E80,0x8
0x00168ED4,0x00168EE0,0xC
0x00168EEC,0x00168EF0,0x4
0x00168F78,0x00168F80,0x8
0x00169054,0x00169060,0xC
0x001690E8,0x001690F0,0x8
0x00169178,0x00169180,0x8
0x00169208,0x00169210,0x8
0x00169298,0x001692A0,0x8
0x0016930C,0x00169310,0x4
0x001693FC,0x00169400,0x4
0x00169594,0x001695A0,0xC
0x001695F4,0x00169600,0xC
0x001696EC,0x001696F0,0x4
0x00169958,0x00169960,0x8
0x00169A44,0x00169A50,0xC
0x00169AD4,0x00169AE0,0xC
0x00169BB4,0x00169BC0,0xC
0x00169BD4,0x00169BE0,0xC
0x00169C2C,0x00169C30,0x4
0x00169C8C,0x00169C90,0x4
0x00169CD4,0x00169CE0,0xC
0x00169DCC,0x00169DD0,0x4
0x00169E48,0x00169E50,0x8
0x00169F38,0x00169F40,0x8
0x00169FF4,0x0016A000,0xC
0x0016A128,0x0016A130,0x8
0x0016A1E4,0x0016A1F0,0xC
0x0016A20C,0x0016A210,0x4
0x0016A318,0x0016A320,0x8
0x0016A598,0x0016A5A0,0x8
0x0016A6CC,0x0016A6D0,0x4
0x0016A7B4,0x0016A7C0,0xC
0x0016A8A8,0x0016A8B0,0x8
0x0016A928,0x0016A930,0x8
0x0016AB98,0x0016ABA0,0x8
0x0016AC24,0x0016AC30,0xC
0x0016AF08,0x0016AF10,0x8
0x0016AFD8,0x0016AFE0,0x8
0x0016B0AC,0x0016B0B0,0x4
0x0016B0BC,0x0016B0C0,0x4
0x0016B23C,0x0016B240,0x4
0x0016B248,0x0016B250,0x8
0x0016B358,0x0016B360,0x8
0x0016B434,0x0016B440,0xC
0x0016B5C8,0x0016B5D0,0x8
0x0016B644,0x0016B650,0xC
0x0016BABC,0x0016BAC0,0x4
0x0016BB48,0x0016BB50,0x8
0x0016BD48,0x0016BD50,0x8
0x0016BF0C,0x0016BF10,0x4
0x0016BF74,0x0016BF80,0xC
0x0016C27C,0x0016C280,0x4
0x0016C36C,0x0016C370,0x4
0x0016C3A8,0x0016C3B0,0x8
0x0016C42C,0x0016C430,0x4
0x0016C4A8,0x0016C4B0,0x8
0x0016C4FC,0x0016C500,0x4
0x0016C55C,0x0016C560,0x4
0x0016C668,0x0016C670,0x8
0x0016C6FC,0x0016C700,0x4
0x0016C76C,0x0016C770,0x4
0x0016C82C,0x0016C830,0x4
0x0016C8E8,0x0016C8F0,0x8
0x0016CA2C,0x0016CA30,0x4
0x0016CA68,0x0016CA70,0x8
0x0016CAA8,0x0016CAB0,0x8
0x0016CB4C,0x0016CB50,0x4
0x0016CC94,0x0016CCA0,0xC
0x0016CD1C,0x0016CD20,0x4
0x0016CD94,0x0016CDA0,0xC
0x0016CDE4,0x0016CDF0,0xC
0x0016CE0C,0x0016CE10,0x4
0x0016CE58,0x0016CE60,0x8
0x0016CE8C,0x0016CE90,0x4
0x0016CECC,0x0016CED0,0x4
0x0016CF34,0x0016CF40,0xC
0x0016CF78,0x0016CF80,0x8
0x0016CFA4,0x0016CFB0,0xC
0x0016CFDC,0x0016CFE0,0x4
0x0016D034,0x0016D040,0xC
0x0016D064,0x0016D070,0xC
0x0016D124,0x0016D130,0xC
0x0016D154,0x0016D160,0xC
0x0016D1B4,0x0016D1C0,0xC
0x0016D258,0x0016D260,0x8
0x0016D29C,0x0016D2A0,0x4
0x0016D454,0x0016D460,0xC
0x0016DA28,0x0016DA30,0x8
0x0016DF88,0x0016DF90,0x8
0x0016E07C,0x0016E080,0x4
0x0016E8EC,0x0016E8F0,0x4
0x0016E94C,0x0016E950,0x4
0x0016E95C,0x0016E960,0x4
0x0016EA8C,0x0016EA90,0x4
0x0016EB84,0x0016EB90,0xC
0x0016ECF4,0x0016ED00,0xC
0x0016ED98,0x0016EDA0,0x8
0x0016EE4C,0x0016EE50,0x4
0x0016EEB8,0x0016EEC0,0x8
0x0016F03C,0x0016F040,0x4
0x0016F08C,0x0016F090,0x4
0x0016F0B4,0x0016F0C0,0xC
0x0016F0CC,0x0016F0D0,0x4
0x0016F0D8,0x0016F0E0,0x8
0x0016F1A8,0x0016F1B0,0x8
0x0016F2C4,0x0016F2D0,0xC
0x0016F3BC,0x0016F3C0,0x4
0x0016F42C,0x0016F430,0x4
0x0016F4AC,0x0016F4B0,0x4
0x0016F4C4,0x0016F4D0,0xC
0x0016F524,0x0016F530,0xC
0x0016F5AC,0x0016F5B0,0x4
0x0016F634,0x0016F640,0xC
0x0016F718,0x0016F720,0x8
0x0016F7CC,0x0016F7D0,0x4
0x0016F80C,0x0016F810,0x4
0x0016F894,0x0016F8A0,0xC
0x0016F9FC,0x0016FA00,0x4
0x0016FA08,0x0016FA10,0x8
0x0016FA9C,0x0016FAA0,0x4
0x0016FC78,0x0016FC80,0x8
0x0016FD78,0x0016FD80,0x8
0x0016FF1C,0x0016FF20,0x4
0x0016FFB8,0x0016FFC0,0x8
0x0017013C,0x00170140,0x4
0x0017015C,0x00170160,0x4
0x0017016C,0x00170170,0x4
0x00170B2C,0x00170B30,0x4
0x00170B6C,0x00170B70,0x4
0x00170BE4,0x00170BF0,0xC
0x00170C2C,0x00170C30,0x4
0x00170D2C,0x00170D30,0x4
0x00170D64,0x00170D70,0xC
0x00170D98,0x00170DA0,0x8
0x00170DE4,0x00170DF0,0xC
0x00170DF8,0x00170E00,0x8
0x00170E08,0x00170E10,0x8
0x00170F5C,0x00170F60,0x4
0x00170FCC,0x00170FD0,0x4
0x00171108,0x00171110,0x8
0x0017120C,0x00171210,0x4
0x00171298,0x001712A0,0x8
0x001712D8,0x001712E0,0x8
0x001712E8,0x001712F0,0x8
0x001716BC,0x001716C0,0x4
0x001716C8,0x001716D0,0x8
0x001716F4,0x00171700,0xC
0x001718C4,0x001718D0,0xC
0x001719D8,0x001719E0,0x8
0x00171D94,0x00171DA0,0xC
0x00171DA8,0x00171DB0,0x8
0x00172308,0x00172310,0x8
0x00172318,0x00172320,0x8
0x00172364,0x00172370,0xC
0x001723B4,0x001723C0,0xC
0x00172444,0x00172450,0xC
0x0017275C,0x00172760,0x4
0x001728C4,0x001728D0,0xC
0x00172A08,0x00172A10,0x8
0x00172AF4,0x00172B00,0xC
0x00172D04,0x00172D10,0xC
0x00173014,0x00173020,0xC
0x001733DC,0x001733E0,0x4
0x00173468,0x00173470,0x8
0x001734E4,0x001734F0,0xC
0x00173588,0x00173590,0x8
0x00173798,0x001737A0,0x8
0x00173C24,0x00173C30,0xC
0x00173C7C,0x00173C80,0x4
0x00173EB8,0x00173EC0,0x8
0x00173F88,0x00173F90,0x8
0x00173FE4,0x00173FF0,0xC
0x00174024,0x00174030,0xC
0x00174094,0x001740A0,0xC
0x0017414C,0x00174150,0x4
0x00174164,0x00174170,0xC
0x001741B8,0x001741C0,0x8
0x001741C8,0x001741D0,0x8
0x00174234,0x00174240,0xC
0x00174464,0x00174470,0xC
0x001745A8,0x001745B0,0x8
0x001746C8,0x001746D0,0x8
0x0017477C,0x00174780,0x4
0x00174804,0x00174810,0xC
0x00174908,0x00174910,0x8
0x00174A34,0x00174A40,0xC
0x00174B44,0x00174B50,0xC
0x00174BBC,0x00174BC0,0x4
0x00174E84,0x00174E90,0xC
0x00174F38,0x00174F40,0x8
0x00174F48,0x00174F50,0x8
0x00174F58,0x00174F60,0x8
0x00175498,0x001754A0,0x8
0x00175578,0x00175580,0x8
0x00175668,0x00175670,0x8
0x001757D8,0x001757E0,0x8
0x00175904,0x00175910,0xC
0x00175A28,0x00175A30,0x8
0x00175B3C,0x00175B40,0x4
0x0017608C,0x00176090,0x4
0x00176158,0x00176160,0x8
0x00176334,0x00176340,0xC
0x00176358,0x00176360,0x8
0x00176614,0x00176620,0xC
0x0017676C,0x00176770,0x4
0x0017691C,0x00176920,0x4
0x0017695C,0x00176960,0x4
0x001769E4,0x001769F0,0xC
0x00176A64,0x00176A70,0xC
0x00176AA4,0x00176AB0,0xC
0x00176CEC,0x00176CF0,0x4
0x00176DB8,0x00176DC0,0x8
0x00176E14,0x00176E20,0xC
0x00176F9C,0x00176FA0,0x4
0x00177074,0x00177080,0xC
0x00177128,0x00177130,0x8
0x0017730C,0x00177310,0x4
0x00177318,0x00177320,0x8
0x001773E8,0x001773F0,0x8
0x00177544,0x00177550,0xC
0x0017759C,0x001775A0,0x4
0x001777C8,0x001777D0,0x8
0x0017781C,0x00177820,0x4
0x00177984,0x00177990,0xC
0x001779CC,0x001779D0,0x4
0x00177A28,0x00177A30,0x8
0x00177C4C,0x00177C50,0x4
0x00177D4C,0x00177D50,0x4
0x00177E6C,0x00177E70,0x4
0x00177EDC,0x00177EE0,0x4
0x00177F78,0x00177F80,0x8
0x00177FBC,0x00177FC0,0x4
0x00178044,0x00178050,0xC
0x001780AC,0x001780B0,0x4
0x00178388,0x00178390,0x8
0x00178494,0x001784A0,0xC
0x00178558,0x00178560,0x8
0x00178734,0x00178740,0xC
0x00178868,0x00178870,0x8
0x001788D8,0x001788E0,0x8
0x00178A34,0x00178A40,0xC
0x00178AFC,0x00178B00,0x4
0x00178BB4,0x00178BC0,0xC
0x00178BD8,0x00178BE0,0x8
0x00178D58,0x00178D60,0x8
0x00178D74,0x00178D80,0xC
0x00178E0C,0x00178E10,0x4
0x00178F1C,0x00178F20,0x4
0x00179158,0x00179160,0x8
0x00179168,0x00179170,0x8
0x001793A8,0x001793B0,0x8
0x00179474,0x00179480,0xC
0x001794F4,0x00179500,0xC
0x0017958C,0x00179590,0x4
0x00179E48,0x00179E50,0x8
0x00179FBC,0x00179FC0,0x4
0x0017A058,0x0017A060,0x8
0x0017A0E4,0x0017A0F0,0xC
0x0017A448,0x0017A450,0x8
0x0017A57C,0x0017A580,0x4
0x0017A66C,0x0017A670,0x4
0x0017A894,0x0017A8A0,0xC
0x0017AA3C,0x0017AA40,0x4
0x0017AADC,0x0017AAE0,0x4
0x0017AE1C,0x0017AE20,0x4
0x0017B054,0x0017B060,0xC
0x0017B248,0x0017B250,0x8
0x0017B2DC,0x0017B2E0,0x4
0x0017B3A4,0x0017B3B0,0xC
0x0017B4AC,0x0017B4B0,0x4
0x0017B4F4,0x0017B500,0xC
0x0017B5C8,0x0017B5D0,0x8
0x0017B7FC,0x0017B800,0x4
0x0017B8D4,0x0017B8E0,0xC
0x0017B948,0x0017B950,0x8
0x0017BC58,0x0017BC60,0x8
0x0017BFF8,0x0017C000,0x8
0x0017C168,0x0017C170,0x8
0x0017C1A4,0x0017C1B0,0xC
0x0017C334,0x0017C340,0xC
0x0017C3E4,0x0017C3F0,0xC
0x0017C444,0x0017C450,0xC
0x0017C498,0x0017C4A0,0x8
0x0017C4B8,0x0017C4C0,0x8
0x0017C708,0x0017C710,0x8
0x0017C788,0x0017C790,0x8
0x0017C7E4,0x0017C7F0,0xC
0x0017C8B8,0x0017C8C0,0x8
0x0017C978,0x0017C980,0x8
0x0017CA68,0x0017CA70,0x8
0x0017CB1C,0x0017CB20,0x4
0x0017CB34,0x0017CB40,0xC
0x0017CBD4,0x0017CBE0,0xC
0x0017CCB8,0x0017CCC0,0x8
0x0017CE54,0x0017CE60,0xC
0x0017CEF4,0x0017CF00,0xC
0x0017CFD8,0x0017CFE0,0x8
0x0017D0B4,0x0017D0C0,0xC
0x0017D25C,0x0017D260,0x4
0x0017D38C,0x0017D390,0x4
0x0017D56C,0x0017D570,0x4
0x0017D70C,0x0017D710,0x4
0x0017D9F4,0x0017DA00,0xC
0x0017DB64,0x0017DB70,0xC
0x0017DBF8,0x0017DC00,0x8
0x0017DD84,0x0017DD90,0xC
0x0017DFA4,0x0017DFB0,0xC
0x0017E1AC,0x0017E1B0,0x4
0x0017E2D4,0x0017E2E0,0xC
0x0017E458,0x0017E460,0x8
0x0017E4A4,0x0017E4B0,0xC
0x0017E6DC,0x0017E6E0,0x4
0x0017E87C,0x0017E880,0x4
0x0017E998,0x0017E9A0,0x8
0x0017EB14,0x0017EB20,0xC
0x0017EBA8,0x0017EBB0,0x8
0x0017ED48,0x0017ED50,0x8
0x0017EF1C,0x0017EF20,0x4
0x0017F1C8,0x0017F1D0,0x8
0x0017F4A4,0x0017F4B0,0xC
0x0017F74C,0x0017F750,0x4
0x0017F924,0x0017F930,0xC
0x0017FB0C,0x0017FB10,0x4
0x0017FC38,0x0017FC40,0x8
0x0017FDDC,0x0017FDE0,0x4
0x00180058,0x00180060,0x8
0x0018018C,0x00180190,0x4
0x00180198,0x001801A0,0x8
0x001801A8,0x001801B0,0x8
0x001801D4,0x001801E0,0xC
0x00180294,0x001802A0,0xC
0x00180354,0x00180360,0xC
0x00180488,0x00180490,0x8
0x001804EC,0x001804F0,0x4
0x00180A24,0x00180A30,0xC
0x00180D14,0x00180D20,0xC
0x00180DB4,0x00180DC0,0xC
0x00180E14,0x00180E20,0xC
0x0018114C,0x00181150,0x4
0x0018127C,0x00181280,0x4
0x0018168C,0x00181690,0x4
0x0018172C,0x00181730,0x4
0x001817DC,0x001817E0,0x4
0x00181C34,0x00181C40,0xC
0x00181D8C,0x00181D90,0x4
0x00181F08,0x00181F10,0x8
0x0018204C,0x00182050,0x4
0x001821C8,0x001821D0,0x8
0x001822A4,0x001822B0,0xC
0x001822F4,0x00182300,0xC
0x0018237C,0x00182380,0x4
0x001823BC,0x001823C0,0x4
0x001825EC,0x001825F0,0x4
0x001827A8,0x001827B0,0x8
0x00182A9C,0x00182AA0,0x4
0x00182BCC,0x00182BD0,0x4
0x00182C24,0x00182C30,0xC
0x00182D2C,0x00182D30,0x4
0x00182DA8,0x00182DB0,0x8
0x00182E18,0x00182E20,0x8
0x00182E74,0x00182E80,0xC
0x0018304C,0x00183050,0x4
0x001830C8,0x001830D0,0x8
0x00183208,0x00183210,0x8
0x001833B8,0x001833C0,0x8
0x0018349C,0x001834A0,0x4
0x00183624,0x00183630,0xC
0x00183768,0x00183770,0x8
0x0018391C,0x00183920,0x4
0x00183AC4,0x00183AD0,0xC
0x00183B94,0x00183BA0,0xC
0x00183D48,0x00183D50,0x8
0x00183D8C,0x00183D90,0x4
0x00183E2C,0x00183E30,0x4
0x0018410C,0x00184110,0x4
0x001841B4,0x001841C0,0xC
0x001841D4,0x001841E0,0xC
0x00184398,0x001843A0,0x8
0x0018456C,0x00184570,0x4
0x001845E4,0x001845F0,0xC
0x001846AC,0x001846B0,0x4
0x001846C4,0x001846D0,0xC
0x0018471C,0x00184720,0x4
0x00184B24,0x00184B30,0xC
0x00184C5C,0x00184C60,0x4
0x00184C98,0x00184CA0,0x8
0x00184E64,0x00184E70,0xC
0x00185008,0x00185010,0x8
0x0018505C,0x00185060,0x4
0x00185078,0x00185080,0x8
0x0018514C,0x00185150,0x4
0x00185174,0x00185180,0xC
0x00185244,0x00185250,0xC
0x00185284,0x00185290,0xC
0x001853D8,0x001853E0,0x8
0x00185504,0x00185510,0xC
0x001855C4,0x001855D0,0xC
0x00185624,0x00185630,0xC
0x00185764,0x00185770,0xC
0x00185958,0x00185960,0x8
0x00185978,0x00185980,0x8
0x00185A84,0x00185A90,0xC
0x00185BAC,0x00185BB0,0x4
0x00185C98,0x00185CA0,0x8
0x00185DC4,0x00185DD0,0xC
0x00185E38,0x00185E40,0x8
0x0018611C,0x00186120,0x4
0x00186168,0x00186170,0x8
0x001861A4,0x001861B0,0xC
0x001863EC,0x001863F0,0x4
0x00186434,0x00186440,0xC
0x00186494,0x001864A0,0xC
0x0018656C,0x00186570,0x4
0x001865A8,0x001865B0,0x8
0x00186694,0x001866A0,0xC
0x001867FC,0x00186800,0x4
0x001868FC,0x00186900,0x4
0x00186A14,0x00186A20,0xC
0x00186A54,0x00186A60,0xC
0x00186E9C,0x00186EA0,0x4
0x00186EF8,0x00186F00,0x8
0x00186FD8,0x00186FE0,0x8
0x00187044,0x00187050,0xC
0x00187108,0x00187110,0x8
0x0018715C,0x00187160,0x4
0x0018725C,0x00187260,0x4
0x00187268,0x00187270,0x8
0x00187284,0x00187290,0xC
0x00187364,0x00187370,0xC
0x0018744C,0x00187450,0x4
0x001874C4,0x001874D0,0xC
0x0018759C,0x001875A0,0x4
0x0018764C,0x00187650,0x4
0x001876E8,0x001876F0,0x8
0x001876F8,0x00187700,0x8
0x00187708,0x00187710,0x8
0x0018777C,0x00187780,0x4
0x001879A8,0x001879B0,0x8
0x001879B8,0x001879C0,0x8
0x00187A18,0x00187A20,0x8
0x00187A68,0x00187A70,0x8
0x00187BAC,0x00187BB0,0x4
0x00187D64,0x00187D70,0xC
0x00188104,0x00188110,0xC
0x001882C4,0x001882D0,0xC
0x00188684,0x00188690,0xC
0x0018885C,0x00188860,0x4
0x00188C6C,0x00188C70,0x4
0x00188ECC,0x00188ED0,0x4
0x00188F74,0x00188F80,0xC
0x001891E4,0x001891F0,0xC
0x00189308,0x00189310,0x8
0x00189388,0x00189390,0x8
0x001893DC,0x001893E0,0x4
0x001894F4,0x00189500,0xC
0x001895DC,0x001895E0,0x4
0x00189658,0x00189660,0x8
0x001896D8,0x001896E0,0x8
0x00189728,0x00189730,0x8
0x00189784,0x00189790,0xC
0x00189824,0x00189830,0xC
0x00189944,0x00189950,0xC
0x001899C8,0x001899D0,0x8
0x00189A68,0x00189A70,0x8
0x00189B34,0x00189B40,0xC
0x00189B8C,0x00189B90,0x4
0x00189C08,0x00189C10,0x8
0x00189CD4,0x00189CE0,0xC
0x00189DCC,0x00189DD0,0x4
0x00189EDC,0x00189EE0,0x4
0x00189F58,0x00189F60,0x8
0x00189FAC,0x00189FB0,0x4
0x0018A158,0x0018A160,0x8
0x0018A284,0x0018A290,0xC
0x0018A304,0x0018A310,0xC
0x0018A374,0x0018A380,0xC
0x0018A458,0x0018A460,0x8
0x0018A6BC,0x0018A6C0,0x4
0x0018A79C,0x0018A7A0,0x4
0x0018A918,0x0018A920,0x8
0x0018A98C,0x0018A990,0x4
0x0018AA4C,0x0018AA50,0x4
0x0018AAB4,0x0018AAC0,0xC
0x0018AC2C,0x0018AC30,0x4
0x0018ACC8,0x0018ACD0,0x8
0x0018AD7C,0x0018AD80,0x4
0x0018B4F8,0x0018B500,0x8
0x0018B888,0x0018B890,0x8
0x0018BEDC,0x0018BEE0,0x4
0x0018BF2C,0x0018BF30,0x4
0x0018C0A8,0x0018C0B0,0x8
0x0018C0E4,0x0018C0F0,0xC
0x0018C19C,0x0018C1A0,0x4
0x0018C508,0x0018C510,0x8
0x0018C6A4,0x0018C6B0,0xC
0x0018C6E8,0x0018C6F0,0x8
0x0018C89C,0x0018C8A0,0x4
0x0018C964,0x0018C970,0xC
0x0018CA28,0x0018CA30,0x8
0x0018CC24,0x0018CC30,0xC
0x0018CDE4,0x0018CDF0,0xC
0x0018CE94,0x0018CEA0,0xC
0x0018D0BC,0x0018D0C0,0x4
0x0018D238,0x0018D240,0x8
0x0018D28C,0x0018D290,0x4
0x0018D578,0x0018D580,0x8
0x0018D614,0x0018D620,0xC
0x0018D6E8,0x0018D6F0,0x8
0x0018D924,0x0018D930,0xC
0x0018D998,0x0018D9A0,0x8
0x0018DA64,0x0018DA70,0xC
0x0018DABC,0x0018DAC0,0x4
0x0018DB64,0x0018DB70,0xC
0x0018DC08,0x0018DC10,0x8
0x0018DC68,0x0018DC70,0x8
0x0018DCEC,0x0018DCF0,0x4
0x0018DD88,0x0018DD90,0x8
0x0018DDB8,0x0018DDC0,0x8
0x0018DDCC,0x0018DDD0,0x4
0x0018DE84,0x0018DE90,0xC
0x0018DF3C,0x0018DF40,0x4
0x0018DFD4,0x0018DFE0,0xC
0x0018E064,0x0018E070,0xC
0x0018E098,0x0018E0A0,0x8
0x0018E0AC,0x0018E0B0,0x4
0x0018E158,0x0018E160,0x8
0x0018E1B8,0x0018E1C0,0x8
0x0018E254,0x0018E260,0xC
0x0018E2DC,0x0018E2E0,0x4
0x0018E33C,0x0018E340,0x4
0x0018E348,0x0018E350,0x8
0x0018E3FC,0x0018E400,0x4
0x0018E46C,0x0018E470,0x4
0x0018E4F4,0x0018E500,0xC
0x0018E59C,0x0018E5A0,0x4
0x0018E6BC,0x0018E6C0,0x4
0x0018E78C,0x0018E790,0x4
0x0018E964,0x0018E970,0xC
0x0018E9F8,0x0018EA00,0x8
0x0018ED18,0x0018ED20,0x8
0x0018ED84,0x0018ED90,0xC
0x0018EE48,0x0018EE50,0x8
0x0018EFFC,0x0018F000,0x4
0x0018F12C,0x0018F130,0x4
0x0018F318,0x0018F320,0x8
0x0018F454,0x0018F460,0xC
0x0018F4B8,0x0018F4C0,0x8
0x0018F624,0x0018F630,0xC
0x0018F6A8,0x0018F6B0,0x8
0x0018F728,0x0018F730,0x8
0x0018F7FC,0x0018F800,0x4
0x0018F8B8,0x0018F8C0,0x8
0x0018F9DC,0x0018F9E0,0x4
0x0018FA94,0x0018FAA0,0xC
0x0018FB6C,0x0018FB70,0x4
0x0018FC94,0x0018FCA0,0xC
0x0018FDA4,0x0018FDB0,0xC
0x0018FDDC,0x0018FDE0,0x4
0x0018FFAC,0x0018FFB0,0x4
0x001902E4,0x001902F0,0xC
0x0019057C,0x00190580,0x4
0x00190658,0x00190660,0x8
0x0019068C,0x00190690,0x4
0x001906BC,0x001906C0,0x4
0x00190704,0x00190710,0xC
0x001909D4,0x001909E0,0xC
0x00190A74,0x00190A80,0xC
0x00190B4C,0x00190B50,0x4
0x00190C0C,0x00190C10,0x4
0x00190C54,0x00190C60,0xC
0x00190D4C,0x00190D50,0x4
0x00190F2C,0x00190F30,0x4
0x00191208,0x00191210,0x8
0x001913B8,0x001913C0,0x8
0x00191474,0x00191480,0xC
0x00191768,0x00191770,0x8
0x001917EC,0x001917F0,0x4
0x00191838,0x00191840,0x8
0x0019191C,0x00191920,0x4
0x001919A4,0x001919B0,0xC
0x001919FC,0x00191A00,0x4
0x00191B5C,0x00191B60,0x4
0x00191BE8,0x00191BF0,0x8
0x00191C58,0x00191C60,0x8
0x00191D38,0x00191D40,0x8
0x00191EC4,0x00191ED0,0xC
0x00191F1C,0x00191F20,0x4
0x00191F44,0x00191F50,0xC
0x00191F84,0x00191F90,0xC
0x00192084,0x00192090,0xC
0x00192118,0x00192120,0x8
0x001921EC,0x001921F0,0x4
0x00192264,0x00192270,0xC
0x0019233C,0x00192340,0x4
0x00192484,0x00192490,0xC
0x0019252C,0x00192530,0x4
0x0019257C,0x00192580,0x4
0x001926E4,0x001926F0,0xC
0x001928D4,0x001928E0,0xC
0x00192AF4,0x00192B00,0xC
0x00192B48,0x00192B50,0x8
0x00192BC8,0x00192BD0,0x8
0x00192CD8,0x00192CE0,0x8
0x00192D2C,0x00192D30,0x4
0x00192D44,0x00192D50,0xC
0x00192D58,0x00192D60,0x8
0x00192DF8,0x00192E00,0x8
0x00192E28,0x00192E30,0x8
0x00192E98,0x00192EA0,0x8
0x00193008,0x00193010,0x8
0x00193074,0x00193080,0xC
0x00193088,0x00193090,0x8
0x0019315C,0x00193160,0x4
0x00193208,0x00193210,0x8
0x00193378,0x00193380,0x8
0x00193394,0x001933A0,0xC
0x001933A8,0x001933B0,0x8
0x0019342C,0x00193430,0x4
0x001934AC,0x001934B0,0x4
0x001937DC,0x001937E0,0x4
0x0019396C,0x00193970,0x4
0x00193A78,0x00193A80,0x8
0x00193B18,0x00193B20,0x8
0x00193D98,0x00193DA0,0x8
0x00193E08,0x00193E10,0x8
0x00193FCC,0x00193FD0,0x4
0x00193FF8,0x00194000,0x8
0x00194084,0x00194090,0xC
0x00194098,0x001940A0,0x8
0x001940FC,0x00194100,0x4
0x0019416C,0x00194170,0x4
0x001943A8,0x001943B0,0x8
0x00194408,0x00194410,0x8
0x00194438,0x00194440,0x8
0x00194708,0x00194710,0x8
0x001947BC,0x001947C0,0x4
0x00194844,0x00194850,0xC
0x0019493C,0x00194940,0x4
0x00194974,0x00194980,0xC
0x00194988,0x00194990,0x8
0x00194A14,0x00194A20,0xC
0x00194A9C,0x00194AA0,0x4
0x00194C1C,0x00194C20,0x4
0x00194C28,0x00194C30,0x8
0x00194C94,0x00194CA0,0xC
0x00194D04,0x00194D10,0xC
0x00194D48,0x00194D50,0x8
0x00194E18,0x00194E20,0x8
0x00195228,0x00195230,0x8
0x0019524C,0x00195250,0x4
0x00195464,0x00195470,0xC
0x0019562C,0x00195630,0x4
0x00195684,0x00195690,0xC
0x001956D8,0x001956E0,0x8
0x00195748,0x00195750,0x8
0x00195984,0x00195990,0xC
0x001959E8,0x001959F0,0x8
0x00195AB4,0x00195AC0,0xC
0x00195B3C,0x00195B40,0x4
0x00195E84,0x00195E90,0xC
0x00195F3C,0x00195F40,0x4
0x00196254,0x00196260,0xC
0x00196458,0x00196460,0x8
0x001966B8,0x001966C0,0x8
0x00196974,0x00196980,0xC
0x00196A08,0x00196A10,0x8
0x00196C6C,0x00196C70,0x4
0x00196CF8,0x00196D00,0x8
0x00196D84,0x00196D90,0xC
0x00197064,0x00197070,0xC
0x001971A4,0x001971B0,0xC
0x001973E4,0x001973F0,0xC
0x00197464,0x00197470,0xC
0x00197514,0x00197520,0xC
0x00197528,0x00197530,0x8
0x00197544,0x00197550,0xC
0x00197558,0x00197560,0x8
0x001975B8,0x001975C0,0x8
0x001975F4,0x00197600,0xC
0x00197608,0x00197610,0x8
0x00197618,0x00197620,0x8
0x0019765C,0x00197660,0x4
0x0019775C,0x00197760,0x4
0x00197854,0x00197860,0xC
0x001978A4,0x001978B0,0xC
0x00197914,0x00197920,0xC
0x00197A3C,0x00197A40,0x4
0x00197AD8,0x00197AE0,0x8
0x00197B68,0x00197B70,0x8
0x00197C98,0x00197CA0,0x8
0x00197D4C,0x00197D50,0x4
0x00197E08,0x00197E10,0x8
0x00197ED4,0x00197EE0,0xC
0x00197F64,0x00197F70,0xC
0x00197FF4,0x00198000,0xC
0x00198088,0x00198090,0x8
0x00198098,0x001980A0,0x8
0x001980E4,0x001980F0,0xC
0x001980F8,0x00198100,0x8
0x00198168,0x00198170,0x8
0x001983A4,0x001983B0,0xC
0x00198514,0x00198520,0xC
0x00198528,0x00198530,0x8
0x00198538,0x00198540,0x8
0x00198548,0x00198550,0x8
0x001985BC,0x001985C0,0x4
0x001985C8,0x001985D0,0x8
0x001985D8,0x001985E0,0x8
0x001985E8,0x001985F0,0x8
0x00198604,0x00198610,0xC
0x00198618,0x00198620,0x8
0x0019868C,0x00198690,0x4
0x00198704,0x00198710,0xC
0x0019881C,0x00198820,0x4
0x00198884,0x00198890,0xC
0x00198918,0x00198920,0x8
0x00198928,0x00198930,0x8
0x00198944,0x00198950,0xC
0x00198A74,0x00198A80,0xC
0x00198B4C,0x00198B50,0x4
0x00198C98,0x00198CA0,0x8
0x00198CD8,0x00198CE0,0x8
0x00198D78,0x00198D80,0x8
0x00198DDC,0x00198DE0,0x4
0x00198DE8,0x00198DF0,0x8
0x00198DF8,0x00198E00,0x8
0x00198E08,0x00198E10,0x8
0x00198F78,0x00198F80,0x8
0x00198FB8,0x00198FC0,0x8
0x00199098,0x001990A0,0x8
0x0019911C,0x00199120,0x4
0x00199158,0x00199160,0x8
0x00199168,0x00199170,0x8
0x00199324,0x00199330,0xC
0x00199384,0x00199390,0xC
0x00199398,0x001993A0,0x8
0x00199428,0x00199430,0x8
0x00199444,0x00199450,0xC
0x00199458,0x00199460,0x8
0x001996A4,0x001996B0,0xC
0x001997DC,0x001997E0,0x4
0x00199CC8,0x00199CD0,0x8
0x00199D54,0x00199D60,0xC
0x00199DBC,0x00199DC0,0x4
0x00199DD8,0x00199DE0,0x8
0x00199E4C,0x00199E50,0x4
0x0019A008,0x0019A010,0x8
0x0019A06C,0x0019A070,0x4
0x0019A0E8,0x0019A0F0,0x8
0x0019A208,0x0019A210,0x8
0x0019A398,0x0019A3A0,0x8
0x0019A3B4,0x0019A3C0,0xC
0x0019A3C8,0x0019A3D0,0x8
0x0019A434,0x0019A440,0xC
0x0019A4B8,0x0019A4C0,0x8
0x0019A53C,0x0019A540,0x4
0x0019A644,0x0019A650,0xC
0x0019A708,0x0019A710,0x8
0x0019A724,0x0019A730,0xC
0x0019A7B4,0x0019A7C0,0xC
0x0019A85C,0x0019A860,0x4
0x0019A874,0x0019A880,0xC
0x0019A918,0x0019A920,0x8
0x0019A934,0x0019A940,0xC
0x0019A9B4,0x0019A9C0,0xC
0x0019AADC,0x0019AAE0,0x4
0x0019AB8C,0x0019AB90,0x4
0x0019ACB4,0x0019ACC0,0xC
0x0019AD18,0x0019AD20,0x8
0x0019ADD4,0x0019ADE0,0xC
0x0019AE8C,0x0019AE90,0x4
0x0019AE98,0x0019AEA0,0x8
0x0019AF34,0x0019AF40,0xC
0x0019B00C,0x0019B010,0x4
0x0019B088,0x0019B090,0x8
0x0019B0D4,0x0019B0E0,0xC
0x0019B0F4,0x0019B100,0xC
0x0019B108,0x0019B110,0x8
0x0019B16C,0x0019B170,0x4
0x0019B2BC,0x0019B2C0,0x4
0x0019B578,0x0019B580,0x8
0x0019B63C,0x0019B640,0x4
0x0019B6FC,0x0019B700,0x4
0x0019B708,0x0019B710,0x8
0x0019B738,0x0019B740,0x8
0x0019B7AC,0x0019B7B0,0x4
0x0019B914,0x0019B920,0xC
0x0019BA18,0x0019BA20,0x8
0x0019BA68,0x0019BA70,0x8
0x0019BACC,0x0019BAD0,0x4
0x0019BD18,0x0019BD20,0x8
0x0019BDAC,0x0019BDB0,0x4
0x0019BDB8,0x0019BDC0,0x8
0x0019BDC8,0x0019BDD0,0x8
0x0019BE68,0x0019BE70,0x8
0x0019C0F8,0x0019C100,0x8
0x0019C188,0x0019C190,0x8
0x0019C1A4,0x0019C1B0,0xC
0x0019C1B8,0x0019C1C0,0x8
0x0019C21C,0x0019C220,0x4
0x0019C414,0x0019C420,0xC
0x0019C468,0x0019C470,0x8
0x0019C484,0x0019C490,0xC
0x0019C498,0x0019C4A0,0x8
0x0019C4EC,0x0019C4F0,0x4
0x0019C74C,0x0019C750,0x4
0x0019C764,0x0019C770,0xC
0x0019C778,0x0019C780,0x8
0x0019C7DC,0x0019C7E0,0x4
0x0019C838,0x0019C840,0x8
0x0019CA18,0x0019CA20,0x8
0x0019CAB4,0x0019CAC0,0xC
0x0019CAD4,0x0019CAE0,0xC
0x0019CAE8,0x0019CAF0,0x8
0x0019CB44,0x0019CB50,0xC
0x0019CCDC,0x0019CCE0,0x4
0x0019CD34,0x0019CD40,0xC
0x0019CD54,0x0019CD60,0xC
0x0019CD68,0x0019CD70,0x8
0x0019CE28,0x0019CE30,0x8
0x0019D048,0x0019D050,0x8
0x0019D268,0x0019D270,0x8
0x0019D2CC,0x0019D2D0,0x4
0x0019D504,0x0019D510,0xC
0x0019D518,0x0019D520,0x8
0x0019D534,0x0019D540,0xC
0x0019D594,0x0019D5A0,0xC
0x0019D678,0x0019D680,0x8
0x0019D714,0x0019D720,0xC
0x0019D728,0x0019D730,0x8
0x0019D738,0x0019D740,0x8
0x0019D7B4,0x0019D7C0,0xC
0x0019D82C,0x0019D830,0x4
0x0019D96C,0x0019D970,0x4
0x0019DAD8,0x0019DAE0,0x8
0x0019DAF4,0x0019DB00,0xC
0x0019DE34,0x0019DE40,0xC
0x0019DE48,0x0019DE50,0x8
0x0019DEC8,0x0019DED0,0x8
0x0019DF48,0x0019DF50,0x8
0x0019DFC8,0x0019DFD0,0x8
0x0019E0A8,0x0019E0B0,0x8
0x0019E0EC,0x0019E0F0,0x4
0x0019E2BC,0x0019E2C0,0x4
0x0019E2D4,0x0019E2E0,0xC
0x0019E3E4,0x0019E3F0,0xC
0x0019E4CC,0x0019E4D0,0x4
0x0019E4F8,0x0019E500,0x8
0x0019E508,0x0019E510,0x8
0x0019E574,0x0019E580,0xC
0x0019E66C,0x0019E670,0x4
0x0019E788,0x0019E790,0x8
0x0019E824,0x0019E830,0xC
0x0019E8EC,0x0019E8F0,0x4
0x0019E9A4,0x0019E9B0,0xC
0x0019EA28,0x0019EA30,0x8
0x0019EAFC,0x0019EB00,0x4
0x0019EB7C,0x0019EB80,0x4
0x0019EC88,0x0019EC90,0x8
0x0019ED44,0x0019ED50,0xC
0x0019EEF4,0x0019EF00,0xC
0x0019F038,0x0019F040,0x8
0x0019F048,0x0019F050,0x8
0x0019F0E4,0x0019F0F0,0xC
0x0019F1FC,0x0019F200,0x4
0x0019F274,0x0019F280,0xC
0x0019F304,0x0019F310,0xC
0x0019F368,0x0019F370,0x8
0x0019F384,0x0019F390,0xC
0x0019F398,0x0019F3A0,0x8
0x0019F3EC,0x0019F3F0,0x4
0x0019F468,0x0019F470,0x8
0x0019F4EC,0x0019F4F0,0x4
0x0019F688,0x0019F690,0x8
0x0019F794,0x0019F7A0,0xC
0x0019F814,0x0019F820,0xC
0x0019FB94,0x0019FBA0,0xC
0x0019FC14,0x0019FC20,0xC
0x0019FC28,0x0019FC30,0x8
0x0019FE78,0x0019FE80,0x8
0x0019FEC4,0x0019FED0,0xC
0x0019FED8,0x0019FEE0,0x8
0x0019FF2C,0x0019FF30,0x4
0x001A0004,0x001A0010,0xC
0x001A00CC,0x001A00D0,0x4
0x001A00D8,0x001A00E0,0x8
0x001A01BC,0x001A01C0,0x4
0x001A02AC,0x001A02B0,0x4
0x001A0384,0x001A0390,0xC
0x001A03F8,0x001A0400,0x8
0x001A0538,0x001A0540,0x8
0x001A09AC,0x001A09B0,0x4
0x001A0B7C,0x001A0B80,0x4
0x001A0C8C,0x001A0C90,0x4
0x001A0CFC,0x001A0D00,0x4
0x001A0E3C,0x001A0E40,0x4
0x001A0F34,0x001A0F40,0xC
0x001A105C,0x001A1060,0x4
0x001A10EC,0x001A10F0,0x4
0x001A1318,0x001A1320,0x8
0x001A1328,0x001A1330,0x8
0x001A14C4,0x001A14D0,0xC
0x001A16C8,0x001A16D0,0x8
0x001A17B8,0x001A17C0,0x8
0x001A1858,0x001A1860,0x8
0x001A1EF8,0x001A1F00,0x8
0x001A2048,0x001A2050,0x8
0x001A218C,0x001A2190,0x4
0x001A21F8,0x001A2200,0x8
0x001A2304,0x001A2310,0xC
0x001A23C4,0x001A23D0,0xC
0x001A2798,0x001A27A0,0x8
0x001A28E8,0x001A28F0,0x8
0x001A2958,0x001A2960,0x8
0x001A2BD8,0x001A2BE0,0x8
0x001A2D58,0x001A2D60,0x8
0x001A2F1C,0x001A2F20,0x4
0x001A31C8,0x001A31D0,0x8
0x001A324C,0x001A3250,0x4
0x001A33D4,0x001A33E0,0xC
0x001A35E4,0x001A35F0,0xC
0x001A3774,0x001A3780,0xC
0x001A37E8,0x001A37F0,0x8
0x001A393C,0x001A3940,0x4
0x001A3948,0x001A3950,0x8
0x001A39F4,0x001A3A00,0xC
0x001A3A08,0x001A3A10,0x8
0x001A3A84,0x001A3A90,0xC
0x001A3BF8,0x001A3C00,0x8
0x001A3DDC,0x001A3DE0,0x4
0x001A3DE8,0x001A3DF0,0x8
0x001A3ED4,0x001A3EE0,0xC
0x001A3F24,0x001A3F30,0xC
0x001A3F38,0x001A3F40,0x8
0x001A3FE4,0x001A3FF0,0xC
0x001A4138,0x001A4140,0x8
0x001A41D4,0x001A41E0,0xC
0x001A43F4,0x001A4400,0xC
0x001A443C,0x001A4440,0x4
0x001A4448,0x001A4450,0x8
0x001A44B8,0x001A44C0,0x8
0x001A45AC,0x001A45B0,0x4
0x001A4614,0x001A4620,0xC
0x001A4628,0x001A4630,0x8
0x001A4764,0x001A4770,0xC
0x001A499C,0x001A49A0,0x4
0x001A4A7C,0x001A4A80,0x4
0x001A4B3C,0x001A4B40,0x4
0x001A4B48,0x001A4B50,0x8
0x001A4C2C,0x001A4C30,0x4
0x001A4CA4,0x001A4CB0,0xC
0x001A4D5C,0x001A4D60,0x4
0x001A4E04,0x001A4E10,0xC
0x001A4E78,0x001A4E80,0x8
0x001A4FA4,0x001A4FB0,0xC
0x001A541C,0x001A5420,0x4
0x001A55FC,0x001A5600,0x4
0x001A57B4,0x001A57C0,0xC
0x001A5878,0x001A5880,0x8
0x001A59B4,0x001A59C0,0xC
0x001A5A68,0x001A5A70,0x8
0x001A5BBC,0x001A5BC0,0x4
0x001A5D6C,0x001A5D70,0x4
0x001A5D78,0x001A5D80,0x8
0x001A5F08,0x001A5F10,0x8
0x001A605C,0x001A6060,0x4
0x001A60C8,0x001A60D0,0x8
0x001A6348,0x001A6350,0x8
0x001A64C8,0x001A64D0,0x8
0x001A668C,0x001A6690,0x4
0x001A6938,0x001A6940,0x8
0x001A6A6C,0x001A6A70,0x4
0x001A6C3C,0x001A6C40,0x4
0x001A6DB4,0x001A6DC0,0xC
0x001A6EA8,0x001A6EB0,0x8
0x001A6F84,0x001A6F90,0xC
0x001A7094,0x001A70A0,0xC
0x001A70A8,0x001A70B0,0x8
0x001A7124,0x001A7130,0xC
0x001A72A8,0x001A72B0,0x8
0x001A72B8,0x001A72C0,0x8
0x001A7318,0x001A7320,0x8
0x001A74F4,0x001A7500,0xC
0x001A774C,0x001A7750,0x4
0x001A7804,0x001A7810,0xC
0x001A7818,0x001A7820,0x8
0x001A787C,0x001A7880,0x4
0x001A78B4,0x001A78C0,0xC
0x001A78C8,0x001A78D0,0x8
0x001A7924,0x001A7930,0xC
0x001A7984,0x001A7990,0xC
0x001A7B44,0x001A7B50,0xC
0x001A7C48,0x001A7C50,0x8
0x001A7CC8,0x001A7CD0,0x8
0x001A7F98,0x001A7FA0,0x8
0x001A8134,0x001A8140,0xC
0x001A8184,0x001A8190,0xC
0x001A8214,0x001A8220,0xC
0x001A82FC,0x001A8300,0x4
0x001A844C,0x001A8450,0x4
0x001A84EC,0x001A84F0,0x4
0x001A8544,0x001A8550,0xC
0x001A8608,0x001A8610,0x8
0x001A86C4,0x001A86D0,0xC
0x001A87E4,0x001A87F0,0xC
0x001A8834,0x001A8840,0xC
0x001A8894,0x001A88A0,0xC
0x001A8904,0x001A8910,0xC
0x001A8978,0x001A8980,0x8
0x001A89E8,0x001A89F0,0x8
0x001A8A08,0x001A8A10,0x8
0x001A8B14,0x001A8B20,0xC
0x001A8B64,0x001A8B70,0xC
0x001A8C78,0x001A8C80,0x8
0x001A8C94,0x001A8CA0,0xC
0x001A8CA8,0x001A8CB0,0x8
0x001A8CE4,0x001A8CF0,0xC
0x001A8D44,0x001A8D50,0xC
0x001A8E18,0x001A8E20,0x8
0x001A906C,0x001A9070,0x4
0x001A915C,0x001A9160,0x4
0x001A9168,0x001A9170,0x8
0x001A928C,0x001A9290,0x4
0x001A9344,0x001A9350,0xC
0x001A9404,0x001A9410,0xC
0x001A9524,0x001A9530,0xC
0x001A95BC,0x001A95C0,0x4
0x001A9608,0x001A9610,0x8
0x001A9618,0x001A9620,0x8
0x001A9634,0x001A9640,0xC
0x001A9648,0x001A9650,0x8
0x001A9698,0x001A96A0,0x8
0x001A96FC,0x001A9700,0x4
0x001A98F4,0x001A9900,0xC
0x001A9A3C,0x001A9A40,0x4
0x001A9AF4,0x001A9B00,0xC
0x001A9B68,0x001A9B70,0x8
0x001A9D18,0x001A9D20,0x8
0x001A9DD4,0x001A9DE0,0xC
0x001A9E58,0x001A9E60,0x8
0x001A9EC4,0x001A9ED0,0xC
0x001A9FD8,0x001A9FE0,0x8
0x001AA034,0x001AA040,0xC
0x001AA0CC,0x001AA0D0,0x4
0x001AA1B8,0x001AA1C0,0x8
0x001AA22C,0x001AA230,0x4
0x001AA278,0x001AA280,0x8
0x001AA434,0x001AA440,0xC
0x001AA4DC,0x001AA4E0,0x4
0x001AA56C,0x001AA570,0x4
0x001AA5FC,0x001AA600,0x4
0x001AA6B8,0x001AA6C0,0x8
0x001AA7A8,0x001AA7B0,0x8
0x001AA89C,0x001AA8A0,0x4
0x001AA8DC,0x001AA8E0,0x4
0x001AA9C8,0x001AA9D0,0x8
0x001AAB98,0x001AABA0,0x8
0x001AACBC,0x001AACC0,0x4
0x001AAD54,0x001AAD60,0xC
0x001AADB4,0x001AADC0,0xC
0x001AAED8,0x001AAEE0,0x8
0x001AB0A8,0x001AB0B0,0x8
0x001AB108,0x001AB110,0x8
0x001AB208,0x001AB210,0x8
0x001AB354,0x001AB360,0xC
0x001AB478,0x001AB480,0x8
0x001AB4F8,0x001AB500,0x8
0x001AB548,0x001AB550,0x8
0x001AB5F8,0x001AB600,0x8
0x001AB608,0x001AB610,0x8
0x001AB6DC,0x001AB6E0,0x4
0x001AB77C,0x001AB780,0x4
0x001AB838,0x001AB840,0x8
0x001AB8A8,0x001AB8B0,0x8
0x001AB96C,0x001AB970,0x4
0x001AB9FC,0x001ABA00,0x4
0x001ABAC4,0x001ABAD0,0xC
0x001ABBD8,0x001ABBE0,0x8
0x001ABC38,0x001ABC40,0x8
0x001ABC94,0x001ABCA0,0xC
0x001ABDEC,0x001ABDF0,0x4
0x001ABE64,0x001ABE70,0xC
0x001ABE8C,0x001ABE90,0x4
0x001ABF44,0x001ABF50,0xC
0x001ABFC4,0x001ABFD0,0xC
0x001AC168,0x001AC170,0x8
0x001AC2DC,0x001AC2E0,0x4
0x001AC328,0x001AC330,0x8
0x001AC348,0x001AC350,0x8
0x001AC358,0x001AC360,0x8
0x001AC384,0x001AC390,0xC
0x001AC3E8,0x001AC3F0,0x8
0x001AC7D8,0x001AC7E0,0x8
0x001AC834,0x001AC840,0xC
0x001ACA84,0x001ACA90,0xC
0x001ACB0C,0x001ACB10,0x4
0x001ACB18,0x001ACB20,0x8
0x001ACB34,0x001ACB40,0xC
0x001ACB48,0x001ACB50,0x8
0x001ACBD8,0x001ACBE0,0x8
0x001ACDB4,0x001ACDC0,0xC
0x001ACE24,0x001ACE30,0xC
0x001AD0AC,0x001AD0B0,0x4
0x001AD138,0x001AD140,0x8
0x001AD154,0x001AD160,0xC
0x001AD168,0x001AD170,0x8
0x001AD1DC,0x001AD1E0,0x4
0x001AD254,0x001AD260,0xC
0x001AD61C,0x001AD620,0x4
0x001AD7B4,0x001AD7C0,0xC
0x001AD8A4,0x001AD8B0,0xC
0x001AD99C,0x001AD9A0,0x4
0x001ADAD8,0x001ADAE0,0x8
0x001ADB1C,0x001ADB20,0x4
0x001ADC84,0x001ADC90,0xC
0x001ADD18,0x001ADD20,0x8
0x001ADE2C,0x001ADE30,0x4
0x001ADE6C,0x001ADE70,0x4
0x001AE03C,0x001AE040,0x4
0x001AE1BC,0x001AE1C0,0x4
0x001AE1FC,0x001AE200,0x4
0x001AE308,0x001AE310,0x8
0x001AE34C,0x001AE350,0x4
0x001AE4D4,0x001AE4E0,0xC
0x001AE51C,0x001AE520,0x4
0x001AE6A8,0x001AE6B0,0x8
0x001AE85C,0x001AE860,0x4
0x001AE9D4,0x001AE9E0,0xC
0x001AEA94,0x001AEAA0,0xC
0x001AEBB8,0x001AEBC0,0x8
0x001AED04,0x001AED10,0xC
0x001AED64,0x001AED70,0xC
0x001AEE98,0x001AEEA0,0x8
0x001AEFD4,0x001AEFE0,0xC
0x001AF0EC,0x001AF0F0,0x4
0x001AF12C,0x001AF130,0x4
0x001AF284,0x001AF290,0xC
0x001AF2CC,0x001AF2D0,0x4
0x001AF49C,0x001AF4A0,0x4
0x001AF76C,0x001AF770,0x4
0x001AF834,0x001AF840,0xC
0x001AF9AC,0x001AF9B0,0x4
0x001AFBD8,0x001AFBE0,0x8
0x001AFCA8,0x001AFCB0,0x8
0x001AFD04,0x001AFD10,0xC
0x001AFE28,0x001AFE30,0x8
0x001AFF38,0x001AFF40,0x8
0x001B005C,0x001B0060,0x4
0x001B0188,0x001B0190,0x8
0x001B02B8,0x001B02C0,0x8
0x001B03AC,0x001B03B0,0x4
0x001B050C,0x001B0510,0x4
0x001B068C,0x001B0690,0x4
0x001B07EC,0x001B07F0,0x4
0x001B090C,0x001B0910,0x4
0x001B0968,0x001B0970,0x8
0x001B09D4,0x001B09E0,0xC
0x001B0AFC,0x001B0B00,0x4
0x001B0B5C,0x001B0B60,0x4
0x001B0C24,0x001B0C30,0xC
0x001B0CCC,0x001B0CD0,0x4
0x001B0D5C,0x001B0D60,0x4
0x001B0DD8,0x001B0DE0,0x8
0x001B0E58,0x001B0E60,0x8
0x001B0EF8,0x001B0F00,0x8
0x001B0F08,0x001B0F10,0x8
0x001B0F24,0x001B0F30,0xC
0x001B0F38,0x001B0F40,0x8
0x001B0F94,0x001B0FA0,0xC
0x001B0FFC,0x001B1000,0x4
0x001B1118,0x001B1120,0x8
0x001B11EC,0x001B11F0,0x4
0x001B1388,0x001B1390,0x8
0x001B1518,0x001B1520,0x8
0x001B16E4,0x001B16F0,0xC
0x001B18EC,0x001B18F0,0x4
0x001B1B04,0x001B1B10,0xC
0x001B1D14,0x001B1D20,0xC
0x001B1ED8,0x001B1EE0,0x8
0x001B2088,0x001B2090,0x8
0x001B2238,0x001B2240,0x8
0x001B2378,0x001B2380,0x8
0x001B24B4,0x001B24C0,0xC
0x001B269C,0x001B26A0,0x4
0x001B28B4,0x001B28C0,0xC
0x001B2978,0x001B2980,0x8
0x001B29EC,0x001B29F0,0x4
0x001B2A78,0x001B2A80,0x8
0x001B2ACC,0x001B2AD0,0x4
0x001B2BB8,0x001B2BC0,0x8
0x001B2C28,0x001B2C30,0x8
0x001B2C84,0x001B2C90,0xC
0x001B2CDC,0x001B2CE0,0x4
0x001B2DB4,0x001B2DC0,0xC
0x001B2E54,0x001B2E60,0xC
0x001B2F34,0x001B2F40,0xC
0x001B2F8C,0x001B2F90,0x4
0x001B2FE4,0x001B2FF0,0xC
0x001B306C,0x001B3070,0x4
0x001B3128,0x001B3130,0x8
0x001B3218,0x001B3220,0x8
0x001B326C,0x001B3270,0x4
0x001B32E4,0x001B32F0,0xC
0x001B32F8,0x001B3300,0x8
0x001B3424,0x001B3430,0xC
0x001B3638,0x001B3640,0x8
0x001B3684,0x001B3690,0xC
0x001B375C,0x001B3760,0x4
0x001B38A8,0x001B38B0,0x8
0x001B397C,0x001B3980,0x4
0x001B3A24,0x001B3A30,0xC
0x001B3A5C,0x001B3A60,0x4
0x001B3AB8,0x001B3AC0,0x8
0x001B3C0C,0x001B3C10,0x4
0x001B3D6C,0x001B3D70,0x4
0x001B3D78,0x001B3D80,0x8
0x001B3D88,0x001B3D90,0x8
0x001B3E28,0x001B3E30,0x8
0x001B3FA8,0x001B3FB0,0x8
0x001B3FF4,0x001B4000,0xC
0x001B40BC,0x001B40C0,0x4
0x001B40F8,0x001B4100,0x8
0x001B4228,0x001B4230,0x8
0x001B427C,0x001B4280,0x4
0x001B42D8,0x001B42E0,0x8
0x001B4318,0x001B4320,0x8
0x001B436C,0x001B4370,0x4
0x001B43D4,0x001B43E0,0xC
0x001B4418,0x001B4420,0x8
0x001B44C8,0x001B44D0,0x8
0x001B452C,0x001B4530,0x4
0x001B457C,0x001B4580,0x4
0x001B45EC,0x001B45F0,0x4
0x001B4628,0x001B4630,0x8
0x001B467C,0x001B4680,0x4
0x001B46D8,0x001B46E0,0x8
0x001B476C,0x001B4770,0x4
0x001B47C8,0x001B47D0,0x8
0x001B4834,0x001B4840,0xC
0x001B4A48,0x001B4A50,0x8
0x001B4B2C,0x001B4B30,0x4
0x001B4BC4,0x001B4BD0,0xC
0x001B4BF8,0x001B4C00,0x8
0x001B4C54,0x001B4C60,0xC
0x001B4D1C,0x001B4D20,0x4
0x001B4D6C,0x001B4D70,0x4
0x001B4DD8,0x001B4DE0,0x8
0x001B4E38,0x001B4E40,0x8
0x001B4E8C,0x001B4E90,0x4
0x001B4F2C,0x001B4F30,0x4
0x001B4FA8,0x001B4FB0,0x8
0x001B5038,0x001B5040,0x8
0x001B50AC,0x001B50B0,0x4
0x001B5228,0x001B5230,0x8
0x001B5284,0x001B5290,0xC
0x001B5318,0x001B5320,0x8
0x001B5334,0x001B5340,0xC
0x001B5348,0x001B5350,0x8
0x001B53D8,0x001B53E0,0x8
0x001B553C,0x001B5540,0x4
0x001B5568,0x001B5570,0x8
0x001B55B4,0x001B55C0,0xC
0x001B560C,0x001B5610,0x4
0x001B564C,0x001B5650,0x4
0x001B5688,0x001B5690,0x8
0x001B56FC,0x001B5700,0x4
0x001B57CC,0x001B57D0,0x4
0x001B58B4,0x001B58C0,0xC
0x001B5994,0x001B59A0,0xC
0x001B59AC,0x001B59B0,0x4
0x001B5A14,0x001B5A20,0xC
0x001B5AD8,0x001B5AE0,0x8
0x001B5BCC,0x001B5BD0,0x4
0x001B5C84,0x001B5C90,0xC
0x001B5CCC,0x001B5CD0,0x4
0x001B5E2C,0x001B5E30,0x4
0x001B5EF8,0x001B5F00,0x8
0x001B5F5C,0x001B5F60,0x4
0x001B5F74,0x001B5F80,0xC
0x001B5F88,0x001B5F90,0x8
0x001B5F98,0x001B5FA0,0x8
0x001B5FFC,0x001B6000,0x4
0x001B6148,0x001B6150,0x8
0x001B6194,0x001B61A0,0xC
0x001B6294,0x001B62A0,0xC
0x001B6584,0x001B6590,0xC
0x001B66B8,0x001B66C0,0x8
0x001B6734,0x001B6740,0xC
0x001B6748,0x001B6750,0x8
0x001B67B4,0x001B67C0,0xC
0x001B682C,0x001B6830,0x4
0x001B6858,0x001B6860,0x8
0x001B69C8,0x001B69D0,0x8
0x001B6B54,0x001B6B60,0xC
0x001B6D9C,0x001B6DA0,0x4
0x001B6F0C,0x001B6F10,0x4
0x001B6F24,0x001B6F30,0xC
0x001B6F38,0x001B6F40,0x8
0x001B6F94,0x001B6FA0,0xC
0x001B70AC,0x001B70B0,0x4
0x001B7238,0x001B7240,0x8
0x001B7318,0x001B7320,0x8
0x001B7334,0x001B7340,0xC
0x001B7348,0x001B7350,0x8
0x001B73A4,0x001B73B0,0xC
0x001B7564,0x001B7570,0xC
0x001B7644,0x001B7650,0xC
0x001B7658,0x001B7660,0x8
0x001B76BC,0x001B76C0,0x4
0x001B77F4,0x001B7800,0xC
0x001B78A4,0x001B78B0,0xC
0x001B7964,0x001B7970,0xC
0x001B7A28,0x001B7A30,0x8
0x001B7A88,0x001B7A90,0x8
0x001B7BA4,0x001B7BB0,0xC
0x001B7C3C,0x001B7C40,0x4
0x001B7C54,0x001B7C60,0xC
0x001B7C68,0x001B7C70,0x8
0x001B7CCC,0x001B7CD0,0x4
0x001B7E28,0x001B7E30,0x8
0x001B7F14,0x001B7F20,0xC
0x001B8008,0x001B8010,0x8
0x001B8084,0x001B8090,0xC
0x001B8114,0x001B8120,0xC
0x001B81C4,0x001B81D0,0xC
0x001B81E4,0x001B81F0,0xC
0x001B81F8,0x001B8200,0x8
0x001B825C,0x001B8260,0x4
0x001B8484,0x001B8490,0xC
0x001B85E4,0x001B85F0,0xC
0x001B860C,0x001B8610,0x4
0x001B87AC,0x001B87B0,0x4
0x001B87C4,0x001B87D0,0xC
0x001B87D8,0x001B87E0,0x8
0x001B883C,0x001B8840,0x4
0x001B8A18,0x001B8A20,0x8
0x001B8AB8,0x001B8AC0,0x8
0x001B8AD4,0x001B8AE0,0xC
0x001B8AE8,0x001B8AF0,0x8
0x001B8B3C,0x001B8B40,0x4
0x001B8D1C,0x001B8D20,0x4
0x001B8D84,0x001B8D90,0xC
0x001B8DA4,0x001B8DB0,0xC
0x001B8DB8,0x001B8DC0,0x8
0x001B8E0C,0x001B8E10,0x4
0x001B8F18,0x001B8F20,0x8
0x001B8F94,0x001B8FA0,0xC
0x001B8FA8,0x001B8FB0,0x8
0x001B8FFC,0x001B9000,0x4
0x001B9128,0x001B9130,0x8
0x001B91C4,0x001B91D0,0xC
0x001B928C,0x001B9290,0x4
0x001B9348,0x001B9350,0x8
0x001B93C4,0x001B93D0,0xC
0x001B93E4,0x001B93F0,0xC
0x001B93F8,0x001B9400,0x8
0x001B944C,0x001B9450,0x4
0x001B9604,0x001B9610,0xC
0x001B96D4,0x001B96E0,0xC
0x001B96E8,0x001B96F0,0x8
0x001B973C,0x001B9740,0x4
0x001B9904,0x001B9910,0xC
0x001B9A88,0x001B9A90,0x8
0x001B9AA4,0x001B9AB0,0xC
0x001B9AB8,0x001B9AC0,0x8
0x001B9B3C,0x001B9B40,0x4
0x001B9C74,0x001B9C80,0xC
0x001B9D1C,0x001B9D20,0x4
0x001B9D34,0x001B9D40,0xC
0x001B9D48,0x001B9D50,0x8
0x001B9DCC,0x001B9DD0,0x4
0x001B9E2C,0x001B9E30,0x4
0x001B9F58,0x001B9F60,0x8
0x001BA008,0x001BA010,0x8
0x001BA08C,0x001BA090,0x4
0x001BA1A4,0x001BA1B0,0xC
0x001BA288,0x001BA290,0x8
0x001BA2E8,0x001BA2F0,0x8
0x001BA378,0x001BA380,0x8
0x001BA578,0x001BA580,0x8
0x001BA5C8,0x001BA5D0,0x8
0x001BA658,0x001BA660,0x8
0x001BA778,0x001BA780,0x8
0x001BA968,0x001BA970,0x8
0x001BA9E4,0x001BA9F0,0xC
0x001BAB04,0x001BAB10,0xC
0x001BAB9C,0x001BABA0,0x4
0x001BAC88,0x001BAC90,0x8
0x001BAD4C,0x001BAD50,0x4
0x001BAD64,0x001BAD70,0xC
0x001BAD78,0x001BAD80,0x8
0x001BAE08,0x001BAE10,0x8
0x001BAE84,0x001BAE90,0xC
0x001BB014,0x001BB020,0xC
0x001BB0C4,0x001BB0D0,0xC
0x001BB134,0x001BB140,0xC
0x001BB3E4,0x001BB3F0,0xC
0x001BB498,0x001BB4A0,0x8
0x001BB64C,0x001BB650,0x4
0x001BB6E8,0x001BB6F0,0x8
0x001BB82C,0x001BB830,0x4
0x001BB8AC,0x001BB8B0,0x4
0x001BB8C4,0x001BB8D0,0xC
0x001BB8D8,0x001BB8E0,0x8
0x001BB968,0x001BB970,0x8
0x001BBC1C,0x001BBC20,0x4
0x001BBD08,0x001BBD10,0x8
0x001BBD24,0x001BBD30,0xC
0x001BBD38,0x001BBD40,0x8
0x001BBDFC,0x001BBE00,0x4
0x001BBFB4,0x001BBFC0,0xC
0x001BC1D4,0x001BC1E0,0xC
0x001BC4B4,0x001BC4C0,0xC
0x001BC624,0x001BC630,0xC
0x001BC644,0x001BC650,0xC
0x001BC658,0x001BC660,0x8
0x001BC6B4,0x001BC6C0,0xC
0x001BC714,0x001BC720,0xC
0x001BC794,0x001BC7A0,0xC
0x001BC954,0x001BC960,0xC
0x001BCAB8,0x001BCAC0,0x8
0x001BCB54,0x001BCB60,0xC
0x001BCCDC,0x001BCCE0,0x4
0x001BCD68,0x001BCD70,0x8
0x001BCDFC,0x001BCE00,0x4
0x001BD0B4,0x001BD0C0,0xC
0x001BD128,0x001BD130,0x8
0x001BD1BC,0x001BD1C0,0x4
0x001BD224,0x001BD230,0xC
0x001BD4E4,0x001BD4F0,0xC
0x001BD5B8,0x001BD5C0,0x8
0x001BD5F8,0x001BD600,0x8
0x001BD6B4,0x001BD6C0,0xC
0x001BD7C4,0x001BD7D0,0xC
0x001BD92C,0x001BD930,0x4
0x001BD9C8,0x001BD9D0,0x8
0x001BDA08,0x001BDA10,0x8
0x001BDA54,0x001BDA60,0xC
0x001BDBB4,0x001BDBC0,0xC
0x001BDC14,0x001BDC20,0xC
0x001BDCB8,0x001BDCC0,0x8
0x001BDD04,0x001BDD10,0xC
0x001BDD88,0x001BDD90,0x8
0x001BDDD4,0x001BDDE0,0xC
0x001BDE24,0x001BDE30,0xC
0x001BDFA4,0x001BDFB0,0xC
0x001BDFB8,0x001BDFC0,0x8
0x001BE014,0x001BE020,0xC
0x001BE228,0x001BE230,0x8
0x001BE3D4,0x001BE3E0,0xC
0x001BE3E8,0x001BE3F0,0x8
0x001BE404,0x001BE410,0xC
0x001BE418,0x001BE420,0x8
0x001BE464,0x001BE470,0xC
0x001BE56C,0x001BE570,0x4
0x001BE63C,0x001BE640,0x4
0x001BE6FC,0x001BE700,0x4
0x001BE7B8,0x001BE7C0,0x8
0x001BE7D8,0x001BE7E0,0x8
0x001BE884,0x001BE890,0xC
0x001BE8E4,0x001BE8F0,0xC
0x001BEAA4,0x001BEAB0,0xC
0x001BEBC4,0x001BEBD0,0xC
0x001BEDD8,0x001BEDE0,0x8
0x001BEF18,0x001BEF20,0x8
0x001BF078,0x001BF080,0x8
0x001BF1FC,0x001BF200,0x4
0x001BF288,0x001BF290,0x8
0x001BF31C,0x001BF320,0x4
0x001BF334,0x001BF340,0xC
0x001BF348,0x001BF350,0x8
0x001BF3AC,0x001BF3B0,0x4
0x001BF454,0x001BF460,0xC
0x001BF5B4,0x001BF5C0,0xC
0x001BF7F4,0x001BF800,0xC
0x001BF858,0x001BF860,0x8
0x001BF894,0x001BF8A0,0xC
0x001BF8F4,0x001BF900,0xC
0x001BF9D8,0x001BF9E0,0x8
0x001BFA8C,0x001BFA90,0x4
0x001BFAA4,0x001BFAB0,0xC
0x001BFAB8,0x001BFAC0,0x8
0x001BFB04,0x001BFB10,0xC
0x001BFC68,0x001BFC70,0x8
0x001BFC84,0x001BFC90,0xC
0x001BFC98,0x001BFCA0,0x8
0x001BFD04,0x001BFD10,0xC
0x001BFE74,0x001BFE80,0xC
0x001BFFA8,0x001BFFB0,0x8
0x001C00BC,0x001C00C0,0x4
0x001C01B4,0x001C01C0,0xC
0x001C031C,0x001C0320,0x4
0x001C05AC,0x001C05B0,0x4
0x001C0644,0x001C0650,0xC
0x001C06CC,0x001C06D0,0x4
0x001C08CC,0x001C08D0,0x4
0x001C0944,0x001C0950,0xC
0x001C096C,0x001C0970,0x4
0x001C0998,0x001C09A0,0x8
0x001C09F4,0x001C0A00,0xC
0x001C0A64,0x001C0A70,0xC
0x001C0C28,0x001C0C30,0x8
0x001C0D14,0x001C0D20,0xC
0x001C0E14,0x001C0E20,0xC
0x001C0E5C,0x001C0E60,0x4
0x001C0EEC,0x001C0EF0,0x4
0x001C0F68,0x001C0F70,0x8
0x001C0FE4,0x001C0FF0,0xC
0x001C1078,0x001C1080,0x8
0x001C10F8,0x001C1100,0x8
0x001C1158,0x001C1160,0x8
0x001C1248,0x001C1250,0x8
0x001C12A8,0x001C12B0,0x8
0x001C1314,0x001C1320,0xC
0x001C1328,0x001C1330,0x8
0x001C138C,0x001C1390,0x4
0x001C13EC,0x001C13F0,0x4
0x001C1444,0x001C1450,0xC
0x001C1584,0x001C1590,0xC
0x001C1614,0x001C1620,0xC
0x001C1628,0x001C1630,0x8
0x001C16AC,0x001C16B0,0x4
0x001C16F4,0x001C1700,0xC
0x001C177C,0x001C1780,0x4
0x001C1898,0x001C18A0,0x8
0x001C1904,0x001C1910,0xC
0x001C1994,0x001C19A0,0xC
0x001C1A74,0x001C1A80,0xC
0x001C1AD8,0x001C1AE0,0x8
0x001C1B34,0x001C1B40,0xC
0x001C1B84,0x001C1B90,0xC
0x001C1BA4,0x001C1BB0,0xC
0x001C1BB8,0x001C1BC0,0x8
0x001C1C48,0x001C1C50,0x8
0x001C1C98,0x001C1CA0,0x8
0x001C1D94,0x001C1DA0,0xC
0x001C1DE4,0x001C1DF0,0xC
0x001C1FE4,0x001C1FF0,0xC
0x001C20D8,0x001C20E0,0x8
0x001C217C,0x001C2180,0x4
0x001C21B8,0x001C21C0,0x8
0x001C21FC,0x001C2200,0x4
0x001C2294,0x001C22A0,0xC
0x001C2328,0x001C2330,0x8
0x001C236C,0x001C2370,0x4
0x001C23CC,0x001C23D0,0x4
0x001C2514,0x001C2520,0xC
0x001C25AC,0x001C25B0,0x4
0x001C26B8,0x001C26C0,0x8
0x001C2714,0x001C2720,0xC
0x001C27D8,0x001C27E0,0x8
0x001C2834,0x001C2840,0xC
0x001C28FC,0x001C2900,0x4
0x001C2954,0x001C2960,0xC
0x001C2A18,0x001C2A20,0x8
0x001C2A74,0x001C2A80,0xC
0x001C2BCC,0x001C2BD0,0x4
0x001C2C44,0x001C2C50,0xC
0x001C2C6C,0x001C2C70,0x4
0x001C2D24,0x001C2D30,0xC
0x001C2DA4,0x001C2DB0,0xC
0x001C2F68,0x001C2F70,0x8
0x001C3094,0x001C30A0,0xC
0x001C313C,0x001C3140,0x4
0x001C31F4,0x001C3200,0xC
0x001C3288,0x001C3290,0x8
0x001C32D8,0x001C32E0,0x8
0x001C32E8,0x001C32F0,0x8
0x001C3344,0x001C3350,0xC
0x001C33D8,0x001C33E0,0x8
0x001C3428,0x001C3430,0x8
0x001C3508,0x001C3510,0x8
0x001C35A8,0x001C35B0,0x8
0x001C3608,0x001C3610,0x8
0x001C36DC,0x001C36E0,0x4
0x001C3788,0x001C3790,0x8
0x001C37CC,0x001C37D0,0x4
0x001C38FC,0x001C3900,0x4
0x001C3964,0x001C3970,0xC
0x001C39B8,0x001C39C0,0x8
0x001C39D8,0x001C39E0,0x8
0x001C39E8,0x001C39F0,0x8
0x001C3A14,0x001C3A20,0xC
0x001C3A78,0x001C3A80,0x8
0x001C3EB4,0x001C3EC0,0xC
0x001C3F1C,0x001C3F20,0x4
0x001C4004,0x001C4010,0xC
0x001C40A8,0x001C40B0,0x8
0x001C4218,0x001C4220,0x8
0x001C4284,0x001C4290,0xC
0x001C42CC,0x001C42D0,0x4
0x001C4358,0x001C4360,0x8
0x001C439C,0x001C43A0,0x4
0x001C4414,0x001C4420,0xC
0x001C4538,0x001C4540,0x8
0x001C45DC,0x001C45E0,0x4
0x001C4688,0x001C4690,0x8
0x001C4758,0x001C4760,0x8
0x001C479C,0x001C47A0,0x4
0x001C47B4,0x001C47C0,0xC
0x001C47C8,0x001C47D0,0x8
0x001C4828,0x001C4830,0x8
0x001C488C,0x001C4890,0x4
0x001C4C0C,0x001C4C10,0x4
0x001C4C28,0x001C4C30,0x8
0x001C4C98,0x001C4CA0,0x8
0x001C4D2C,0x001C4D30,0x4
0x001C4D54,0x001C4D60,0xC
0x001C4EBC,0x001C4EC0,0x4
0x001C4F18,0x001C4F20,0x8
0x001C5024,0x001C5030,0xC
0x001C5078,0x001C5080,0x8
0x001C5094,0x001C50A0,0xC
0x001C50A8,0x001C50B0,0x8
0x001C5108,0x001C5110,0x8
0x001C51F8,0x001C5200,0x8
0x001C5498,0x001C54A0,0x8
0x001C5574,0x001C5580,0xC
0x001C5774,0x001C5780,0xC
0x001C5794,0x001C57A0,0xC
0x001C57A8,0x001C57B0,0x8
0x001C5804,0x001C5810,0xC
0x001C5864,0x001C5870,0xC
0x001C5948,0x001C5950,0x8
0x001C5ACC,0x001C5AD0,0x4
0x001C5B48,0x001C5B50,0x8
0x001C5BB8,0x001C5BC0,0x8
0x001C5D44,0x001C5D50,0xC
0x001C5DD8,0x001C5DE0,0x8
0x001C5F38,0x001C5F40,0x8
0x001C5FB8,0x001C5FC0,0x8
0x001C6028,0x001C6030,0x8
0x001C61B8,0x001C61C0,0x8
0x001C6248,0x001C6250,0x8
0x001C63A4,0x001C63B0,0xC
0x001C643C,0x001C6440,0x4
0x001C64A8,0x001C64B0,0x8
0x001C655C,0x001C6560,0x4
0x001C65CC,0x001C65D0,0x4
0x001C6688,0x001C6690,0x8
0x001C66D8,0x001C66E0,0x8
0x001C67E8,0x001C67F0,0x8
0x001C6A18,0x001C6A20,0x8
0x001C6A28,0x001C6A30,0x8
0x001C6AB8,0x001C6AC0,0x8
0x001C6BE8,0x001C6BF0,0x8
0x001C6CF4,0x001C6D00,0xC
0x001C6E88,0x001C6E90,0x8
0x001C6F18,0x001C6F20,0x8
0x001C7048,0x001C7050,0x8
0x001C719C,0x001C71A0,0x4
0x001C7228,0x001C7230,0x8
0x001C733C,0x001C7340,0x4
0x001C73F8,0x001C7400,0x8
0x001C7438,0x001C7440,0x8
0x001C749C,0x001C74A0,0x4
0x001C74A8,0x001C74B0,0x8
0x001C7634,0x001C7640,0xC
0x001C76D8,0x001C76E0,0x8
0x001C781C,0x001C7820,0x4
0x001C7A74,0x001C7A80,0xC
0x001C7AD8,0x001C7AE0,0x8
0x001C7B68,0x001C7B70,0x8
0x001C7D58,0x001C7D60,0x8
0x001C7DE8,0x001C7DF0,0x8
0x001C8058,0x001C8060,0x8
0x001C814C,0x001C8150,0x4
0x001C8214,0x001C8220,0xC
0x001C82BC,0x001C82C0,0x4
0x001C8324,0x001C8330,0xC
0x001C8374,0x001C8380,0xC
0x001C840C,0x001C8410,0x4
0x001C8498,0x001C84A0,0x8
0x001C84B4,0x001C84C0,0xC
0x001C84C8,0x001C84D0,0x8
0x001C85C4,0x001C85D0,0xC
0x001C861C,0x001C8620,0x4
0x001C8698,0x001C86A0,0x8
0x001C87A8,0x001C87B0,0x8
0x001C87FC,0x001C8800,0x4
0x001C8814,0x001C8820,0xC
0x001C8828,0x001C8830,0x8
0x001C88B8,0x001C88C0,0x8
0x001C88E8,0x001C88F0,0x8
0x001C8958,0x001C8960,0x8
0x001C8A8C,0x001C8A90,0x4
0x001C8AD8,0x001C8AE0,0x8
0x001C8AF4,0x001C8B00,0xC
0x001C8B08,0x001C8B10,0x8
0x001C8B64,0x001C8B70,0xC
0x001C8CC4,0x001C8CD0,0xC
0x001C8CD8,0x001C8CE0,0x8
0x001C8D3C,0x001C8D40,0x4
0x001C8DD8,0x001C8DE0,0x8
0x001C8EE8,0x001C8EF0,0x8
0x001C8F9C,0x001C8FA0,0x4
0x001C8FB4,0x001C8FC0,0xC
0x001C8FC8,0x001C8FD0,0x8
0x001C90F4,0x001C9100,0xC
0x001C9224,0x001C9230,0xC
0x001C92EC,0x001C92F0,0x4
0x001C93E8,0x001C93F0,0x8
0x001C9404,0x001C9410,0xC
0x001C9418,0x001C9420,0x8
0x001C948C,0x001C9490,0x4
0x001C9504,0x001C9510,0xC
0x001C9634,0x001C9640,0xC
0x001C9684,0x001C9690,0xC
0x001C96A4,0x001C96B0,0xC
0x001C976C,0x001C9770,0x4
0x001C995C,0x001C9960,0x4
0x001C9AEC,0x001C9AF0,0x4
0x001C9B04,0x001C9B10,0xC
0x001C9C84,0x001C9C90,0xC
0x001C9CC8,0x001C9CD0,0x8
0x001C9E48,0x001C9E50,0x8
0x001C9F04,0x001C9F10,0xC
0x001CA164,0x001CA170,0xC
0x001CA258,0x001CA260,0x8
0x001CA274,0x001CA280,0xC
0x001CA288,0x001CA290,0x8
0x001CA398,0x001CA3A0,0x8
0x001CA4C8,0x001CA4D0,0x8
0x001CA558,0x001CA560,0x8
0x001CA61C,0x001CA620,0x4
0x001CA7D4,0x001CA7E0,0xC
0x001CA834,0x001CA840,0xC
0x001CA8E4,0x001CA8F0,0xC
0x001CA9E8,0x001CA9F0,0x8
0x001CAAFC,0x001CAB00,0x4
0x001CABE4,0x001CABF0,0xC
0x001CAC88,0x001CAC90,0x8
0x001CACFC,0x001CAD00,0x4
0x001CAD74,0x001CAD80,0xC
0x001CAD88,0x001CAD90,0x8
0x001CADA8,0x001CADB0,0x8
0x001CADC4,0x001CADD0,0xC
0x001CAE74,0x001CAE80,0xC
0x001CAE94,0x001CAEA0,0xC
0x001CAEFC,0x001CAF00,0x4
0x001CB09C,0x001CB0A0,0x4
0x001CB128,0x001CB130,0x8
0x001CB3CC,0x001CB3D0,0x4
0x001CB484,0x001CB490,0xC
0x001CB4CC,0x001CB4D0,0x4
0x001CB538,0x001CB540,0x8
0x001CB584,0x001CB590,0xC
0x001CB598,0x001CB5A0,0x8
0x001CB5CC,0x001CB5D0,0x4
0x001CB604,0x001CB610,0xC
0x001CB71C,0x001CB720,0x4
0x001CB728,0x001CB730,0x8
0x001CB914,0x001CB920,0xC
0x001CBBB8,0x001CBBC0,0x8
0x001CBC78,0x001CBC80,0x8
0x001CBCF8,0x001CBD00,0x8
0x001CBD9C,0x001CBDA0,0x4
0x001CBE0C,0x001CBE10,0x4
0x001CBE84,0x001CBE90,0xC
0x001CBFFC,0x001CC000,0x4
0x001CC074,0x001CC080,0xC
0x001CC414,0x001CC420,0xC
0x001CC604,0x001CC610,0xC
0x001CC6CC,0x001CC6D0,0x4
0x001CC70C,0x001CC710,0x4
0x001CC85C,0x001CC860,0x4
0x001CC89C,0x001CC8A0,0x4
0x001CCA48,0x001CCA50,0x8
0x001CCB44,0x001CCB50,0xC
0x001CCB68,0x001CCB70,0x8
0x001CCC18,0x001CCC20,0x8
0x001CCC8C,0x001CCC90,0x4
0x001CCD3C,0x001CCD40,0x4
0x001CCD94,0x001CCDA0,0xC
0x001CCF34,0x001CCF40,0xC
0x001CCF5C,0x001CCF60,0x4
0x001CD12C,0x001CD130,0x4
0x001CD318,0x001CD320,0x8
0x001CD51C,0x001CD520,0x4
0x001CD7C4,0x001CD7D0,0xC
0x001CDA58,0x001CDA60,0x8
0x001CDA68,0x001CDA70,0x8
0x001CDB6C,0x001CDB70,0x4
0x001CDCC8,0x001CDCD0,0x8
0x001CDE34,0x001CDE40,0xC
0x001CDEBC,0x001CDEC0,0x4
0x001CE028,0x001CE030,0x8
0x001CE1DC,0x001CE1E0,0x4
0x001CE2A4,0x001CE2B0,0xC
0x001CE30C,0x001CE310,0x4
0x001CE47C,0x001CE480,0x4
0x001CE498,0x001CE4A0,0x8
0x001CE4FC,0x001CE500,0x4
0x001CE644,0x001CE650,0xC
0x001CE8EC,0x001CE8F0,0x4
0x001CE9F8,0x001CEA00,0x8
0x001CEA5C,0x001CEA60,0x4
0x001CEADC,0x001CEAE0,0x4
0x001CEB3C,0x001CEB40,0x4
0x001CEC74,0x001CEC80,0xC
0x001CECC4,0x001CECD0,0xC
0x001CED14,0x001CED20,0xC
0x001CED64,0x001CED70,0xC
0x001CEDB4,0x001CEDC0,0xC
0x001CEE04,0x001CEE10,0xC
0x001CEE54,0x001CEE60,0xC
0x001CEEA4,0x001CEEB0,0xC
0x001CEEF4,0x001CEF00,0xC
0x001CEF4C,0x001CEF50,0x4
0x001CEF94,0x001CEFA0,0xC
0x001CEFEC,0x001CEFF0,0x4
0x001CF028,0x001CF030,0x8
0x001CF088,0x001CF090,0x8
0x001CF174,0x001CF180,0xC
0x001CF27C,0x001CF280,0x4
0x001CF308,0x001CF310,0x8
0x001CF488,0x001CF490,0x8
0x001CF514,0x001CF520,0xC
0x001CF5E8,0x001CF5F0,0x8
0x001CF694,0x001CF6A0,0xC
0x001CF6B4,0x001CF6C0,0xC
0x001CF6C8,0x001CF6D0,0x8
0x001CF6EC,0x001CF6F0,0x4
0x001CF714,0x001CF720,0xC
0x001CF77C,0x001CF780,0x4
0x001CF798,0x001CF7A0,0x8
0x001CF7FC,0x001CF800,0x4
0x001CF84C,0x001CF850,0x4
0x001CF8C8,0x001CF8D0,0x8
0x001CF9D8,0x001CF9E0,0x8
0x001CFA2C,0x001CFA30,0x4
0x001CFA44,0x001CFA50,0xC
0x001CFA58,0x001CFA60,0x8
0x001CFD14,0x001CFD20,0xC
0x001CFDC4,0x001CFDD0,0xC
0x001CFDE4,0x001CFDF0,0xC
0x001CFDF8,0x001CFE00,0x8
0x001CFE9C,0x001CFEA0,0x4
0x001CFF64,0x001CFF70,0xC
0x001D0114,0x001D0120,0xC
0x001D0128,0x001D0130,0x8
0x001D01A4,0x001D01B0,0xC
0x001D02D8,0x001D02E0,0x8
0x001D04CC,0x001D04D0,0x4
0x001D04E4,0x001D04F0,0xC
0x001D04F8,0x001D0500,0x8
0x001D05D4,0x001D05E0,0xC
0x001D0708,0x001D0710,0x8
0x001D0A6C,0x001D0A70,0x4
0x001D0BB4,0x001D0BC0,0xC
0x001D0D8C,0x001D0D90,0x4
0x001D0EB8,0x001D0EC0,0x8
0x001D0F54,0x001D0F60,0xC
0x001D0F68,0x001D0F70,0x8
0x001D0F84,0x001D0F90,0xC
0x001D0FFC,0x001D1000,0x4
0x001D1158,0x001D1160,0x8
0x001D1214,0x001D1220,0xC
0x001D1234,0x001D1240,0xC
0x001D1248,0x001D1250,0x8
0x001D12A4,0x001D12B0,0xC
0x001D13A8,0x001D13B0,0x8
0x001D1528,0x001D1530,0x8
0x001D1538,0x001D1540,0x8
0x001D1548,0x001D1550,0x8
0x001D15D8,0x001D15E0,0x8
0x001D16F4,0x001D1700,0xC
0x001D18C4,0x001D18D0,0xC
0x001D18D8,0x001D18E0,0x8
0x001D1944,0x001D1950,0xC
0x001D1AD8,0x001D1AE0,0x8
0x001D1AE8,0x001D1AF0,0x8
0x001D1B7C,0x001D1B80,0x4
0x001D1BEC,0x001D1BF0,0x4
0x001D1E0C,0x001D1E10,0x4
0x001D1E94,0x001D1EA0,0xC
0x001D1EA8,0x001D1EB0,0x8
0x001D1F0C,0x001D1F10,0x4
0x001D20AC,0x001D20B0,0x4
0x001D212C,0x001D2130,0x4
0x001D2228,0x001D2230,0x8
0x001D2378,0x001D2380,0x8
0x001D2388,0x001D2390,0x8
0x001D25BC,0x001D25C0,0x4
0x001D2604,0x001D2610,0xC
0x001D2674,0x001D2680,0xC
0x001D2724,0x001D2730,0xC
0x001D279C,0x001D27A0,0x4
0x001D289C,0x001D28A0,0x4
0x001D29FC,0x001D2A00,0x4
0x001D2A08,0x001D2A10,0x8
0x001D2A6C,0x001D2A70,0x4
0x001D2BF8,0x001D2C00,0x8
0x001D2C64,0x001D2C70,0xC
0x001D2F5C,0x001D2F60,0x4
0x001D30A4,0x001D30B0,0xC
0x001D3218,0x001D3220,0x8
0x001D3364,0x001D3370,0xC
0x001D347C,0x001D3480,0x4
0x001D34B4,0x001D34C0,0xC
0x001D35E8,0x001D35F0,0x8
0x001D36C4,0x001D36D0,0xC
0x001D36D8,0x001D36E0,0x8
0x001D3748,0x001D3750,0x8
0x001D37C4,0x001D37D0,0xC
0x001D3824,0x001D3830,0xC
0x001D3A58,0x001D3A60,0x8
0x001D3C04,0x001D3C10,0xC
0x001D43F4,0x001D4400,0xC
0x001D45C4,0x001D45D0,0xC
0x001D4644,0x001D4650,0xC
0x001D4748,0x001D4750,0x8
0x001D4824,0x001D4830,0xC
0x001D494C,0x001D4950,0x4
0x001D4A5C,0x001D4A60,0x4
0x001D4BBC,0x001D4BC0,0x4
0x001D4DAC,0x001D4DB0,0x4
0x001D4E8C,0x001D4E90,0x4
0x001D4FA4,0x001D4FB0,0xC
0x001D4FD4,0x001D4FE0,0xC
0x001D50C8,0x001D50D0,0x8
0x001D5224,0x001D5230,0xC
0x001D52F4,0x001D5300,0xC
0x001D546C,0x001D5470,0x4
0x001D555C,0x001D5560,0x4
0x001D55E4,0x001D55F0,0xC
0x001D565C,0x001D5660,0x4
0x001D5668,0x001D5670,0x8
0x001D56EC,0x001D56F0,0x4
0x001D5838,0x001D5840,0x8
0x001D589C,0x001D58A0,0x4
0x001D5904,0x001D5910,0xC
0x001D59A8,0x001D59B0,0x8
0x001D5A88,0x001D5A90,0x8
0x001D5AFC,0x001D5B00,0x4
0x001D5CE4,0x001D5CF0,0xC
0x001D5E8C,0x001D5E90,0x4
0x001D6038,0x001D6040,0x8
0x001D615C,0x001D6160,0x4
0x001D630C,0x001D6310,0x4
0x001D642C,0x001D6430,0x4
0x001D64D8,0x001D64E0,0x8
0x001D667C,0x001D6680,0x4
0x001D6734,0x001D6740,0xC
0x001D6888,0x001D6890,0x8
0x001D6944,0x001D6950,0xC
0x001D6A6C,0x001D6A70,0x4
0x001D6AF8,0x001D6B00,0x8
0x001D6B34,0x001D6B40,0xC
0x001D6B48,0x001D6B50,0x8
0x001D6BB4,0x001D6BC0,0xC
0x001D6CF4,0x001D6D00,0xC
0x001D6D0C,0x001D6D10,0x4
0x001D6D7C,0x001D6D80,0x4
0x001D6DB8,0x001D6DC0,0x8
0x001D6DF8,0x001D6E00,0x8
0x001D6E08,0x001D6E10,0x8
0x001D6E5C,0x001D6E60,0x4
0x001D704C,0x001D7050,0x4
0x001D7058,0x001D7060,0x8
0x001D7068,0x001D7070,0x8
0x001D711C,0x001D7120,0x4
0x001D7334,0x001D7340,0xC
0x001D7378,0x001D7380,0x8
0x001D7518,0x001D7520,0x8
0x001D756C,0x001D7570,0x4
0x001D7774,0x001D7780,0xC
0x001D7788,0x001D7790,0x8
0x001D7798,0x001D77A0,0x8
0x001D77F4,0x001D7800,0xC
0x001D7938,0x001D7940,0x8
0x001D7AA4,0x001D7AB0,0xC
0x001D7CB8,0x001D7CC0,0x8
0x001D7CC8,0x001D7CD0,0x8
0x001D7CD8,0x001D7CE0,0x8
0x001D7D68,0x001D7D70,0x8
0x001D7E48,0x001D7E50,0x8
0x001D815C,0x001D8160,0x4
0x001D82A8,0x001D82B0,0x8
0x001D8544,0x001D8550,0xC
0x001D8564,0x001D8570,0xC
0x001D8578,0x001D8580,0x8
0x001D85EC,0x001D85F0,0x4
0x001D88B8,0x001D88C0,0x8
0x001D8A14,0x001D8A20,0xC
0x001D8A28,0x001D8A30,0x8
0x001D8AAC,0x001D8AB0,0x4
0x001D8B2C,0x001D8B30,0x4
0x001D8CFC,0x001D8D00,0x4
0x001D8D5C,0x001D8D60,0x4
0x001D8DA4,0x001D8DB0,0xC
0x001D8F54,0x001D8F60,0xC
0x001D8FEC,0x001D8FF0,0x4
0x001D9104,0x001D9110,0xC
0x001D918C,0x001D9190,0x4
0x001D91C4,0x001D91D0,0xC
0x001D91D8,0x001D91E0,0x8
0x001D925C,0x001D9260,0x4
0x001D94C4,0x001D94D0,0xC
0x001D9524,0x001D9530,0xC
0x001D96F4,0x001D9700,0xC
0x001D9758,0x001D9760,0x8
0x001D990C,0x001D9910,0x4
0x001D995C,0x001D9960,0x4
0x001D9A68,0x001D9A70,0x8
0x001D9BE4,0x001D9BF0,0xC
0x001D9C48,0x001D9C50,0x8
0x001D9D28,0x001D9D30,0x8
0x001D9D64,0x001D9D70,0xC
0x001D9D78,0x001D9D80,0x8
0x001D9DFC,0x001D9E00,0x4
0x001D9F48,0x001D9F50,0x8
0x001D9FAC,0x001D9FB0,0x4
0x001DA014,0x001DA020,0xC
0x001DA0B8,0x001DA0C0,0x8
0x001DA198,0x001DA1A0,0x8
0x001DA20C,0x001DA210,0x4
0x001DA438,0x001DA440,0x8
0x001DA59C,0x001DA5A0,0x4
0x001DA73C,0x001DA740,0x4
0x001DA774,0x001DA780,0xC
0x001DA788,0x001DA790,0x8
0x001DA854,0x001DA860,0xC
0x001DA9F4,0x001DAA00,0xC
0x001DAB5C,0x001DAB60,0x4
0x001DABE4,0x001DABF0,0xC
0x001DACA4,0x001DACB0,0xC
0x001DACC4,0x001DACD0,0xC
0x001DACD8,0x001DACE0,0x8
0x001DAD2C,0x001DAD30,0x4
0x001DAE84,0x001DAE90,0xC
0x001DAEF4,0x001DAF00,0xC
0x001DAF14,0x001DAF20,0xC
0x001DAF28,0x001DAF30,0x8
0x001DAFAC,0x001DAFB0,0x4
0x001DB0A4,0x001DB0B0,0xC
0x001DB0C8,0x001DB0D0,0x8
0x001DB124,0x001DB130,0xC
0x001DB1E8,0x001DB1F0,0x8
0x001DB254,0x001DB260,0xC
0x001DB2DC,0x001DB2E0,0x4
0x001DB2F4,0x001DB300,0xC
0x001DB314,0x001DB320,0xC
0x001DB38C,0x001DB390,0x4
0x001DB53C,0x001DB540,0x4
0x001DB5C4,0x001DB5D0,0xC
0x001DB634,0x001DB640,0xC
0x001DB6C8,0x001DB6D0,0x8
0x001DB7D4,0x001DB7E0,0xC
0x001DB838,0x001DB840,0x8
0x001DB8F4,0x001DB900,0xC
0x001DB98C,0x001DB990,0x4
0x001DBA68,0x001DBA70,0x8
0x001DBADC,0x001DBAE0,0x4
0x001DBCC4,0x001DBCD0,0xC
0x001DBDE4,0x001DBDF0,0xC
0x001DBE4C,0x001DBE50,0x4
0x001DBF04,0x001DBF10,0xC
0x001DBFA4,0x001DBFB0,0xC
0x001DC058,0x001DC060,0x8
0x001DC0A4,0x001DC0B0,0xC
0x001DC0C4,0x001DC0D0,0xC
0x001DC0E4,0x001DC0F0,0xC
0x001DC19C,0x001DC1A0,0x4
0x001DC1EC,0x001DC1F0,0x4
0x001DC434,0x001DC440,0xC
0x001DC5FC,0x001DC600,0x4
0x001DC6AC,0x001DC6B0,0x4
0x001DC6C4,0x001DC6D0,0xC
0x001DC7E8,0x001DC7F0,0x8
0x001DC93C,0x001DC940,0x4
0x001DC9C8,0x001DC9D0,0x8
0x001DCA48,0x001DCA50,0x8
0x001DCA88,0x001DCA90,0x8
0x001DCC78,0x001DCC80,0x8
0x001DCD98,0x001DCDA0,0x8
0x001DCDB4,0x001DCDC0,0xC
0x001DCDD8,0x001DCDE0,0x8
0x001DCF1C,0x001DCF20,0x4
0x001DD264,0x001DD270,0xC
0x001DD434,0x001DD440,0xC
0x001DD448,0x001DD450,0x8
0x001DD464,0x001DD470,0xC
0x001DD654,0x001DD660,0xC
0x001DD87C,0x001DD880,0x4
0x001DD888,0x001DD890,0x8
0x001DD898,0x001DD8A0,0x8
0x001DD91C,0x001DD920,0x4
0x001DD99C,0x001DD9A0,0x4
0x001DDB54,0x001DDB60,0xC
0x001DDC2C,0x001DDC30,0x4
0x001DDD84,0x001DDD90,0xC
0x001DE178,0x001DE180,0x8
0x001DE2D4,0x001DE2E0,0xC
0x001DE464,0x001DE470,0xC
0x001DE4DC,0x001DE4E0,0x4
0x001DE604,0x001DE610,0xC
0x001DE668,0x001DE670,0x8
0x001DE78C,0x001DE790,0x4
0x001DE8A4,0x001DE8B0,0xC
0x001DEA84,0x001DEA90,0xC
0x001DEAFC,0x001DEB00,0x4
0x001DEC4C,0x001DEC50,0x4
0x001DECD8,0x001DECE0,0x8
0x001DEE24,0x001DEE30,0xC
0x001DEEAC,0x001DEEB0,0x4
0x001DEF74,0x001DEF80,0xC
0x001DF0A8,0x001DF0B0,0x8
0x001DF184,0x001DF190,0xC
0x001DF26C,0x001DF270,0x4
0x001DF454,0x001DF460,0xC
0x001DF488,0x001DF490,0x8
0x001DF4C4,0x001DF4D0,0xC
0x001DF4D8,0x001DF4E0,0x8
0x001DF53C,0x001DF540,0x4
0x001DF5B8,0x001DF5C0,0x8
0x001DF7EC,0x001DF7F0,0x4
0x001DFCFC,0x001DFD00,0x4
0x001DFE38,0x001DFE40,0x8
0x001DFFB4,0x001DFFC0,0xC
0x001E001C,0x001E0020,0x4
0x001E0084,0x001E0090,0xC
0x001E053C,0x001E0540,0x4
0x001E07BC,0x001E07C0,0x4
0x001E099C,0x001E09A0,0x4
0x001E0A44,0x001E0A50,0xC
0x001E0A58,0x001E0A60,0x8
0x001E0ABC,0x001E0AC0,0x4
0x001E0B8C,0x001E0B90,0x4
0x001E0CB4,0x001E0CC0,0xC
0x001E0D34,0x001E0D40,0xC
0x001E102C,0x001E1030,0x4
0x001E1038,0x001E1040,0x8
0x001E118C,0x001E1190,0x4
0x001E1218,0x001E1220,0x8
0x001E1328,0x001E1330,0x8
0x001E13EC,0x001E13F0,0x4
0x001E1424,0x001E1430,0xC
0x001E1568,0x001E1570,0x8
0x001E1584,0x001E1590,0xC
0x001E1598,0x001E15A0,0x8
0x001E161C,0x001E1620,0x4
0x001E169C,0x001E16A0,0x4
0x001E16D8,0x001E16E0,0x8
0x001E1A5C,0x001E1A60,0x4
0x001E1AFC,0x001E1B00,0x4
0x001E1B68,0x001E1B70,0x8
0x001E1C34,0x001E1C40,0xC
0x001E1F24,0x001E1F30,0xC
0x001E1FD4,0x001E1FE0,0xC
0x001E1FE8,0x001E1FF0,0x8
0x001E204C,0x001E2050,0x4
0x001E211C,0x001E2120,0x4
0x001E2128,0x001E2130,0x8
0x001E22B4,0x001E22C0,0xC
0x001E232C,0x001E2330,0x4
0x001E2394,0x001E23A0,0xC
0x001E31C4,0x001E31D0,0xC
0x001E3204,0x001E3210,0xC
0x001E3238,0x001E3240,0x8
0x001E3268,0x001E3270,0x8
0x001E32B8,0x001E32C0,0x8
0x001E3314,0x001E3320,0xC
0x001E3368,0x001E3370,0x8
0x001E33CC,0x001E33D0,0x4
0x001E3518,0x001E3520,0x8
0x001E362C,0x001E3630,0x4
0x001E370C,0x001E3710,0x4
0x001E38A4,0x001E38B0,0xC
0x001E3A38,0x001E3A40,0x8
0x001E3A6C,0x001E3A70,0x4
0x001E3B28,0x001E3B30,0x8
0x001E3B64,0x001E3B70,0xC
0x001E3BA8,0x001E3BB0,0x8
0x001E3BF4,0x001E3C00,0xC
0x001E3C34,0x001E3C40,0xC
0x001E3C98,0x001E3CA0,0x8
0x001E3CB4,0x001E3CC0,0xC
0x001E3CD4,0x001E3CE0,0xC
0x001E3CF4,0x001E3D00,0xC
0x001E3D08,0x001E3D10,0x8
0x001E3D18,0x001E3D20,0x8
0x001E40DC,0x001E40E0,0x4
0x001E4134,0x001E4140,0xC
0x001E4148,0x001E4150,0x8
0x001E41A4,0x001E41B0,0xC
0x001E41B8,0x001E41C0,0x8
0x001E4254,0x001E4260,0xC
0x001E429C,0x001E42A0,0x4
0x001E42CC,0x001E42D0,0x4
0x001E43E8,0x001E43F0,0x8
0x001E4554,0x001E4560,0xC
0x001E46AC,0x001E46B0,0x4
0x001E46B8,0x001E46C0,0x8
0x001E46C8,0x001E46D0,0x8
0x001E46D8,0x001E46E0,0x8
0x001E47D8,0x001E47E0,0x8
0x001E4A0C,0x001E4A10,0x4
0x001E4C3C,0x001E4C40,0x4
0x001E506C,0x001E5070,0x4
0x001E522C,0x001E5230,0x4
0x001E56B8,0x001E56C0,0x8
0x001E56F4,0x001E5700,0xC
0x001E586C,0x001E5870,0x4
0x001E5978,0x001E5980,0x8
0x001E59D4,0x001E59E0,0xC
0x001E5F24,0x001E5F30,0xC
0x001E5F38,0x001E5F40,0x8
0x001E60AC,0x001E60B0,0x4
0x001E6364,0x001E6370,0xC
0x001E6484,0x001E6490,0xC
0x001E660C,0x001E6610,0x4
0x001E6668,0x001E6670,0x8
0x001E691C,0x001E6920,0x4
0x001E6B74,0x001E6B80,0xC
0x001E7418,0x001E7420,0x8
0x001E7428,0x001E7430,0x8
0x001E7468,0x001E7470,0x8
0x001E74BC,0x001E74C0,0x4
0x001E76C8,0x001E76D0,0x8
0x001E7714,0x001E7720,0xC
0x001E7744,0x001E7750,0xC
0x001E78FC,0x001E7900,0x4
0x001E7A14,0x001E7A20,0xC
0x001E7BA8,0x001E7BB0,0x8
0x001E7CA8,0x001E7CB0,0x8
0x001E7F14,0x001E7F20,0xC
0x001E7F34,0x001E7F40,0xC
0x001E7F5C,0x001E7F60,0x4
0x001E7FC8,0x001E7FD0,0x8
0x001E8064,0x001E8070,0xC
0x001E8104,0x001E8110,0xC
0x001E81B8,0x001E81C0,0x8
0x001E82FC,0x001E8300,0x4
0x001E8308,0x001E8310,0x8
0x001E8524,0x001E8530,0xC
0x001E85EC,0x001E85F0,0x4
0x001E87C4,0x001E87D0,0xC
0x001E8884,0x001E8890,0xC
0x001E8A4C,0x001E8A50,0x4
0x001E8B04,0x001E8B10,0xC
0x001E8CCC,0x001E8CD0,0x4
0x001E8EAC,0x001E8EB0,0x4
0x001E8F98,0x001E8FA0,0x8
0x001E9048,0x001E9050,0x8
0x001E915C,0x001E9160,0x4
0x001E91F8,0x001E9200,0x8
0x001E926C,0x001E9270,0x4
0x001E92DC,0x001E92E0,0x4
0x001E93C8,0x001E93D0,0x8
0x001E9468,0x001E9470,0x8
0x001E9524,0x001E9530,0xC
0x001E95AC,0x001E95B0,0x4
0x001E969C,0x001E96A0,0x4
0x001E96F8,0x001E9700,0x8
0x001E9708,0x001E9710,0x8
0x001E97B4,0x001E97C0,0xC
0x001E98E8,0x001E98F0,0x8
0x001E9B38,0x001E9B40,0x8
0x001E9C3C,0x001E9C40,0x4
0x001E9C7C,0x001E9C80,0x4
0x001E9DD4,0x001E9DE0,0xC
0x001EA03C,0x001EA040,0x4
0x001EA104,0x001EA110,0xC
0x001EA238,0x001EA240,0x8
0x001EA27C,0x001EA280,0x4
0x001EA4C4,0x001EA4D0,0xC
0x001EA50C,0x001EA510,0x4
0x001EA544,0x001EA550,0xC
0x001EA69C,0x001EA6A0,0x4
0x001EA6DC,0x001EA6E0,0x4
0x001EA808,0x001EA810,0x8
0x001EA8EC,0x001EA8F0,0x4
0x001EA9E4,0x001EA9F0,0xC
0x001EAA88,0x001EAA90,0x8
0x001EAB68,0x001EAB70,0x8
0x001EAC64,0x001EAC70,0xC
0x001EAD08,0x001EAD10,0x8
0x001EADC8,0x001EADD0,0x8
0x001EAE38,0x001EAE40,0x8
0x001EAE84,0x001EAE90,0xC
0x001EAF68,0x001EAF70,0x8
0x001EAFCC,0x001EAFD0,0x4
0x001EB054,0x001EB060,0xC
0x001EB124,0x001EB130,0xC
0x001EB2CC,0x001EB2D0,0x4
0x001EB32C,0x001EB330,0x4
0x001EB3A4,0x001EB3B0,0xC
0x001EB428,0x001EB430,0x8
0x001EB46C,0x001EB470,0x4
0x001EB5D8,0x001EB5E0,0x8
0x001EB738,0x001EB740,0x8
0x001EB82C,0x001EB830,0x4
0x001EB9B8,0x001EB9C0,0x8
0x001EBB88,0x001EBB90,0x8
0x001EBBCC,0x001EBBD0,0x4
0x001EBC34,0x001EBC40,0xC
0x001EBCD4,0x001EBCE0,0xC
0x001EBDAC,0x001EBDB0,0x4
0x001EBE04,0x001EBE10,0xC
0x001EBE5C,0x001EBE60,0x4
0x001EBFA4,0x001EBFB0,0xC
0x001EC25C,0x001EC260,0x4
0x001EC318,0x001EC320,0x8
0x001EC4E8,0x001EC4F0,0x8
0x001EC658,0x001EC660,0x8
0x001EC6F8,0x001EC700,0x8
0x001EC7DC,0x001EC7E0,0x4
0x001EC844,0x001EC850,0xC
0x001EC934,0x001EC940,0xC
0x001EC9E8,0x001EC9F0,0x8
0x001ECB0C,0x001ECB10,0x4
0x001ECBE8,0x001ECBF0,0x8
0x001ECCDC,0x001ECCE0,0x4
0x001ECDBC,0x001ECDC0,0x4
0x001ECE0C,0x001ECE10,0x4
0x001ECED4,0x001ECEE0,0xC
0x001ECFD8,0x001ECFE0,0x8
0x001ED0A8,0x001ED0B0,0x8
0x001ED144,0x001ED150,0xC
0x001ED228,0x001ED230,0x8
0x001ED2D8,0x001ED2E0,0x8
0x001ED3B4,0x001ED3C0,0xC
0x001ED478,0x001ED480,0x8
0x001ED51C,0x001ED520,0x4
0x001ED6D8,0x001ED6E0,0x8
0x001ED758,0x001ED760,0x8
0x001ED824,0x001ED830,0xC
0x001ED86C,0x001ED870,0x4
0x001ED8C8,0x001ED8D0,0x8
0x001ED928,0x001ED930,0x8
0x001ED998,0x001ED9A0,0x8
0x001EDA08,0x001EDA10,0x8
0x001EDAE8,0x001EDAF0,0x8
0x001EDBDC,0x001EDBE0,0x4
0x001EDC88,0x001EDC90,0x8
0x001EDE64,0x001EDE70,0xC
0x001EDF64,0x001EDF70,0xC
0x001EE06C,0x001EE070,0x4
0x001EE128,0x001EE130,0x8
0x001EE1EC,0x001EE1F0,0x4
0x001EE25C,0x001EE260,0x4
0x001EE31C,0x001EE320,0x4
0x001EE38C,0x001EE390,0x4
0x001EE40C,0x001EE410,0x4
0x001EE47C,0x001EE480,0x4
0x001EE55C,0x001EE560,0x4
0x001EE5DC,0x001EE5E0,0x4
0x001EE65C,0x001EE660,0x4
0x001EE6CC,0x001EE6D0,0x4
0x001EE74C,0x001EE750,0x4
0x001EE7BC,0x001EE7C0,0x4
0x001EE82C,0x001EE830,0x4
0x001EE8F4,0x001EE900,0xC
0x001EE9D4,0x001EE9E0,0xC
0x001EEA04,0x001EEA10,0xC
0x001EEB44,0x001EEB50,0xC
0x001EED3C,0x001EED40,0x4
0x001EEEB4,0x001EEEC0,0xC
0x001EF1AC,0x001EF1B0,0x4
0x001EF378,0x001EF380,0x8
0x001EF3BC,0x001EF3C0,0x4
0x001EF428,0x001EF430,0x8
0x001EF614,0x001EF620,0xC
0x001EF68C,0x001EF690,0x4
0x001EF804,0x001EF810,0xC
0x001EF8D4,0x001EF8E0,0xC
0x001EF964,0x001EF970,0xC
0x001EF9F4,0x001EFA00,0xC
0x001EFA6C,0x001EFA70,0x4
0x001EFC78,0x001EFC80,0x8
0x001EFDC4,0x001EFDD0,0xC
0x001EFE04,0x001EFE10,0xC
0x001EFE3C,0x001EFE40,0x4
0x001EFFA4,0x001EFFB0,0xC
0x001F01AC,0x001F01B0,0x4
0x001F01EC,0x001F01F0,0x4
0x001F01F8,0x001F0200,0x8
0x001F0238,0x001F0240,0x8
0x001F02D8,0x001F02E0,0x8
0x001F0318,0x001F0320,0x8
0x001F0328,0x001F0330,0x8
0x001F0368,0x001F0370,0x8
0x001F0378,0x001F0380,0x8
0x001F03FC,0x001F0400,0x4
0x001F046C,0x001F0470,0x4
0x001F053C,0x001F0540,0x4
0x001F0694,0x001F06A0,0xC
0x001F08A4,0x001F08B0,0xC
0x001F097C,0x001F0980,0x4
0x001F0A84,0x001F0A90,0xC
0x001F0C0C,0x001F0C10,0x4
0x001F0C94,0x001F0CA0,0xC
0x001F0D48,0x001F0D50,0x8
0x001F0E78,0x001F0E80,0x8
0x001F0F0C,0x001F0F10,0x4
0x001F0FEC,0x001F0FF0,0x4
0x001F106C,0x001F1070,0x4
0x001F1334,0x001F1340,0xC
0x001F1408,0x001F1410,0x8
0x001F1528,0x001F1530,0x8
0x001F15D4,0x001F15E0,0xC
0x001F161C,0x001F1620,0x4
0x001F17E8,0x001F17F0,0x8
0x001F186C,0x001F1870,0x4
0x001F1B34,0x001F1B40,0xC
0x001F1BF8,0x001F1C00,0x8
0x001F1D14,0x001F1D20,0xC
0x001F1DC4,0x001F1DD0,0xC
0x001F1E0C,0x001F1E10,0x4
0x001F1F54,0x001F1F60,0xC
0x001F20D4,0x001F20E0,0xC
0x001F2238,0x001F2240,0x8
0x001F227C,0x001F2280,0x4
0x001F22D8,0x001F22E0,0x8
0x001F26C8,0x001F26D0,0x8
0x001F27CC,0x001F27D0,0x4
0x001F289C,0x001F28A0,0x4
0x001F2938,0x001F2940,0x8
0x001F2A7C,0x001F2A80,0x4
0x001F2B38,0x001F2B40,0x8
0x001F2D1C,0x001F2D20,0x4
0x001F2E38,0x001F2E40,0x8
0x001F31D8,0x001F31E0,0x8
0x001F3318,0x001F3320,0x8
0x001F34E8,0x001F34F0,0x8
0x001F360C,0x001F3610,0x4
0x001F36B4,0x001F36C0,0xC
0x001F36E4,0x001F36F0,0xC
0x001F37F8,0x001F3800,0x8
0x001F3AD4,0x001F3AE0,0xC
0x001F3BAC,0x001F3BB0,0x4
0x001F3D68,0x001F3D70,0x8
0x001F3E48,0x001F3E50,0x8
0x001F3ECC,0x001F3ED0,0x4
0x001F41B8,0x001F41C0,0x8
0x001F4284,0x001F4290,0xC
0x001F4348,0x001F4350,0x8
0x001F4498,0x001F44A0,0x8
0x001F44DC,0x001F44E0,0x4
0x001F4528,0x001F4530,0x8
0x001F456C,0x001F4570,0x4
0x001F4604,0x001F4610,0xC
0x001F47AC,0x001F47B0,0x4
0x001F4898,0x001F48A0,0x8
0x001F494C,0x001F4950,0x4
0x001F4A4C,0x001F4A50,0x4
0x001F4AC4,0x001F4AD0,0xC
0x001F4BD8,0x001F4BE0,0x8
0x001F4C6C,0x001F4C70,0x4
0x001F4D1C,0x001F4D20,0x4
0x001F4E1C,0x001F4E20,0x4
0x001F4EEC,0x001F4EF0,0x4
0x001F4F94,0x001F4FA0,0xC
0x001F4FC4,0x001F4FD0,0xC
0x001F50D8,0x001F50E0,0x8
0x001F53C4,0x001F53D0,0xC
0x001F55FC,0x001F5600,0x4
0x001F56D8,0x001F56E0,0x8
0x001F575C,0x001F5760,0x4
0x001F585C,0x001F5860,0x4
0x001F589C,0x001F58A0,0x4
0x001F5948,0x001F5950,0x8
0x001F59B8,0x001F59C0,0x8
0x001F5A08,0x001F5A10,0x8
0x001F5A4C,0x001F5A50,0x4
0x001F5B04,0x001F5B10,0xC
0x001F5C08,0x001F5C10,0x8
0x001F5D34,0x001F5D40,0xC
0x001F5E1C,0x001F5E20,0x4
0x001F5EE4,0x001F5EF0,0xC
0x001F6108,0x001F6110,0x8
0x001F6154,0x001F6160,0xC
0x001F62E8,0x001F62F0,0x8
0x001F63A4,0x001F63B0,0xC
0x001F6424,0x001F6430,0xC
0x001F64A8,0x001F64B0,0x8
0x001F6528,0x001F6530,0x8
0x001F65F4,0x001F6600,0xC
0x001F670C,0x001F6710,0x4
0x001F67D4,0x001F67E0,0xC
0x001F6934,0x001F6940,0xC
0x001F6994,0x001F69A0,0xC
0x001F6A84,0x001F6A90,0xC
0x001F6BE4,0x001F6BF0,0xC
0x001F6C44,0x001F6C50,0xC
0x001F6DE4,0x001F6DF0,0xC
0x001F6E68,0x001F6E70,0x8
0x001F6FEC,0x001F6FF0,0x4
0x001F705C,0x001F7060,0x4
0x001F7118,0x001F7120,0x8
0x001F7178,0x001F7180,0x8
0x001F71EC,0x001F71F0,0x4
0x001F7258,0x001F7260,0x8
0x001F72D8,0x001F72E0,0x8
0x001F72EC,0x001F72F0,0x4
0x001F7398,0x001F73A0,0x8
0x001F748C,0x001F7490,0x4
0x001F7518,0x001F7520,0x8
0x001F758C,0x001F7590,0x4
0x001F7648,0x001F7650,0x8
0x001F76D8,0x001F76E0,0x8
0x001F7764,0x001F7770,0xC
0x001F7828,0x001F7830,0x8
0x001F7888,0x001F7890,0x8
0x001F78FC,0x001F7900,0x4
0x001F7958,0x001F7960,0x8
0x001F7A84,0x001F7A90,0xC
0x001F7A98,0x001F7AA0,0x8
0x001F7AC8,0x001F7AD0,0x8
0x001F7B54,0x001F7B60,0xC
0x001F7DBC,0x001F7DC0,0x4
0x001F7F94,0x001F7FA0,0xC
0x001F809C,0x001F80A0,0x4
0x001F813C,0x001F8140,0x4
0x001F82B4,0x001F82C0,0xC
0x001F84CC,0x001F84D0,0x4
0x001F860C,0x001F8610,0x4
0x001F864C,0x001F8650,0x4
0x001F868C,0x001F8690,0x4
0x001F8728,0x001F8730,0x8
0x001F8764,0x001F8770,0xC
0x001F881C,0x001F8820,0x4
0x001F885C,0x001F8860,0x4
0x001F891C,0x001F8920,0x4
0x001F89B4,0x001F89C0,0xC
0x001F8A68,0x001F8A70,0x8
0x001F8B5C,0x001F8B60,0x4
0x001F8B9C,0x001F8BA0,0x4
0x001F8CC8,0x001F8CD0,0x8
0x001F8D6C,0x001F8D70,0x4
0x001F8E3C,0x001F8E40,0x4
0x001F8ED8,0x001F8EE0,0x8
0x001F8F1C,0x001F8F20,0x4
0x001F8FF8,0x001F9000,0x8
0x001F913C,0x001F9140,0x4
0x001F91C8,0x001F91D0,0x8
0x001F92B4,0x001F92C0,0xC
0x001F93B8,0x001F93C0,0x8
0x001F93C8,0x001F93D0,0x8
0x001F9414,0x001F9420,0xC
0x001F9464,0x001F9470,0xC
0x001F94B4,0x001F94C0,0xC
0x001F9584,0x001F9590,0xC
0x001F960C,0x001F9610,0x4
0x001F97C4,0x001F97D0,0xC
0x001F992C,0x001F9930,0x4
0x001F996C,0x001F9970,0x4
0x001F9AF4,0x001F9B00,0xC
0x001F9CA4,0x001F9CB0,0xC
0x001F9CEC,0x001F9CF0,0x4
0x001F9DDC,0x001F9DE0,0x4
0x001FA08C,0x001FA090,0x4
0x001FA104,0x001FA110,0xC
0x001FA254,0x001FA260,0xC
0x001FA36C,0x001FA370,0x4
0x001FA3AC,0x001FA3B0,0x4
0x001FA518,0x001FA520,0x8
0x001FA5D4,0x001FA5E0,0xC
0x001FA65C,0x001FA660,0x4
0x001FA6D8,0x001FA6E0,0x8
0x001FA71C,0x001FA720,0x4
0x001FA7BC,0x001FA7C0,0x4
0x001FA834,0x001FA840,0xC
0x001FA8EC,0x001FA8F0,0x4
0x001FAA14,0x001FAA20,0xC
0x001FAAC4,0x001FAAD0,0xC
0x001FAFBC,0x001FAFC0,0x4
0x001FAFFC,0x001FB000,0x4
0x001FB10C,0x001FB110,0x4
0x001FB24C,0x001FB250,0x4
0x001FB40C,0x001FB410,0x4
0x001FB4D8,0x001FB4E0,0x8
0x001FB5C8,0x001FB5D0,0x8
0x001FB694,0x001FB6A0,0xC
0x001FB854,0x001FB860,0xC
0x001FB918,0x001FB920,0x8
0x001FBA44,0x001FBA50,0xC
0x001FBC04,0x001FBC10,0xC
0x001FBD88,0x001FBD90,0x8
0x001FBDEC,0x001FBDF0,0x4
0x001FBE2C,0x001FBE30,0x4
0x001FBE8C,0x001FBE90,0x4
0x001FBEEC,0x001FBEF0,0x4
0x001FBF54,0x001FBF60,0xC
0x001FBFC4,0x001FBFD0,0xC
0x001FC078,0x001FC080,0x8
0x001FC1AC,0x001FC1B0,0x4
0x001FC23C,0x001FC240,0x4
0x001FC308,0x001FC310,0x8
0x001FC37C,0x001FC380,0x4
0x001FC44C,0x001FC450,0x4
0x001FC4BC,0x001FC4C0,0x4
0x001FC53C,0x001FC540,0x4
0x001FC5BC,0x001FC5C0,0x4
0x001FC6DC,0x001FC6E0,0x4
0x001FC74C,0x001FC750,0x4
0x001FC7E8,0x001FC7F0,0x8
0x001FC918,0x001FC920,0x8
0x001FC978,0x001FC980,0x8
0x001FCAB4,0x001FCAC0,0xC
0x001FCBB8,0x001FCBC0,0x8
0x001FCCE4,0x001FCCF0,0xC
0x001FCE24,0x001FCE30,0xC
0x001FCF2C,0x001FCF30,0x4
0x001FCFB4,0x001FCFC0,0xC
0x001FD10C,0x001FD110,0x4
0x001FD314,0x001FD320,0xC
0x001FD3B8,0x001FD3C0,0x8
0x001FD3C8,0x001FD3D0,0x8
0x001FD42C,0x001FD430,0x4
0x001FD508,0x001FD510,0x8
0x001FD5A4,0x001FD5B0,0xC
0x001FD66C,0x001FD670,0x4
0x001FD6AC,0x001FD6B0,0x4
0x001FD7DC,0x001FD7E0,0x4
0x001FD8A4,0x001FD8B0,0xC
0x001FD908,0x001FD910,0x8
0x001FD94C,0x001FD950,0x4
0x001FDAD4,0x001FDAE0,0xC
0x001FDC34,0x001FDC40,0xC
0x001FDC74,0x001FDC80,0xC
0x001FDCAC,0x001FDCB0,0x4
0x001FDF88,0x001FDF90,0x8
0x001FE0C4,0x001FE0D0,0xC
0x001FE24C,0x001FE250,0x4
0x001FE3A4,0x001FE3B0,0xC
0x001FE478,0x001FE480,0x8
0x001FE5F4,0x001FE600,0xC
0x001FE658,0x001FE660,0x8
0x001FE71C,0x001FE720,0x4
0x001FE9AC,0x001FE9B0,0x4
0x001FE9C4,0x001FE9D0,0xC
0x001FE9E4,0x001FE9F0,0xC
0x001FEB14,0x001FEB20,0xC
0x001FEB84,0x001FEB90,0xC
0x001FEBE4,0x001FEBF0,0xC
0x001FEC58,0x001FEC60,0x8
0x001FECD4,0x001FECE0,0xC
0x001FED24,0x001FED30,0xC
0x001FED54,0x001FED60,0xC
0x001FEEC4,0x001FEED0,0xC
0x001FEFCC,0x001FEFD0,0x4
0x001FF388,0x001FF390,0x8
0x001FF4FC,0x001FF500,0x4
0x001FF5AC,0x001FF5B0,0x4
0x001FF5F8,0x001FF600,0x8
0x001FF78C,0x001FF790,0x4
0x001FF8FC,0x001FF900,0x4
0x001FF948,0x001FF950,0x8
0x001FF9CC,0x001FF9D0,0x4
0x001FFA64,0x001FFA70,0xC
0x001FFAB8,0x001FFAC0,0x8
0x001FFC8C,0x001FFC90,0x4
0x001FFE84,0x001FFE90,0xC
0x001FFFA4,0x001FFFB0,0xC
0x0020009C,0x002000A0,0x4
0x0020011C,0x00200120,0x4
0x00200168,0x00200170,0x8
0x00200268,0x00200270,0x8
0x00200318,0x00200320,0x8
0x002003CC,0x002003D0,0x4
0x0020043C,0x00200440,0x4
0x00200488,0x00200490,0x8
0x002004AC,0x002004B0,0x4
0x00200878,0x00200880,0x8
0x00200958,0x00200960,0x8
0x0020098C,0x00200990,0x4
0x00200B5C,0x00200B60,0x4
0x00200BC8,0x00200BD0,0x8
0x00200D14,0x00200D20,0xC
0x00200DA4,0x00200DB0,0xC
0x00200F64,0x00200F70,0xC
0x0020101C,0x00201020,0x4
0x002010B8,0x002010C0,0x8
0x00201108,0x00201110,0x8
0x00201234,0x00201240,0xC
0x0020140C,0x00201410,0x4
0x00201628,0x00201630,0x8
0x00201708,0x00201710,0x8
0x002017B8,0x002017C0,0x8
0x00201A7C,0x00201A80,0x4
0x00201C28,0x00201C30,0x8
0x00201C78,0x00201C80,0x8
0x00201DA4,0x00201DB0,0xC
0x00201E94,0x00201EA0,0xC
0x00201F2C,0x00201F30,0x4
0x002021E8,0x002021F0,0x8
0x00202288,0x00202290,0x8
0x002022E4,0x002022F0,0xC
0x002023C4,0x002023D0,0xC
0x0020249C,0x002024A0,0x4
0x002024FC,0x00202500,0x4
0x00202574,0x00202580,0xC
0x0020262C,0x00202630,0x4
0x00202638,0x00202640,0x8
0x0020278C,0x00202790,0x4
0x00202854,0x00202860,0xC
0x002029CC,0x002029D0,0x4
0x00202B98,0x00202BA0,0x8
0x00202BFC,0x00202C00,0x4
0x00202C9C,0x00202CA0,0x4
0x00202D7C,0x00202D80,0x4
0x00202E08,0x00202E10,0x8
0x00202E38,0x00202E40,0x8
0x00202EA8,0x00202EB0,0x8
0x00202EC8,0x00202ED0,0x8
0x00202ED8,0x00202EE0,0x8
0x00202F68,0x00202F70,0x8
0x00202F98,0x00202FA0,0x8
0x00202FAC,0x00202FB0,0x4
0x00202FFC,0x00203000,0x4
0x00203038,0x00203040,0x8
0x00203108,0x00203110,0x8
0x00203168,0x00203170,0x8
0x002031D4,0x002031E0,0xC
0x00203244,0x00203250,0xC
0x00203338,0x00203340,0x8
0x00203354,0x00203360,0xC
0x0020355C,0x00203560,0x4
0x00203608,0x00203610,0x8
0x002036B8,0x002036C0,0x8
0x00203768,0x00203770,0x8
0x00203824,0x00203830,0xC
0x002038E4,0x002038F0,0xC
0x0020396C,0x00203970,0x4
0x00203A24,0x00203A30,0xC
0x00203A9C,0x00203AA0,0x4
0x00203AF8,0x00203B00,0x8
0x00203CF8,0x00203D00,0x8
0x00203DA4,0x00203DB0,0xC
0x00203EA8,0x00203EB0,0x8
0x00203FAC,0x00203FB0,0x4
0x002041AC,0x002041B0,0x4
0x002042AC,0x002042B0,0x4
0x0020434C,0x00204350,0x4
0x0020449C,0x002044A0,0x4
0x0020479C,0x002047A0,0x4
0x00204884,0x00204890,0xC
0x002048CC,0x002048D0,0x4
0x0020498C,0x00204990,0x4
0x002049FC,0x00204A00,0x4
0x00204A34,0x00204A40,0xC
0x00204BF4,0x00204C00,0xC
0x00204D38,0x00204D40,0x8
0x00204D48,0x00204D50,0x8
0x00204E98,0x00204EA0,0x8
0x0020500C,0x00205010,0x4
0x002050BC,0x002050C0,0x4
0x002050FC,0x00205100,0x4
0x0020527C,0x00205280,0x4
0x0020532C,0x00205330,0x4
0x002053AC,0x002053B0,0x4
0x00205454,0x00205460,0xC
0x00205518,0x00205520,0x8
0x0020557C,0x00205580,0x4
0x00205654,0x00205660,0xC
0x00205708,0x00205710,0x8
0x0020579C,0x002057A0,0x4
0x0020584C,0x00205850,0x4
0x002058E8,0x002058F0,0x8
0x00205934,0x00205940,0xC
0x00205984,0x00205990,0xC
0x002059D4,0x002059E0,0xC
0x00205C0C,0x00205C10,0x4
0x00205D5C,0x00205D60,0x4
0x00205F24,0x00205F30,0xC
0x00206034,0x00206040,0xC
0x0020617C,0x00206180,0x4
0x002062C4,0x002062D0,0xC
0x0020637C,0x00206380,0x4
0x002065D4,0x002065E0,0xC
0x002066D4,0x002066E0,0xC
0x00206A7C,0x00206A80,0x4
0x00206CEC,0x00206CF0,0x4
0x00206DB8,0x00206DC0,0x8
0x00206E74,0x00206E80,0xC
0x00206FA4,0x00206FB0,0xC
0x00207064,0x00207070,0xC
0x00207208,0x00207210,0x8
0x002072DC,0x002072E0,0x4
0x0020731C,0x00207320,0x4
0x0020745C,0x00207460,0x4
0x00207508,0x00207510,0x8
0x0020768C,0x00207690,0x4
0x002076EC,0x002076F0,0x4
0x002077B4,0x002077C0,0xC
0x00207848,0x00207850,0x8
0x002078DC,0x002078E0,0x4
0x002079B8,0x002079C0,0x8
0x00207A58,0x00207A60,0x8
0x00207AA4,0x00207AB0,0xC
0x00207AB8,0x00207AC0,0x8
0x00207BAC,0x00207BB0,0x4
0x00207C78,0x00207C80,0x8
0x00207D8C,0x00207D90,0x4
0x00207F0C,0x00207F10,0x4
0x00207F68,0x00207F70,0x8
0x00207FC8,0x00207FD0,0x8
0x00208038,0x00208040,0x8
0x002080A8,0x002080B0,0x8
0x00208158,0x00208160,0x8
0x002082CC,0x002082D0,0x4
0x00208374,0x00208380,0xC
0x00208424,0x00208430,0xC
0x002084D4,0x002084E0,0xC
0x0020854C,0x00208550,0x4
0x002085BC,0x002085C0,0x4
0x00208658,0x00208660,0x8
0x002086CC,0x002086D0,0x4
0x0020873C,0x00208740,0x4
0x002087A8,0x002087B0,0x8
0x0020881C,0x00208820,0x4
0x002088B8,0x002088C0,0x8
0x0020892C,0x00208930,0x4
0x002089BC,0x002089C0,0x4
0x00208A84,0x00208A90,0xC
0x00208AFC,0x00208B00,0x4
0x00208B58,0x00208B60,0x8
0x00208BB8,0x00208BC0,0x8
0x00208D08,0x00208D10,0x8
0x00208D38,0x00208D40,0x8
0x00208DC4,0x00208DD0,0xC
0x00208FBC,0x00208FC0,0x4
0x002090BC,0x002090C0,0x4
0x0020922C,0x00209230,0x4
0x002092CC,0x002092D0,0x4
0x0020941C,0x00209420,0x4
0x0020956C,0x00209570,0x4
0x002095BC,0x002095C0,0x4
0x00209684,0x00209690,0xC
0x002097EC,0x002097F0,0x4
0x002099F4,0x00209A00,0xC
0x00209ABC,0x00209AC0,0x4
0x00209AF4,0x00209B00,0xC
0x00209BAC,0x00209BB0,0x4
0x00209BEC,0x00209BF0,0x4
0x00209DD4,0x00209DE0,0xC
0x00209E6C,0x00209E70,0x4
0x00209F64,0x00209F70,0xC
0x0020A18C,0x0020A190,0x4
0x0020A208,0x0020A210,0x8
0x0020A318,0x0020A320,0x8
0x0020A424,0x0020A430,0xC
0x0020A4DC,0x0020A4E0,0x4
0x0020A568,0x0020A570,0x8
0x0020A61C,0x0020A620,0x4
0x0020A67C,0x0020A680,0x4
0x0020A798,0x0020A7A0,0x8
0x0020A7E8,0x0020A7F0,0x8
0x0020A874,0x0020A880,0xC
0x0020A968,0x0020A970,0x8
0x0020AB1C,0x0020AB20,0x4
0x0020AB58,0x0020AB60,0x8
0x0020AB98,0x0020ABA0,0x8
0x0020ABE8,0x0020ABF0,0x8
0x0020AC6C,0x0020AC70,0x4
0x0020ACFC,0x0020AD00,0x4
0x0020ADC8,0x0020ADD0,0x8
0x0020ADD8,0x0020ADE0,0x8
0x0020ADE8,0x0020ADF0,0x8
0x0020ADF8,0x0020AE00,0x8
0x0020B188,0x0020B190,0x8
0x0020B308,0x0020B310,0x8
0x0020B394,0x0020B3A0,0xC
0x0020B44C,0x0020B450,0x4
0x0020B48C,0x0020B490,0x4
0x0020B604,0x0020B610,0xC
0x0020B69C,0x0020B6A0,0x4
0x0020B7D8,0x0020B7E0,0x8
0x0020B81C,0x0020B820,0x4
0x0020B8F4,0x0020B900,0xC
0x0020B968,0x0020B970,0x8
0x0020B9AC,0x0020B9B0,0x4
0x0020BAA8,0x0020BAB0,0x8
0x0020BC28,0x0020BC30,0x8
0x0020BF48,0x0020BF50,0x8
0x0020BFA8,0x0020BFB0,0x8
0x0020C034,0x0020C040,0xC
0x0020C08C,0x0020C090,0x4
0x0020C224,0x0020C230,0xC
0x0020C27C,0x0020C280,0x4
0x0020C2EC,0x0020C2F0,0x4
0x0020C4AC,0x0020C4B0,0x4
0x0020C51C,0x0020C520,0x4
0x0020C6F8,0x0020C700,0x8
0x0020C804,0x0020C810,0xC
0x0020C9CC,0x0020C9D0,0x4
0x0020CAB8,0x0020CAC0,0x8
0x0020CAFC,0x0020CB00,0x4
0x0020CB7C,0x0020CB80,0x4
0x0020CCDC,0x0020CCE0,0x4
0x0020CE04,0x0020CE10,0xC
0x0020CE6C,0x0020CE70,0x4
0x0020CF34,0x0020CF40,0xC
0x0020D004,0x0020D010,0xC
0x0020D064,0x0020D070,0xC
0x0020D124,0x0020D130,0xC
0x0020D208,0x0020D210,0x8
0x0020D24C,0x0020D250,0x4
0x0020D294,0x0020D2A0,0xC
0x0020D348,0x0020D350,0x8
0x0020D39C,0x0020D3A0,0x4
0x0020D4A8,0x0020D4B0,0x8
0x0020D52C,0x0020D530,0x4
0x0020D5F8,0x0020D600,0x8
0x0020D6A8,0x0020D6B0,0x8
0x0020D73C,0x0020D740,0x4
0x0020D79C,0x0020D7A0,0x4
0x0020D7EC,0x0020D7F0,0x4
0x0020D8FC,0x0020D900,0x4
0x0020DA0C,0x0020DA10,0x4
0x0020DBDC,0x0020DBE0,0x4
0x0020DCCC,0x0020DCD0,0x4
0x0020DD0C,0x0020DD10,0x4
0x0020DD88,0x0020DD90,0x8
0x0020DEF8,0x0020DF00,0x8
0x0020DF98,0x0020DFA0,0x8
0x0020E158,0x0020E160,0x8
0x0020E284,0x0020E290,0xC
0x0020E3BC,0x0020E3C0,0x4
0x0020E4EC,0x0020E4F0,0x4
0x0020E5FC,0x0020E600,0x4
0x0020E6DC,0x0020E6E0,0x4
0x0020E788,0x0020E790,0x8
0x0020E91C,0x0020E920,0x4
0x0020EA6C,0x0020EA70,0x4
0x0020EAAC,0x0020EAB0,0x4
0x0020EB6C,0x0020EB70,0x4
0x0020EBCC,0x0020EBD0,0x4
0x0020EC8C,0x0020EC90,0x4
0x0020ECEC,0x0020ECF0,0x4
0x0020EDCC,0x0020EDD0,0x4
0x0020EF44,0x0020EF50,0xC
0x0020EFEC,0x0020EFF0,0x4
0x0020F0C8,0x0020F0D0,0x8
0x0020F168,0x0020F170,0x8
0x0020F1C4,0x0020F1D0,0xC
0x0020F24C,0x0020F250,0x4
0x0020F294,0x0020F2A0,0xC
0x0020F368,0x0020F370,0x8
0x0020F404,0x0020F410,0xC
0x0020F484,0x0020F490,0xC
0x0020F504,0x0020F510,0xC
0x0020F5B4,0x0020F5C0,0xC
0x0020F768,0x0020F770,0x8
0x0020F92C,0x0020F930,0x4
0x0020F9C8,0x0020F9D0,0x8
0x0020FA4C,0x0020FA50,0x4
0x0020FD3C,0x0020FD40,0x4
0x0020FDBC,0x0020FDC0,0x4
0x0020FE54,0x0020FE60,0xC
0x0020FEBC,0x0020FEC0,0x4
0x00210098,0x002100A0,0x8
0x00210138,0x00210140,0x8
0x002101A4,0x002101B0,0xC
0x002101FC,0x00210200,0x4
0x00210258,0x00210260,0x8
0x002102B8,0x002102C0,0x8
0x00210328,0x00210330,0x8
0x00210398,0x002103A0,0x8
0x002103F8,0x00210400,0x8
0x002104A8,0x002104B0,0x8
0x002105CC,0x002105D0,0x4
0x00210684,0x00210690,0xC
0x00210744,0x00210750,0xC
0x002107F4,0x00210800,0xC
0x0021086C,0x00210870,0x4
0x002108DC,0x002108E0,0x4
0x00210A0C,0x00210A10,0x4
0x00210A7C,0x00210A80,0x4
0x00210AEC,0x00210AF0,0x4
0x00210B48,0x00210B50,0x8
0x00210C64,0x00210C70,0xC
0x00210C94,0x00210CA0,0xC
0x00210CC8,0x00210CD0,0x8
0x00210D54,0x00210D60,0xC
0x00210E4C,0x00210E50,0x4
0x00211034,0x00211040,0xC
0x00211134,0x00211140,0xC
0x002111DC,0x002111E0,0x4
0x0021136C,0x00211370,0x4
0x0021151C,0x00211520,0x4
0x0021156C,0x00211570,0x4
0x00211634,0x00211640,0xC
0x002116B8,0x002116C0,0x8
0x00211738,0x00211740,0x8
0x00211858,0x00211860,0x8
0x0021189C,0x002118A0,0x4
0x002118D4,0x002118E0,0xC
0x0021198C,0x00211990,0x4
0x002119CC,0x002119D0,0x4
0x00211B44,0x00211B50,0xC
0x00211BE8,0x00211BF0,0x8
0x00211CB4,0x00211CC0,0xC
0x00211D3C,0x00211D40,0x4
0x00211E2C,0x00211E30,0x4
0x00211E6C,0x00211E70,0x4
0x00211EDC,0x00211EE0,0x4
0x00211F28,0x00211F30,0x8
0x0021202C,0x00212030,0x4
0x00212078,0x00212080,0x8
0x002120C8,0x002120D0,0x8
0x0021222C,0x00212230,0x4
0x0021223C,0x00212240,0x4
0x0021227C,0x00212280,0x4
0x002122C4,0x002122D0,0xC
0x00212314,0x00212320,0xC
0x00212364,0x00212370,0xC
0x00212404,0x00212410,0xC
0x00212624,0x00212630,0xC
0x002126A4,0x002126B0,0xC
0x0021275C,0x00212760,0x4
0x00212844,0x00212850,0xC
0x0021298C,0x00212990,0x4
0x00212D18,0x00212D20,0x8
0x00212D9C,0x00212DA0,0x4
0x00212DD8,0x00212DE0,0x8
0x00212E4C,0x00212E50,0x4
0x00212F34,0x00212F40,0xC
0x00213074,0x00213080,0xC
0x0021332C,0x00213330,0x4
0x002134E8,0x002134F0,0x8
0x002138AC,0x002138B0,0x4
0x00213968,0x00213970,0x8
0x00213B58,0x00213B60,0x8
0x00213C44,0x00213C50,0xC
0x00213C9C,0x00213CA0,0x4
0x00213D6C,0x00213D70,0x4
0x00213DF8,0x00213E00,0x8
0x00213E74,0x00213E80,0xC
0x00213F54,0x00213F60,0xC
0x00213FC4,0x00213FD0,0xC
0x0021401C,0x00214020,0x4
0x002140BC,0x002140C0,0x4
0x002141F4,0x00214200,0xC
0x00214334,0x00214340,0xC
0x0021448C,0x00214490,0x4
0x002144CC,0x002144D0,0x4
0x00214594,0x002145A0,0xC
0x00214614,0x00214620,0xC
0x00214788,0x00214790,0x8
0x00214828,0x00214830,0x8
0x00214894,0x002148A0,0xC
0x00214A68,0x00214A70,0x8
0x00214CAC,0x00214CB0,0x4
0x00214DCC,0x00214DD0,0x4
0x00214F34,0x00214F40,0xC
0x00214FF4,0x00215000,0xC
0x0021503C,0x00215040,0x4
0x002150B8,0x002150C0,0x8
0x0021516C,0x00215170,0x4
0x00215464,0x00215470,0xC
0x00215548,0x00215550,0x8
0x00215648,0x00215650,0x8
0x00215798,0x002157A0,0x8
0x002157F8,0x00215800,0x8
0x002158A4,0x002158B0,0xC
0x002159FC,0x00215A00,0x4
0x00215A3C,0x00215A40,0x4
0x00215AC4,0x00215AD0,0xC
0x00215B24,0x00215B30,0xC
0x00215B98,0x00215BA0,0x8
0x00215C08,0x00215C10,0x8
0x00215CB8,0x00215CC0,0x8
0x00215DCC,0x00215DD0,0x4
0x00215E38,0x00215E40,0x8
0x00215FB8,0x00215FC0,0x8
0x0021602C,0x00216030,0x4
0x0021609C,0x002160A0,0x4
0x00216124,0x00216130,0xC
0x002161B4,0x002161C0,0xC
0x00216278,0x00216280,0x8
0x00216318,0x00216320,0x8
0x002163EC,0x002163F0,0x4
0x00216448,0x00216450,0x8
0x002165B4,0x002165C0,0xC
0x002165E8,0x002165F0,0x8
0x0021675C,0x00216760,0x4
0x002168A4,0x002168B0,0xC
0x00216998,0x002169A0,0x8
0x00216A88,0x00216A90,0x8
0x00216B28,0x00216B30,0x8
0x00216C2C,0x00216C30,0x4
0x00216DEC,0x00216DF0,0x4
0x0021725C,0x00217260,0x4
0x00217388,0x00217390,0x8
0x00217494,0x002174A0,0xC
0x00217774,0x00217780,0xC
0x002177EC,0x002177F0,0x4
0x0021791C,0x00217920,0x4
0x00217A34,0x00217A40,0xC
0x00217AC8,0x00217AD0,0x8
0x00217C78,0x00217C80,0x8
0x00217D1C,0x00217D20,0x4
0x00217D5C,0x00217D60,0x4
0x00217DC8,0x00217DD0,0x8
0x00217E98,0x00217EA0,0x8
0x00218038,0x00218040,0x8
0x00218138,0x00218140,0x8
0x00218388,0x00218390,0x8
0x00218464,0x00218470,0xC
0x002185CC,0x002185D0,0x4
0x0021874C,0x00218750,0x4
0x00218834,0x00218840,0xC
0x00218904,0x00218910,0xC
0x002189CC,0x002189D0,0x4
0x00218A88,0x00218A90,0x8
0x00218F18,0x00218F20,0x8
0x00219038,0x00219040,0x8
0x00219194,0x002191A0,0xC
0x00219244,0x00219250,0xC
0x00219258,0x00219260,0x8
0x002192A4,0x002192B0,0xC
0x00219488,0x00219490,0x8
0x00219504,0x00219510,0xC
0x002195F4,0x00219600,0xC
0x002196E8,0x002196F0,0x8
0x002198E8,0x002198F0,0x8
0x0021992C,0x00219930,0x4
0x002199F4,0x00219A00,0xC
0x00219BC8,0x00219BD0,0x8
0x00219CB4,0x00219CC0,0xC
0x00219CFC,0x00219D00,0x4
0x00219DF8,0x00219E00,0x8
0x00219EA4,0x00219EB0,0xC
0x00219F2C,0x00219F30,0x4
0x0021A108,0x0021A110,0x8
0x0021A2A4,0x0021A2B0,0xC
0x0021A428,0x0021A430,0x8
0x0021A51C,0x0021A520,0x4
0x0021A63C,0x0021A640,0x4
0x0021A6E8,0x0021A6F0,0x8
0x0021A794,0x0021A7A0,0xC
0x0021A9A4,0x0021A9B0,0xC
0x0021A9EC,0x0021A9F0,0x4
0x0021AB14,0x0021AB20,0xC
0x0021AE1C,0x0021AE20,0x4
0x0021AF24,0x0021AF30,0xC
0x0021B024,0x0021B030,0xC
0x0021B108,0x0021B110,0x8
0x0021B1F4,0x0021B200,0xC
0x0021B27C,0x0021B280,0x4
0x0021B33C,0x0021B340,0x4
0x0021B3EC,0x0021B3F0,0x4
0x0021B46C,0x0021B470,0x4
0x0021B4CC,0x0021B4D0,0x4
0x0021B528,0x0021B530,0x8
0x0021B588,0x0021B590,0x8
0x0021B608,0x0021B610,0x8
0x0021B688,0x0021B690,0x8
0x0021B73C,0x0021B740,0x4
0x0021B814,0x0021B820,0xC
0x0021B97C,0x0021B980,0x4
0x0021B9D8,0x0021B9E0,0x8
0x0021BA48,0x0021BA50,0x8
0x0021BAA8,0x0021BAB0,0x8
0x0021BBE8,0x0021BBF0,0x8
0x0021BBF8,0x0021BC00,0x8
0x0021BC38,0x0021BC40,0x8
0x0021BD44,0x0021BD50,0xC
0x0021BE0C,0x0021BE10,0x4
0x0021BEC8,0x0021BED0,0x8
0x0021BF1C,0x0021BF20,0x4
0x0021C0C4,0x0021C0D0,0xC
0x0021C0D8,0x0021C0E0,0x8
0x0021C1CC,0x0021C1D0,0x4
0x0021C1D8,0x0021C1E0,0x8
0x0021C2C8,0x0021C2D0,0x8
0x0021C40C,0x0021C410,0x4
0x0021C49C,0x0021C4A0,0x4
0x0021C588,0x0021C590,0x8
0x0021C5D4,0x0021C5E0,0xC
0x0021C5E8,0x0021C5F0,0x8
0x0021C678,0x0021C680,0x8
0x0021C688,0x0021C690,0x8
0x0021C7B4,0x0021C7C0,0xC
0x0021C8F8,0x0021C900,0x8
0x0021C938,0x0021C940,0x8
0x0021C9E8,0x0021C9F0,0x8
0x0021CB0C,0x0021CB10,0x4
0x0021CBCC,0x0021CBD0,0x4
0x0021CC94,0x0021CCA0,0xC
0x0021CD4C,0x0021CD50,0x4
0x0021CEE4,0x0021CEF0,0xC
0x0021CF48,0x0021CF50,0x8
0x0021D044,0x0021D050,0xC
0x0021D0A8,0x0021D0B0,0x8
0x0021D148,0x0021D150,0x8
0x0021D27C,0x0021D280,0x4
0x0021D4B8,0x0021D4C0,0x8
0x0021D4E8,0x0021D4F0,0x8
0x0021D574,0x0021D580,0xC
0x0021D694,0x0021D6A0,0xC
0x0021DA3C,0x0021DA40,0x4
0x0021DB38,0x0021DB40,0x8
0x0021DBDC,0x0021DBE0,0x4
0x0021DEE8,0x0021DEF0,0x8
0x0021DF3C,0x0021DF40,0x4
0x0021E004,0x0021E010,0xC
0x0021E45C,0x0021E460,0x4
0x0021E524,0x0021E530,0xC
0x0021E5DC,0x0021E5E0,0x4
0x0021E6B8,0x0021E6C0,0x8
0x0021E7F8,0x0021E800,0x8
0x0021E898,0x0021E8A0,0x8
0x0021E9AC,0x0021E9B0,0x4
0x0021EA38,0x0021EA40,0x8
0x0021EB8C,0x0021EB90,0x4
0x0021EC68,0x0021EC70,0x8
0x0021ED08,0x0021ED10,0x8
0x0021ED6C,0x0021ED70,0x4
0x0021EDDC,0x0021EDE0,0x4
0x0021F488,0x0021F490,0x8
0x0021F73C,0x0021F740,0x4
0x0021F80C,0x0021F810,0x4
0x0021F8DC,0x0021F8E0,0x4
0x0021F9AC,0x0021F9B0,0x4
0x0021FC28,0x0021FC30,0x8
0x0021FCBC,0x0021FCC0,0x4
0x0021FCFC,0x0021FD00,0x4
0x0021FDEC,0x0021FDF0,0x4
0x0021FEA4,0x0021FEB0,0xC
0x00220074,0x00220080,0xC
0x0022010C,0x00220110,0x4
0x0022025C,0x00220260,0x4
0x002202A4,0x002202B0,0xC
0x00220414,0x00220420,0xC
0x00220534,0x00220540,0xC
0x00220654,0x00220660,0xC
0x0022069C,0x002206A0,0x4
0x002207A4,0x002207B0,0xC
0x00220A7C,0x00220A80,0x4
0x00220B8C,0x00220B90,0x4
0x00220BF8,0x00220C00,0x8
0x00220CDC,0x00220CE0,0x4
0x00220F44,0x00220F50,0xC
0x00220FFC,0x00221000,0x4
0x002211DC,0x002211E0,0x4
0x002212C8,0x002212D0,0x8
0x0022130C,0x00221310,0x4
0x00221434,0x00221440,0xC
0x002214DC,0x002214E0,0x4
0x002215A4,0x002215B0,0xC
0x002215D4,0x002215E0,0xC
0x00221708,0x00221710,0x8
0x00221778,0x00221780,0x8
0x0022180C,0x00221810,0x4
0x0022184C,0x00221850,0x4
0x002219C8,0x002219D0,0x8
0x00221A88,0x00221A90,0x8
0x00221B1C,0x00221B20,0x4
0x00221B5C,0x00221B60,0x4
0x00221C04,0x00221C10,0xC
0x00221C4C,0x00221C50,0x4
0x00221D14,0x00221D20,0xC
0x00221DB4,0x00221DC0,0xC
0x00221E88,0x00221E90,0x8
0x00221F24,0x00221F30,0xC
0x002220A8,0x002220B0,0x8
0x002220C8,0x002220D0,0x8
0x002221DC,0x002221E0,0x4
0x0022222C,0x00222230,0x4
0x0022226C,0x00222270,0x4
0x002222E8,0x002222F0,0x8
0x0022241C,0x00222420,0x4
0x002225E8,0x002225F0,0x8
0x00222728,0x00222730,0x8
0x0022284C,0x00222850,0x4
0x0022288C,0x00222890,0x4
0x002228EC,0x002228F0,0x4
0x0022294C,0x00222950,0x4
0x002229AC,0x002229B0,0x4
0x00222A08,0x00222A10,0x8
0x00222AB8,0x00222AC0,0x8
0x00222B9C,0x00222BA0,0x4
0x00222C0C,0x00222C10,0x4
0x00222C68,0x00222C70,0x8
0x00222CD8,0x00222CE0,0x8
0x00222D78,0x00222D80,0x8
0x00222E24,0x00222E30,0xC
0x00222EBC,0x00222EC0,0x4
0x00222F78,0x00222F80,0x8
0x00223158,0x00223160,0x8
0x00223204,0x00223210,0xC
0x00223308,0x00223310,0x8
0x0022344C,0x00223450,0x4
0x0022354C,0x00223550,0x4
0x0022364C,0x00223650,0x4
0x0022368C,0x00223690,0x4
0x0022383C,0x00223840,0x4
0x002239AC,0x002239B0,0x4
0x00223A5C,0x00223A60,0x4
0x00223B24,0x00223B30,0xC
0x00223C08,0x00223C10,0x8
0x00223C94,0x00223CA0,0xC
0x00223D4C,0x00223D50,0x4
0x00223D8C,0x00223D90,0x4
0x00223DC4,0x00223DD0,0xC
0x00223F3C,0x00223F40,0x4
0x00224068,0x00224070,0x8
0x00224118,0x00224120,0x8
0x002241F4,0x00224200,0xC
0x0022427C,0x00224280,0x4
0x0022432C,0x00224330,0x4
0x002244A4,0x002244B0,0xC
0x002244EC,0x002244F0,0x4
0x0022455C,0x00224560,0x4
0x002245A8,0x002245B0,0x8
0x002245E8,0x002245F0,0x8
0x002246D8,0x002246E0,0x8
0x0022471C,0x00224720,0x4
0x002248AC,0x002248B0,0x4
0x002249D4,0x002249E0,0xC
0x00224B44,0x00224B50,0xC
0x00224B8C,0x00224B90,0x4
0x00224E2C,0x00224E30,0x4
0x00224E8C,0x00224E90,0x4
0x00224F94,0x00224FA0,0xC
0x00225098,0x002250A0,0x8
0x002250FC,0x00225100,0x4
0x00225204,0x00225210,0xC
0x0022530C,0x00225310,0x4
0x002253B8,0x002253C0,0x8
0x00225424,0x00225430,0xC
0x002254F4,0x00225500,0xC
0x00225598,0x002255A0,0x8
0x00225668,0x00225670,0x8
0x00225704,0x00225710,0xC
0x00225834,0x00225840,0xC
0x002259E4,0x002259F0,0xC
0x00225AC8,0x00225AD0,0x8
0x00225BFC,0x00225C00,0x4
0x00225C94,0x00225CA0,0xC
0x00225CDC,0x00225CE0,0x4
0x00225D74,0x00225D80,0xC
0x00225DD4,0x00225DE0,0xC
0x00225E44,0x00225E50,0xC
0x00225F88,0x00225F90,0x8
0x00226064,0x00226070,0xC
0x00226118,0x00226120,0x8
0x0022623C,0x00226240,0x4
0x002262AC,0x002262B0,0x4
0x002263EC,0x002263F0,0x4
0x0022645C,0x00226460,0x4
0x002264CC,0x002264D0,0x4
0x00226528,0x00226530,0x8
0x002265A8,0x002265B0,0x8
0x00226644,0x00226650,0xC
0x002266BC,0x002266C0,0x4
0x00226744,0x00226750,0xC
0x002267DC,0x002267E0,0x4
0x002269B4,0x002269C0,0xC
0x00226C84,0x00226C90,0xC
0x00226CE8,0x00226CF0,0x8
0x00226D98,0x00226DA0,0x8
0x00226E5C,0x00226E60,0x4
0x00226EC8,0x00226ED0,0x8
0x00226F0C,0x00226F10,0x4
0x00226F44,0x00226F50,0xC
0x00226FD4,0x00226FE0,0xC
0x0022701C,0x00227020,0x4
0x002270D8,0x002270E0,0x8
0x00227158,0x00227160,0x8
0x002271D8,0x002271E0,0x8
0x00227288,0x00227290,0x8
0x002273BC,0x002273C0,0x4
0x00227534,0x00227540,0xC
0x002275D4,0x002275E0,0xC
0x0022769C,0x002276A0,0x4
0x002277C4,0x002277D0,0xC
0x0022788C,0x00227890,0x4
0x00227A0C,0x00227A10,0x4
0x00227AE4,0x00227AF0,0xC
0x00227B48,0x00227B50,0x8
0x00227B88,0x00227B90,0x8
0x00227BF8,0x00227C00,0x8
0x00227E58,0x00227E60,0x8
0x00227E68,0x00227E70,0x8
0x00227E78,0x00227E80,0x8
0x00227EC4,0x00227ED0,0xC
0x00227F84,0x00227F90,0xC
0x00228078,0x00228080,0x8
0x0022815C,0x00228160,0x4
0x0022819C,0x002281A0,0x4
0x002281A8,0x002281B0,0x8
0x002281B8,0x002281C0,0x8
0x002281C8,0x002281D0,0x8
0x002281D8,0x002281E0,0x8
0x00228224,0x00228230,0xC
0x002282F4,0x00228300,0xC
0x00228344,0x00228350,0xC
0x002283B4,0x002283C0,0xC
0x002283FC,0x00228400,0x4
0x00228484,0x00228490,0xC
0x00228498,0x002284A0,0x8
0x002284A8,0x002284B0,0x8
0x00228574,0x00228580,0xC
0x002285D8,0x002285E0,0x8
0x00228814,0x00228820,0xC
0x002288B8,0x002288C0,0x8
0x00228948,0x00228950,0x8
0x002289C8,0x002289D0,0x8
0x00228A0C,0x00228A10,0x4
0x00228A54,0x00228A60,0xC
0x00228AEC,0x00228AF0,0x4
0x00228C48,0x00228C50,0x8
0x00228D48,0x00228D50,0x8
0x00228D9C,0x00228DA0,0x4
0x00228DA8,0x00228DB0,0x8
0x00228DB8,0x00228DC0,0x8
0x00228DC8,0x00228DD0,0x8
0x00228E14,0x00228E20,0xC
0x00228E9C,0x00228EA0,0x4
0x00228F48,0x00228F50,0x8
0x00229034,0x00229040,0xC
0x0022909C,0x002290A0,0x4
0x002290DC,0x002290E0,0x4
0x00229124,0x00229130,0xC
0x00229374,0x00229380,0xC
0x002293BC,0x002293C0,0x4
0x002294B4,0x002294C0,0xC
0x0022953C,0x00229540,0x4
0x0022966C,0x00229670,0x4
0x002297F8,0x00229800,0x8
0x00229904,0x00229910,0xC
0x00229A48,0x00229A50,0x8
0x00229ABC,0x00229AC0,0x4
0x00229B3C,0x00229B40,0x4
0x00229C14,0x00229C20,0xC
0x00229D04,0x00229D10,0xC
0x00229DDC,0x00229DE0,0x4
0x00229E24,0x00229E30,0xC
0x00229E38,0x00229E40,0x8
0x00229E84,0x00229E90,0xC
0x00229F78,0x00229F80,0x8
0x00229FC4,0x00229FD0,0xC
0x0022A0DC,0x0022A0E0,0x4
0x0022A184,0x0022A190,0xC
0x0022A244,0x0022A250,0xC
0x0022A294,0x0022A2A0,0xC
0x0022A364,0x0022A370,0xC
0x0022A40C,0x0022A410,0x4
0x0022A528,0x0022A530,0x8
0x0022A774,0x0022A780,0xC
0x0022A7D4,0x0022A7E0,0xC
0x0022A824,0x0022A830,0xC
0x0022A8B4,0x0022A8C0,0xC
0x0022A92C,0x0022A930,0x4
0x0022A9DC,0x0022A9E0,0x4
0x0022AA1C,0x0022AA20,0x4
0x0022AA28,0x0022AA30,0x8
0x0022AAE8,0x0022AAF0,0x8
0x0022AB8C,0x0022AB90,0x4
0x0022AC68,0x0022AC70,0x8
0x0022AD0C,0x0022AD10,0x4
0x0022AD9C,0x0022ADA0,0x4
0x0022AF5C,0x0022AF60,0x4
0x0022AFA4,0x0022AFB0,0xC
0x0022B058,0x0022B060,0x8
0x0022B12C,0x0022B130,0x4
0x0022B2B4,0x0022B2C0,0xC
0x0022B33C,0x0022B340,0x4
0x0022B41C,0x0022B420,0x4
0x0022B464,0x0022B470,0xC
0x0022B5D8,0x0022B5E0,0x8
0x0022B61C,0x0022B620,0x4
0x0022B6A8,0x0022B6B0,0x8
0x0022B7BC,0x0022B7C0,0x4
0x0022B7CC,0x0022B7D0,0x4
0x0022B868,0x0022B870,0x8
0x0022B964,0x0022B970,0xC
0x0022BA34,0x0022BA40,0xC
0x0022BB08,0x0022BB10,0x8
0x0022BC08,0x0022BC10,0x8
0x0022BCD8,0x0022BCE0,0x8
0x0022BD24,0x0022BD30,0xC
0x0022BDE8,0x0022BDF0,0x8
0x0022BE84,0x0022BE90,0xC
0x0022BF5C,0x0022BF60,0x4
0x0022BFA4,0x0022BFB0,0xC
0x0022C06C,0x0022C070,0x4
0x0022C124,0x0022C130,0xC
0x0022C21C,0x0022C220,0x4
0x0022C574,0x0022C580,0xC
0x0022C5CC,0x0022C5D0,0x4
0x0022C618,0x0022C620,0x8
0x0022C6AC,0x0022C6B0,0x4
0x0022C6F4,0x0022C700,0xC
0x0022C768,0x0022C770,0x8
0x0022C77C,0x0022C780,0x4
0x0022C7C8,0x0022C7D0,0x8
0x0022C818,0x0022C820,0x8
0x0022C864,0x0022C870,0xC
0x0022C8B4,0x0022C8C0,0xC
0x0022C968,0x0022C970,0x8
0x0022CA6C,0x0022CA70,0x4
0x0022CB6C,0x0022CB70,0x4
0x0022CBEC,0x0022CBF0,0x4
0x0022CC5C,0x0022CC60,0x4
0x0022CD24,0x0022CD30,0xC
0x0022CDA4,0x0022CDB0,0xC
0x0022CE1C,0x0022CE20,0x4
0x0022CE7C,0x0022CE80,0x4
0x0022CEEC,0x0022CEF0,0x4
0x0022D068,0x0022D070,0x8
0x0022D0C8,0x0022D0D0,0x8
0x0022D208,0x0022D210,0x8
0x0022D46C,0x0022D470,0x4
0x0022D56C,0x0022D570,0x4
0x0022D5F4,0x0022D600,0xC
0x0022D7A8,0x0022D7B0,0x8
0x0022D93C,0x0022D940,0x4
0x0022D97C,0x0022D980,0x4
0x0022D9E8,0x0022D9F0,0x8
0x0022DA4C,0x0022DA50,0x4
0x0022DA8C,0x0022DA90,0x4
0x0022DBDC,0x0022DBE0,0x4
0x0022DC1C,0x0022DC20,0x4
0x0022DCE4,0x0022DCF0,0xC
0x0022DD2C,0x0022DD30,0x4
0x0022DD6C,0x0022DD70,0x4
0x0022DE14,0x0022DE20,0xC
0x0022DE4C,0x0022DE50,0x4
0x0022DFD4,0x0022DFE0,0xC
0x0022E0AC,0x0022E0B0,0x4
0x0022E20C,0x0022E210,0x4
0x0022E2AC,0x0022E2B0,0x4
0x0022E354,0x0022E360,0xC
0x0022E42C,0x0022E430,0x4
0x0022E57C,0x0022E580,0x4
0x0022E628,0x0022E630,0x8
0x0022E6BC,0x0022E6C0,0x4
0x0022E8B4,0x0022E8C0,0xC
0x0022E908,0x0022E910,0x8
0x0022EBC8,0x0022EBD0,0x8
0x0022EC18,0x0022EC20,0x8
0x0022EDDC,0x0022EDE0,0x4
0x0022EE04,0x0022EE10,0xC
0x0022EE34,0x0022EE40,0xC
0x0022EEB4,0x0022EEC0,0xC
0x0022EEDC,0x0022EEE0,0x4
0x0022EF4C,0x0022EF50,0x4
0x0022EFA8,0x0022EFB0,0x8
0x0022F014,0x0022F020,0xC
0x0022F09C,0x0022F0A0,0x4
0x0022F134,0x0022F140,0xC
0x0022F184,0x0022F190,0xC
0x0022F1DC,0x0022F1E0,0x4
0x0022F2AC,0x0022F2B0,0x4
0x0022F378,0x0022F380,0x8
0x0022F564,0x0022F570,0xC
0x0022F58C,0x0022F590,0x4
0x0022F744,0x0022F750,0xC
0x0022FAB4,0x0022FAC0,0xC
0x0022FAFC,0x0022FB00,0x4
0x0022FB74,0x0022FB80,0xC
0x0022FD94,0x0022FDA0,0xC
0x0022FEC4,0x0022FED0,0xC
0x00230014,0x00230020,0xC
0x0023005C,0x00230060,0x4
0x002301B8,0x002301C0,0x8
0x0023025C,0x00230260,0x4
0x0023026C,0x00230270,0x4
0x002302F4,0x00230300,0xC
0x002303E8,0x002303F0,0x8
0x00230458,0x00230460,0x8
0x0023049C,0x002304A0,0x4
0x002305D8,0x002305E0,0x8
0x00230668,0x00230670,0x8
0x002306D4,0x002306E0,0xC
0x0023076C,0x00230770,0x4
0x00230A98,0x00230AA0,0x8
0x00230AEC,0x00230AF0,0x4
0x00230B4C,0x00230B50,0x4
0x00230CB8,0x00230CC0,0x8
0x00230D24,0x00230D30,0xC
0x00230D94,0x00230DA0,0xC
0x00230FBC,0x00230FC0,0x4
0x00231124,0x00231130,0xC
0x0023126C,0x00231270,0x4
0x002312C8,0x002312D0,0x8
0x0023130C,0x00231310,0x4
0x002313A8,0x002313B0,0x8
0x00231484,0x00231490,0xC
0x002315E8,0x002315F0,0x8
0x002317F4,0x00231800,0xC
0x00231A04,0x00231A10,0xC
0x00231A94,0x00231AA0,0xC
0x00231B38,0x00231B40,0x8
0x00231BDC,0x00231BE0,0x4
0x00231DAC,0x00231DB0,0x4
0x00231E84,0x00231E90,0xC
0x00231F54,0x00231F60,0xC
0x0023201C,0x00232020,0x4
0x002322B8,0x002322C0,0x8
0x002323CC,0x002323D0,0x4
0x0023246C,0x00232470,0x4
0x002325D4,0x002325E0,0xC
0x00232748,0x00232750,0x8
0x002327E8,0x002327F0,0x8
0x00232834,0x00232840,0xC
0x00232914,0x00232920,0xC
0x002329EC,0x002329F0,0x4
0x00232A8C,0x00232A90,0x4
0x00232B28,0x00232B30,0x8
0x00232B38,0x00232B40,0x8
0x00232B48,0x00232B50,0x8
0x00232C28,0x00232C30,0x8
0x00232E18,0x00232E20,0x8
0x00232E68,0x00232E70,0x8
0x00232E78,0x00232E80,0x8
0x00232E8C,0x00232E90,0x4
0x00232EE8,0x00232EF0,0x8
0x00232F48,0x00232F50,0x8
0x00232FB8,0x00232FC0,0x8
0x00233028,0x00233030,0x8
0x002330E4,0x002330F0,0xC
0x002331FC,0x00233200,0x4
0x00233318,0x00233320,0x8
0x0023342C,0x00233430,0x4
0x00233498,0x002334A0,0x8
0x00233558,0x00233560,0x8
0x00233638,0x00233640,0x8
0x002336AC,0x002336B0,0x4
0x002337D8,0x002337E0,0x8
0x0023387C,0x00233880,0x4
0x00233904,0x00233910,0xC
0x0023396C,0x00233970,0x4
0x00233A38,0x00233A40,0x8
0x00233B68,0x00233B70,0x8
0x00233BD8,0x00233BE0,0x8
0x00233C08,0x00233C10,0x8
0x00233D78,0x00233D80,0x8
0x00233E68,0x00233E70,0x8
0x00233F58,0x00233F60,0x8
0x00234048,0x00234050,0x8
0x002340E8,0x002340F0,0x8
0x002341EC,0x002341F0,0x4
0x002342D8,0x002342E0,0x8
0x0023432C,0x00234330,0x4
0x0023442C,0x00234430,0x4
0x0023446C,0x00234470,0x4
0x002344AC,0x002344B0,0x4
0x002344EC,0x002344F0,0x4
0x00234524,0x00234530,0xC
0x002345DC,0x002345E0,0x4
0x0023463C,0x00234640,0x4
0x00234814,0x00234820,0xC
0x002348E4,0x002348F0,0xC
0x00234A24,0x00234A30,0xC
0x00234B14,0x00234B20,0xC
0x00234B5C,0x00234B60,0x4
0x00234CBC,0x00234CC0,0x4
0x00234DF8,0x00234E00,0x8
0x00234EEC,0x00234EF0,0x4
0x00234FA4,0x00234FB0,0xC
0x00235014,0x00235020,0xC
0x002350A4,0x002350B0,0xC
0x002350E8,0x002350F0,0x8
0x00235158,0x00235160,0x8
0x00235268,0x00235270,0x8
0x00235358,0x00235360,0x8
0x002353FC,0x00235400,0x4
0x00235598,0x002355A0,0x8
0x002355A8,0x002355B0,0x8
0x00235694,0x002356A0,0xC
0x00235758,0x00235760,0x8
0x002359F8,0x00235A00,0x8
0x00235AD8,0x00235AE0,0x8
0x00235BF4,0x00235C00,0xC
0x00235C3C,0x00235C40,0x4
0x00235CFC,0x00235D00,0x4
0x00235E38,0x00235E40,0x8
0x00236038,0x00236040,0x8
0x002361B4,0x002361C0,0xC
0x002362AC,0x002362B0,0x4
0x00236498,0x002364A0,0x8
0x002365C4,0x002365D0,0xC
0x0023669C,0x002366A0,0x4
0x0023681C,0x00236820,0x4
0x002368DC,0x002368E0,0x4
0x00236A08,0x00236A10,0x8
0x00236B88,0x00236B90,0x8
0x00236EDC,0x00236EE0,0x4
0x002370E4,0x002370F0,0xC
0x002373A8,0x002373B0,0x8
0x00237678,0x00237680,0x8
0x00237BBC,0x00237BC0,0x4
0x00237D34,0x00237D40,0xC
0x00237ED8,0x00237EE0,0x8
0x00238068,0x00238070,0x8
0x002381BC,0x002381C0,0x4
0x00238408,0x00238410,0x8
0x00238638,0x00238640,0x8
0x00238898,0x002388A0,0x8
0x002389CC,0x002389D0,0x4
0x00238A0C,0x00238A10,0x4
0x00238B68,0x00238B70,0x8
0x00238BD8,0x00238BE0,0x8
0x00238C28,0x00238C30,0x8
0x00238D24,0x00238D30,0xC
0x00238DE8,0x00238DF0,0x8
0x00238E84,0x00238E90,0xC
0x00238EAC,0x00238EB0,0x4
0x00238ECC,0x00238ED0,0x4
0x00238F34,0x00238F40,0xC
0x00238FA4,0x00238FB0,0xC
0x0023908C,0x00239090,0x4
0x0023918C,0x00239190,0x4
0x002393F8,0x00239400,0x8
0x002394EC,0x002394F0,0x4
0x002395BC,0x002395C0,0x4
0x002396E8,0x002396F0,0x8
0x002396F8,0x00239700,0x8
0x002397DC,0x002397E0,0x4
0x00239824,0x00239830,0xC
0x002399BC,0x002399C0,0x4
0x00239A4C,0x00239A50,0x4
0x00239A88,0x00239A90,0x8
0x00239B64,0x00239B70,0xC
0x00239C28,0x00239C30,0x8
0x00239C78,0x00239C80,0x8
0x00239CAC,0x00239CB0,0x4
0x00239D58,0x00239D60,0x8
0x00239E5C,0x00239E60,0x4
0x00239ED4,0x00239EE0,0xC
0x00239F4C,0x00239F50,0x4
0x00239FBC,0x00239FC0,0x4
0x0023A02C,0x0023A030,0x4
0x0023A0AC,0x0023A0B0,0x4
0x0023A12C,0x0023A130,0x4
0x0023A1AC,0x0023A1B0,0x4
0x0023A208,0x0023A210,0x8
0x0023A27C,0x0023A280,0x4
0x0023A2D8,0x0023A2E0,0x8
0x0023A434,0x0023A440,0xC
0x0023A5D8,0x0023A5E0,0x8
0x0023A664,0x0023A670,0xC
0x0023A758,0x0023A760,0x8
0x0023A848,0x0023A850,0x8
0x0023AA24,0x0023AA30,0xC
0x0023AACC,0x0023AAD0,0x4
0x0023AC14,0x0023AC20,0xC
0x0023AD64,0x0023AD70,0xC
0x0023ADBC,0x0023ADC0,0x4
0x0023AE84,0x0023AE90,0xC
0x0023AEFC,0x0023AF00,0x4
0x0023AFDC,0x0023AFE0,0x4
0x0023B0DC,0x0023B0E0,0x4
0x0023B114,0x0023B120,0xC
0x0023B1EC,0x0023B1F0,0x4
0x0023B22C,0x0023B230,0x4
0x0023B2C4,0x0023B2D0,0xC
0x0023B32C,0x0023B330,0x4
0x0023B36C,0x0023B370,0x4
0x0023B3AC,0x0023B3B0,0x4
0x0023B5A8,0x0023B5B0,0x8
0x0023B64C,0x0023B650,0x4
0x0023B714,0x0023B720,0xC
0x0023B7C8,0x0023B7D0,0x8
0x0023B86C,0x0023B870,0x4
0x0023B8AC,0x0023B8B0,0x4
0x0023B918,0x0023B920,0x8
0x0023BA58,0x0023BA60,0x8
0x0023BBAC,0x0023BBB0,0x4
0x0023BC48,0x0023BC50,0x8
0x0023BC58,0x0023BC60,0x8
0x0023BCC4,0x0023BCD0,0xC
0x0023BD14,0x0023BD20,0xC
0x0023BD64,0x0023BD70,0xC
0x0023BDCC,0x0023BDD0,0x4
0x0023BE5C,0x0023BE60,0x4
0x0023BEF8,0x0023BF00,0x8
0x0023BF3C,0x0023BF40,0x4
0x0023C034,0x0023C040,0xC
0x0023C178,0x0023C180,0x8
0x0023C29C,0x0023C2A0,0x4
0x0023C338,0x0023C340,0x8
0x0023C448,0x0023C450,0x8
0x0023C64C,0x0023C650,0x4
0x0023C6FC,0x0023C700,0x4
0x0023C784,0x0023C790,0xC
0x0023C838,0x0023C840,0x8
0x0023C87C,0x0023C880,0x4
0x0023C99C,0x0023C9A0,0x4
0x0023CB24,0x0023CB30,0xC
0x0023CC34,0x0023CC40,0xC
0x0023CD34,0x0023CD40,0xC
0x0023CDE8,0x0023CDF0,0x8
0x0023CE2C,0x0023CE30,0x4
0x0023D13C,0x0023D140,0x4
0x0023D1EC,0x0023D1F0,0x4
0x0023D274,0x0023D280,0xC
0x0023D328,0x0023D330,0x8
0x0023D36C,0x0023D370,0x4
0x0023D48C,0x0023D490,0x4
0x0023D4F4,0x0023D500,0xC
0x0023D6A4,0x0023D6B0,0xC
0x0023D6EC,0x0023D6F0,0x4
0x0023D7FC,0x0023D800,0x4
0x0023D8A8,0x0023D8B0,0x8
0x0023D978,0x0023D980,0x8
0x0023DAA4,0x0023DAB0,0xC
0x0023DE28,0x0023DE30,0x8
0x0023DF8C,0x0023DF90,0x4
0x0023E064,0x0023E070,0xC
0x0023E0AC,0x0023E0B0,0x4
0x0023E118,0x0023E120,0x8
0x0023E174,0x0023E180,0xC
0x0023E25C,0x0023E260,0x4
0x0023E308,0x0023E310,0x8
0x0023E3B8,0x0023E3C0,0x8
0x0023E4BC,0x0023E4C0,0x4
0x0023E56C,0x0023E570,0x4
0x0023E618,0x0023E620,0x8
0x0023E6FC,0x0023E700,0x4
0x0023E7DC,0x0023E7E0,0x4
0x0023E85C,0x0023E860,0x4
0x0023E928,0x0023E930,0x8
0x0023EA58,0x0023EA60,0x8
0x0023EACC,0x0023EAD0,0x4
0x0023EB54,0x0023EB60,0xC
0x0023EC28,0x0023EC30,0x8
0x0023EDCC,0x0023EDD0,0x4
0x0023EE58,0x0023EE60,0x8
0x0023EEB8,0x0023EEC0,0x8
0x0023EF28,0x0023EF30,0x8
0x0023EF98,0x0023EFA0,0x8
0x0023F048,0x0023F050,0x8
0x0023F13C,0x0023F140,0x4
0x0023F1A8,0x0023F1B0,0x8
0x0023F21C,0x0023F220,0x4
0x0023F28C,0x0023F290,0x4
0x0023F314,0x0023F320,0xC
0x0023F3A4,0x0023F3B0,0xC
0x0023F40C,0x0023F410,0x4
0x0023F62C,0x0023F630,0x4
0x0023F658,0x0023F660,0x8
0x0023F7C8,0x0023F7D0,0x8
0x0023F8B8,0x0023F8C0,0x8
0x0023F9A8,0x0023F9B0,0x8
0x0023FA98,0x0023FAA0,0x8
0x0023FB38,0x0023FB40,0x8
0x0023FC84,0x0023FC90,0xC
0x0023FE0C,0x0023FE10,0x4
0x0023FF0C,0x0023FF10,0x4
0x0023FF4C,0x0023FF50,0x4
0x00240048,0x00240050,0x8
0x0024008C,0x00240090,0x4
0x002400C4,0x002400D0,0xC
0x0024013C,0x00240140,0x4
0x002401EC,0x002401F0,0x4
0x0024029C,0x002402A0,0x4
0x002403B4,0x002403C0,0xC
0x00240464,0x00240470,0xC
0x00240514,0x00240520,0xC
0x0024059C,0x002405A0,0x4
0x0024061C,0x00240620,0x4
0x00240664,0x00240670,0xC
0x002406E8,0x002406F0,0x8
0x002407A4,0x002407B0,0xC
0x00240808,0x00240810,0x8
0x00240928,0x00240930,0x8
0x00240A2C,0x00240A30,0x4
0x00240B74,0x00240B80,0xC
0x00240CB4,0x00240CC0,0xC
0x00240D2C,0x00240D30,0x4
0x00240D94,0x00240DA0,0xC
0x00240DDC,0x00240DE0,0x4
0x00240F34,0x00240F40,0xC
0x00241108,0x00241110,0x8
0x002412C8,0x002412D0,0x8
0x00241364,0x00241370,0xC
0x002413B4,0x002413C0,0xC
0x0024142C,0x00241430,0x4
0x00241588,0x00241590,0x8
0x002417F8,0x00241800,0x8
0x00241918,0x00241920,0x8
0x002419C8,0x002419D0,0x8
0x00241B48,0x00241B50,0x8
0x00241C3C,0x00241C40,0x4
0x00241DD4,0x00241DE0,0xC
0x00241F14,0x00241F20,0xC
0x00242184,0x00242190,0xC
0x0024229C,0x002422A0,0x4
0x0024236C,0x00242370,0x4
0x002423AC,0x002423B0,0x4
0x00242434,0x00242440,0xC
0x0024247C,0x00242480,0x4
0x00242538,0x00242540,0x8
0x0024257C,0x00242580,0x4
0x00242638,0x00242640,0x8
0x002426FC,0x00242700,0x4
0x0024271C,0x00242720,0x4
0x00242788,0x00242790,0x8
0x002427F8,0x00242800,0x8
0x002428DC,0x002428E0,0x4
0x002429AC,0x002429B0,0x4
0x002429EC,0x002429F0,0x4
0x00242A9C,0x00242AA0,0x4
0x00242C54,0x00242C60,0xC
0x00242D4C,0x00242D50,0x4
0x00242E1C,0x00242E20,0x4
0x00242EEC,0x00242EF0,0x4
0x00242F8C,0x00242F90,0x4
0x0024302C,0x00243030,0x4
0x00243174,0x00243180,0xC
0x002431C4,0x002431D0,0xC
0x00243304,0x00243310,0xC
0x002434F4,0x00243500,0xC
0x002435A8,0x002435B0,0x8
0x002435B8,0x002435C0,0x8
0x00243638,0x00243640,0x8
0x002436E8,0x002436F0,0x8
0x002437FC,0x00243800,0x4
0x002438A4,0x002438B0,0xC
0x00243958,0x00243960,0x8
0x002439CC,0x002439D0,0x4
0x00243A84,0x00243A90,0xC
0x00243B0C,0x00243B10,0x4
0x00243B8C,0x00243B90,0x4
0x00243BFC,0x00243C00,0x4
0x00243C58,0x00243C60,0x8
0x00243CCC,0x00243CD0,0x4
0x00243D28,0x00243D30,0x8
0x00243E58,0x00243E60,0x8
0x00243ED8,0x00243EE0,0x8
0x00243F08,0x00243F10,0x8
0x00243F94,0x00243FA0,0xC
0x00244088,0x00244090,0x8
0x00244184,0x00244190,0xC
0x00244378,0x00244380,0x8
0x002443FC,0x00244400,0x4
0x0024444C,0x00244450,0x4
0x00244598,0x002445A0,0x8
0x00244788,0x00244790,0x8
0x002447DC,0x002447E0,0x4
0x002448A4,0x002448B0,0xC
0x00244948,0x00244950,0x8
0x002449E8,0x002449F0,0x8
0x00244ACC,0x00244AD0,0x4
0x00244B3C,0x00244B40,0x4
0x00244C1C,0x00244C20,0x4
0x00244C7C,0x00244C80,0x4
0x00244CBC,0x00244CC0,0x4
0x00244D5C,0x00244D60,0x4
0x00244DBC,0x00244DC0,0x4
0x00244DFC,0x00244E00,0x4
0x00244E3C,0x00244E40,0x4
0x00244F14,0x00244F20,0xC
0x002450B4,0x002450C0,0xC
0x002450FC,0x00245100,0x4
0x0024542C,0x00245430,0x4
0x0024546C,0x00245470,0x4
0x00245528,0x00245530,0x8
0x002455DC,0x002455E0,0x4
0x0024561C,0x00245620,0x4
0x002456D8,0x002456E0,0x8
0x0024572C,0x00245730,0x4
0x0024577C,0x00245780,0x4
0x00245934,0x00245940,0xC
0x00245A1C,0x00245A20,0x4
0x00245A28,0x00245A30,0x8
0x00245A38,0x00245A40,0x8
0x00245AC4,0x00245AD0,0xC
0x00245B14,0x00245B20,0xC
0x00245B64,0x00245B70,0xC
0x00245BD4,0x00245BE0,0xC
0x00245C98,0x00245CA0,0x8
0x00245D38,0x00245D40,0x8
0x00245D7C,0x00245D80,0x4
0x00245E74,0x00245E80,0xC
0x00245F04,0x00245F10,0xC
0x0024602C,0x00246030,0x4
0x002460D4,0x002460E0,0xC
0x00246124,0x00246130,0xC
0x002462DC,0x002462E0,0x4
0x002463F4,0x00246400,0xC
0x002465E8,0x002465F0,0x8
0x00246648,0x00246650,0x8
0x0024674C,0x00246750,0x4
0x0024678C,0x00246790,0x4
0x0024688C,0x00246890,0x4
0x00246954,0x00246960,0xC
0x00246A64,0x00246A70,0xC
0x00246AAC,0x00246AB0,0x4
0x00246D7C,0x00246D80,0x4
0x00246DBC,0x00246DC0,0x4
0x00246EF4,0x00246F00,0xC
0x002470FC,0x00247100,0x4
0x00247208,0x00247210,0x8
0x002472B8,0x002472C0,0x8
0x00247368,0x00247370,0x8
0x002473AC,0x002473B0,0x4
0x00247464,0x00247470,0xC
0x002474AC,0x002474B0,0x4
0x0024758C,0x00247590,0x4
0x00247604,0x00247610,0xC
0x00247708,0x00247710,0x8
0x0024778C,0x00247790,0x4
0x002477B4,0x002477C0,0xC
0x002477DC,0x002477E0,0x4
0x00247884,0x00247890,0xC
0x00247A08,0x00247A10,0x8
0x00247AC8,0x00247AD0,0x8
0x00247B68,0x00247B70,0x8
0x00247C08,0x00247C10,0x8
0x00247CA8,0x00247CB0,0x8
0x00247D64,0x00247D70,0xC
0x00247DC8,0x00247DD0,0x8
0x00247E0C,0x00247E10,0x4
0x00247ECC,0x00247ED0,0x4
0x00247F64,0x00247F70,0xC
0x00247FC8,0x00247FD0,0x8
0x0024800C,0x00248010,0x4
0x002480C8,0x002480D0,0x8
0x0024810C,0x00248110,0x4
0x00248198,0x002481A0,0x8
0x002481F8,0x00248200,0x8
0x00248254,0x00248260,0xC
0x002482B4,0x002482C0,0xC
0x00248318,0x00248320,0x8
0x00248328,0x00248330,0x8
0x00248338,0x00248340,0x8
0x002483E8,0x002483F0,0x8
0x002484D4,0x002484E0,0xC
0x00248584,0x00248590,0xC
0x002485FC,0x00248600,0x4
0x002486FC,0x00248700,0x4
0x0024877C,0x00248780,0x4
0x002487EC,0x002487F0,0x4
0x00248958,0x00248960,0x8
0x00248988,0x00248990,0x8
0x00248A14,0x00248A20,0xC
0x00248DEC,0x00248DF0,0x4
0x00248E64,0x00248E70,0xC
0x0024900C,0x00249010,0x4
0x0024915C,0x00249160,0x4
0x002491AC,0x002491B0,0x4
0x00249274,0x00249280,0xC
0x002493E8,0x002493F0,0x8
0x002495CC,0x002495D0,0x4
0x002498C4,0x002498D0,0xC
0x00249AF8,0x00249B00,0x8
0x00249B34,0x00249B40,0xC
0x00249BEC,0x00249BF0,0x4
0x00249CF8,0x00249D00,0x8
0x00249DB8,0x00249DC0,0x8
0x00249E68,0x00249E70,0x8
0x00249F0C,0x00249F10,0x4
0x00249F98,0x00249FA0,0x8
0x0024A0CC,0x0024A0D0,0x4
0x0024A144,0x0024A150,0xC
0x0024A2FC,0x0024A300,0x4
0x0024A534,0x0024A540,0xC
0x0024A618,0x0024A620,0x8
0x0024A804,0x0024A810,0xC
0x0024A86C,0x0024A870,0x4
0x0024A8FC,0x0024A900,0x4
0x0024A908,0x0024A910,0x8
0x0024AA58,0x0024AA60,0x8
0x0024AB14,0x0024AB20,0xC
0x0024AC48,0x0024AC50,0x8
0x0024ACF8,0x0024AD00,0x8
0x0024AD0C,0x0024AD10,0x4
0x0024AE08,0x0024AE10,0x8
0x0024AED8,0x0024AEE0,0x8
0x0024AFFC,0x0024B000,0x4
0x0024B1EC,0x0024B1F0,0x4
0x0024B2E4,0x0024B2F0,0xC
0x0024B3D8,0x0024B3E0,0x8
0x0024B604,0x0024B610,0xC
0x0024B6BC,0x0024B6C0,0x4
0x0024B7B4,0x0024B7C0,0xC
0x0024B8B4,0x0024B8C0,0xC
0x0024B9AC,0x0024B9B0,0x4
0x0024BA14,0x0024BA20,0xC
0x0024BB24,0x0024BB30,0xC
0x0024BC0C,0x0024BC10,0x4
0x0024BC74,0x0024BC80,0xC
0x0024BD3C,0x0024BD40,0x4
0x0024BE1C,0x0024BE20,0x4
0x0024BEF4,0x0024BF00,0xC
0x0024BF3C,0x0024BF40,0x4
0x0024C034,0x0024C040,0xC
0x0024C10C,0x0024C110,0x4
0x0024C19C,0x0024C1A0,0x4
0x0024C2B8,0x0024C2C0,0x8
0x0024C38C,0x0024C390,0x4
0x0024C3E8,0x0024C3F0,0x8
0x0024C58C,0x0024C590,0x4
0x0024C704,0x0024C710,0xC
0x0024C894,0x0024C8A0,0xC
0x0024C8DC,0x0024C8E0,0x4
0x0024C9B8,0x0024C9C0,0x8
0x0024CA58,0x0024CA60,0x8
0x0024CA9C,0x0024CAA0,0x4
0x0024CB34,0x0024CB40,0xC
0x0024CB9C,0x0024CBA0,0x4
0x0024CBDC,0x0024CBE0,0x4
0x0024CCA8,0x0024CCB0,0x8
0x0024CCF8,0x0024CD00,0x8
0x0024CD3C,0x0024CD40,0x4
0x0024CE14,0x0024CE20,0xC
0x0024CEEC,0x0024CEF0,0x4
0x0024CF88,0x0024CF90,0x8
0x0024D024,0x0024D030,0xC
0x0024D0B8,0x0024D0C0,0x8
0x0024D144,0x0024D150,0xC
0x0024D1A4,0x0024D1B0,0xC
0x0024D384,0x0024D390,0xC
0x0024D3D4,0x0024D3E0,0xC
0x0024D494,0x0024D4A0,0xC
0x0024D4F8,0x0024D500,0x8
0x0024D558,0x0024D560,0x8
0x0024D5B8,0x0024D5C0,0x8
0x0024D748,0x0024D750,0x8
0x0024D7F8,0x0024D800,0x8
0x0024D91C,0x0024D920,0x4
0x0024D9A8,0x0024D9B0,0x8
0x0024DA3C,0x0024DA40,0x4
0x0024DACC,0x0024DAD0,0x4
0x0024DB3C,0x0024DB40,0x4
0x0024DC4C,0x0024DC50,0x4
0x0024DCBC,0x0024DCC0,0x4
0x0024DDAC,0x0024DDB0,0x4
0x0024DE58,0x0024DE60,0x8
0x0024DEF4,0x0024DF00,0xC
0x0024DF6C,0x0024DF70,0x4
0x0024DFC8,0x0024DFD0,0x8
0x0024E028,0x0024E030,0x8
0x0024E0A8,0x0024E0B0,0x8
0x0024E234,0x0024E240,0xC
0x0024E268,0x0024E270,0x8
0x0024E2F4,0x0024E300,0xC
0x0024E4EC,0x0024E4F0,0x4
0x0024E5EC,0x0024E5F0,0x4
0x0024E6EC,0x0024E6F0,0x4
0x0024E78C,0x0024E790,0x4
0x0024E8DC,0x0024E8E0,0x4
0x0024EA2C,0x0024EA30,0x4
0x0024EA7C,0x0024EA80,0x4
0x0024EB44,0x0024EB50,0xC
0x0024EBBC,0x0024EBC0,0x4
0x0024ED1C,0x0024ED20,0x4
0x0024ED94,0x0024EDA0,0xC
0x0024EEC4,0x0024EED0,0xC
0x0024EF04,0x0024EF10,0xC
0x0024EFBC,0x0024EFC0,0x4
0x0024EFFC,0x0024F000,0x4
0x0024F188,0x0024F190,0x8
0x0024F248,0x0024F250,0x8
0x0024F2DC,0x0024F2E0,0x4
0x0024F414,0x0024F420,0xC
0x0024F4A8,0x0024F4B0,0x8
0x0024F664,0x0024F670,0xC
0x0024F6F8,0x0024F700,0x8
0x0024F7F4,0x0024F800,0xC
0x0024F85C,0x0024F860,0x4
0x0024F984,0x0024F990,0xC
0x0024F998,0x0024F9A0,0x8
0x0024FA24,0x0024FA30,0xC
0x0024FA38,0x0024FA40,0x8
0x0024FA84,0x0024FA90,0xC
0x0024FB84,0x0024FB90,0xC
0x0024FC0C,0x0024FC10,0x4
0x0024FC98,0x0024FCA0,0x8
0x0024FCF8,0x0024FD00,0x8
0x0024FDD4,0x0024FDE0,0xC
0x0024FE2C,0x0024FE30,0x4
0x0024FF4C,0x0024FF50,0x4
0x0024FFCC,0x0024FFD0,0x4
0x0025004C,0x00250050,0x4
0x002500A8,0x002500B0,0x8
0x002500EC,0x002500F0,0x4
0x00250204,0x00250210,0xC
0x002502AC,0x002502B0,0x4
0x00250384,0x00250390,0xC
0x0025049C,0x002504A0,0x4
0x0025052C,0x00250530,0x4
0x00250604,0x00250610,0xC
0x002506CC,0x002506D0,0x4
0x00250874,0x00250880,0xC
0x0025093C,0x00250940,0x4
0x00250A78,0x00250A80,0x8
0x00250E38,0x00250E40,0x8
0x00250E8C,0x00250E90,0x4
0x00250FE4,0x00250FF0,0xC
0x00251048,0x00251050,0x8
0x002510FC,0x00251100,0x4
0x002511C4,0x002511D0,0xC
0x00251354,0x00251360,0xC
0x00251528,0x00251530,0x8
0x002515EC,0x002515F0,0x4
0x00251804,0x00251810,0xC
0x00251AB8,0x00251AC0,0x8
0x00251B0C,0x00251B10,0x4
0x00251BE8,0x00251BF0,0x8
0x00251D54,0x00251D60,0xC
0x00251DC8,0x00251DD0,0x8
0x00251E5C,0x00251E60,0x4
0x00251F18,0x00251F20,0x8
0x00251FE4,0x00251FF0,0xC
0x00252088,0x00252090,0x8
0x002522F4,0x00252300,0xC
0x00252398,0x002523A0,0x8
0x002524BC,0x002524C0,0x4
0x002525A8,0x002525B0,0x8
0x00252684,0x00252690,0xC
0x00252784,0x00252790,0xC
0x00252834,0x00252840,0xC
0x00252924,0x00252930,0xC
0x00252938,0x00252940,0x8
0x00252948,0x00252950,0x8
0x00252958,0x00252960,0x8
0x002529BC,0x002529C0,0x4
0x00252A68,0x00252A70,0x8
0x00252AB4,0x00252AC0,0xC
0x00252BD8,0x00252BE0,0x8
0x00252C2C,0x00252C30,0x4
0x00252C7C,0x00252C80,0x4
0x00252DA8,0x00252DB0,0x8
0x00252E2C,0x00252E30,0x4
0x00252EF4,0x00252F00,0xC
0x00252F94,0x00252FA0,0xC
0x00253078,0x00253080,0x8
0x00253118,0x00253120,0x8
0x00253174,0x00253180,0xC
0x00253218,0x00253220,0x8
0x002532B4,0x002532C0,0xC
0x0025340C,0x00253410,0x4
0x002534C4,0x002534D0,0xC
0x002535C8,0x002535D0,0x8
0x002538E8,0x002538F0,0x8
0x002539FC,0x00253A00,0x4
0x00253AEC,0x00253AF0,0x4
0x00253BBC,0x00253BC0,0x4
0x00253C7C,0x00253C80,0x4
0x00253D3C,0x00253D40,0x4
0x00253DC8,0x00253DD0,0x8
0x00253E18,0x00253E20,0x8
0x00253FB8,0x00253FC0,0x8
0x002540FC,0x00254100,0x4
0x00254164,0x00254170,0xC
0x002541D4,0x002541E0,0xC
0x002541E8,0x002541F0,0x8
0x00254248,0x00254250,0x8
0x002542A8,0x002542B0,0x8
0x00254318,0x00254320,0x8
0x00254388,0x00254390,0x8
0x00254478,0x00254480,0x8
0x002544CC,0x002544D0,0x4
0x00254674,0x00254680,0xC
0x002546E8,0x002546F0,0x8
0x00254774,0x00254780,0xC
0x002547EC,0x002547F0,0x4
0x00254874,0x00254880,0xC
0x00254904,0x00254910,0xC
0x002549BC,0x002549C0,0x4
0x00254A48,0x00254A50,0x8
0x00254ABC,0x00254AC0,0x4
0x00254B2C,0x00254B30,0x4
0x00254B9C,0x00254BA0,0x4
0x00254BF8,0x00254C00,0x8
0x00254C6C,0x00254C70,0x4
0x00254E74,0x00254E80,0xC
0x002552E4,0x002552F0,0xC
0x002552F8,0x00255300,0x8
0x00255308,0x00255310,0x8
0x00255374,0x00255380,0xC
0x00255458,0x00255460,0x8
0x002555DC,0x002555E0,0x4
0x00255614,0x00255620,0xC
0x00255658,0x00255660,0x8
0x0025566C,0x00255670,0x4
0x00255714,0x00255720,0xC
0x002558BC,0x002558C0,0x4
0x00255944,0x00255950,0xC
0x00255FD4,0x00255FE0,0xC
0x00256574,0x00256580,0xC
0x00256794,0x002567A0,0xC
0x00256A6C,0x00256A70,0x4
0x00256C18,0x00256C20,0x8
0x00256DF8,0x00256E00,0x8
0x00256EEC,0x00256EF0,0x4
0x002570F4,0x00257100,0xC
0x00257214,0x00257220,0xC
0x002572C4,0x002572D0,0xC
0x00257368,0x00257370,0x8
0x002573E4,0x002573F0,0xC
0x00257424,0x00257430,0xC
0x002574D8,0x002574E0,0x8
0x0025751C,0x00257520,0x4
0x002575A8,0x002575B0,0x8
0x00257634,0x00257640,0xC
0x00257738,0x00257740,0x8
0x002577CC,0x002577D0,0x4
0x0025790C,0x00257910,0x4
0x002579CC,0x002579D0,0x4
0x00257BB8,0x00257BC0,0x8
0x00257CB4,0x00257CC0,0xC
0x00257D5C,0x00257D60,0x4
0x00257DE4,0x00257DF0,0xC
0x00257E2C,0x00257E30,0x4
0x00257E98,0x00257EA0,0x8
0x00257FB8,0x00257FC0,0x8
0x00258024,0x00258030,0xC
0x0025806C,0x00258070,0x4
0x0025818C,0x00258190,0x4
0x00258248,0x00258250,0x8
0x0025832C,0x00258330,0x4
0x0025844C,0x00258450,0x4
0x002584FC,0x00258500,0x4
0x00258584,0x00258590,0xC
0x0025860C,0x00258610,0x4
0x0025879C,0x002587A0,0x4
0x00258808,0x00258810,0x8
0x002588EC,0x002588F0,0x4
0x00258988,0x00258990,0x8
0x00258A84,0x00258A90,0xC
0x00258AEC,0x00258AF0,0x4
0x00258B28,0x00258B30,0x8
0x00258B8C,0x00258B90,0x4
0x00258BF4,0x00258C00,0xC
0x00258C5C,0x00258C60,0x4
0x00258CE4,0x00258CF0,0xC
0x00258CF8,0x00258D00,0x8
0x00258D84,0x00258D90,0xC
0x00258D98,0x00258DA0,0x8
0x00258E3C,0x00258E40,0x4
0x00258E88,0x00258E90,0x8
0x00258E98,0x00258EA0,0x8
0x00258F3C,0x00258F40,0x4
0x00258F88,0x00258F90,0x8
0x00258F98,0x00258FA0,0x8
0x0025903C,0x00259040,0x4
0x00259088,0x00259090,0x8
0x00259098,0x002590A0,0x8
0x00259178,0x00259180,0x8
0x00259298,0x002592A0,0x8
0x0025931C,0x00259320,0x4
0x002593FC,0x00259400,0x4
0x002594E4,0x002594F0,0xC
0x002597A4,0x002597B0,0xC
0x00259914,0x00259920,0xC
0x002599FC,0x00259A00,0x4
0x00259AC4,0x00259AD0,0xC
0x00259B48,0x00259B50,0x8
0x00259B8C,0x00259B90,0x4
0x00259C54,0x00259C60,0xC
0x00259D04,0x00259D10,0xC
0x00259D54,0x00259D60,0xC
0x00259DA4,0x00259DB0,0xC
0x00259F8C,0x00259F90,0x4
0x0025A128,0x0025A130,0x8
0x0025A194,0x0025A1A0,0xC
0x0025A258,0x0025A260,0x8
0x0025A3E4,0x0025A3F0,0xC
0x0025A4F4,0x0025A500,0xC
0x0025A5B8,0x0025A5C0,0x8
0x0025A75C,0x0025A760,0x4
0x0025A818,0x0025A820,0x8
0x0025AA6C,0x0025AA70,0x4
0x0025AC04,0x0025AC10,0xC
0x0025AC6C,0x0025AC70,0x4
0x0025AD24,0x0025AD30,0xC
0x0025ADAC,0x0025ADB0,0x4
0x0025ADEC,0x0025ADF0,0x4
0x0025AEB4,0x0025AEC0,0xC
0x0025AF34,0x0025AF40,0xC
0x0025AFEC,0x0025AFF0,0x4
0x0025B0C8,0x0025B0D0,0x8
0x0025B10C,0x0025B110,0x4
0x0025B278,0x0025B280,0x8
0x0025B338,0x0025B340,0x8
0x0025B41C,0x0025B420,0x4
0x0025B4B8,0x0025B4C0,0x8
0x0025B614,0x0025B620,0xC
0x0025B6B8,0x0025B6C0,0x8
0x0025B758,0x0025B760,0x8
0x0025B8C4,0x0025B8D0,0xC
0x0025B9C4,0x0025B9D0,0xC
0x0025BA88,0x0025BA90,0x8
0x0025BCCC,0x0025BCD0,0x4
0x0025BEB4,0x0025BEC0,0xC
0x0025BFA4,0x0025BFB0,0xC
0x0025BFEC,0x0025BFF0,0x4
0x0025C048,0x0025C050,0x8
0x0025C0A8,0x0025C0B0,0x8
0x0025C114,0x0025C120,0xC
0x0025C188,0x0025C190,0x8
0x0025C238,0x0025C240,0x8
0x0025C28C,0x0025C290,0x4
0x0025C3AC,0x0025C3B0,0x4
0x0025C448,0x0025C450,0x8
0x0025C4E4,0x0025C4F0,0xC
0x0025C6B8,0x0025C6C0,0x8
0x0025C75C,0x0025C760,0x4
0x0025C7CC,0x0025C7D0,0x4
0x0025C854,0x0025C860,0xC
0x0025C8B8,0x0025C8C0,0x8
0x0025C92C,0x0025C930,0x4
0x0025CB28,0x0025CB30,0x8
0x0025CBD4,0x0025CBE0,0xC
0x0025CC64,0x0025CC70,0xC
0x0025CE5C,0x0025CE60,0x4
0x0025CF5C,0x0025CF60,0x4
0x0025D0EC,0x0025D0F0,0x4
0x0025D23C,0x0025D240,0x4
0x0025D38C,0x0025D390,0x4
0x0025D47C,0x0025D480,0x4
0x0025D544,0x0025D550,0xC
0x0025D5BC,0x0025D5C0,0x4
0x0025D6C4,0x0025D6D0,0xC
0x0025D73C,0x0025D740,0x4
0x0025D7AC,0x0025D7B0,0x4
0x0025D7E4,0x0025D7F0,0xC
0x0025D89C,0x0025D8A0,0x4
0x0025D8DC,0x0025D8E0,0x4
0x0025D964,0x0025D970,0xC
0x0025DA98,0x0025DAA0,0x8
0x0025DB64,0x0025DB70,0xC
0x0025DD2C,0x0025DD30,0x4
0x0025DDF4,0x0025DE00,0xC
0x0025DFBC,0x0025DFC0,0x4
0x0025E02C,0x0025E030,0x4
0x0025E114,0x0025E120,0xC
0x0025E17C,0x0025E180,0x4
0x0025E204,0x0025E210,0xC
0x0025E218,0x0025E220,0x8
0x0025E288,0x0025E290,0x8
0x0025E33C,0x0025E340,0x4
0x0025E418,0x0025E420,0x8
0x0025E69C,0x0025E6A0,0x4
0x0025E7D8,0x0025E7E0,0x8
0x0025EA8C,0x0025EA90,0x4
0x0025EB8C,0x0025EB90,0x4
0x0025EC48,0x0025EC50,0x8
0x0025EC98,0x0025ECA0,0x8
0x0025EE38,0x0025EE40,0x8
0x0025EF9C,0x0025EFA0,0x4
0x0025F074,0x0025F080,0xC
0x0025F0F8,0x0025F100,0x8
0x0025F18C,0x0025F190,0x4
0x0025F258,0x0025F260,0x8
0x0025F30C,0x0025F310,0x4
0x0025F38C,0x0025F390,0x4
0x0025F3D8,0x0025F3E0,0x8
0x0025F454,0x0025F460,0xC
0x0025F49C,0x0025F4A0,0x4
0x0025F558,0x0025F560,0x8
0x0025F638,0x0025F640,0x8
0x0025F6A8,0x0025F6B0,0x8
0x0025F73C,0x0025F740,0x4
0x0025F89C,0x0025F8A0,0x4
0x0025F9D8,0x0025F9E0,0x8
0x0025FAFC,0x0025FB00,0x4
0x0025FE4C,0x0025FE50,0x4
0x0025FF4C,0x0025FF50,0x4
0x00260018,0x00260020,0x8
0x00260064,0x00260070,0xC
0x002601A4,0x002601B0,0xC
0x00260468,0x00260470,0x8
0x002604CC,0x002604D0,0x4
0x002605C4,0x002605D0,0xC
0x00260684,0x00260690,0xC
0x00260724,0x00260730,0xC
0x002607F8,0x00260800,0x8
0x0026085C,0x00260860,0x4
0x00260954,0x00260960,0xC
0x002609FC,0x00260A00,0x4
0x00260A3C,0x00260A40,0x4
0x00260B1C,0x00260B20,0x4
0x00260D2C,0x00260D30,0x4
0x00260D6C,0x00260D70,0x4
0x00260F0C,0x00260F10,0x4
0x00261054,0x00261060,0xC
0x002610F4,0x00261100,0xC
0x00261198,0x002611A0,0x8
0x002615F8,0x00261600,0x8
0x002616C8,0x002616D0,0x8
0x0026178C,0x00261790,0x4
0x002617CC,0x002617D0,0x4
0x00261884,0x00261890,0xC
0x00261928,0x00261930,0x8
0x002619DC,0x002619E0,0x4
0x00261AEC,0x00261AF0,0x4
0x00261B88,0x00261B90,0x8
0x00261C24,0x00261C30,0xC
0x00261CD8,0x00261CE0,0x8
0x00261D94,0x00261DA0,0xC
0x00261F9C,0x00261FA0,0x4
0x00261FA8,0x00261FB0,0x8
0x00262008,0x00262010,0x8
0x00262068,0x00262070,0x8
0x002620D8,0x002620E0,0x8
0x002621E8,0x002621F0,0x8
0x0026231C,0x00262320,0x4
0x002623D4,0x002623E0,0xC
0x00262548,0x00262550,0x8
0x002625F8,0x00262600,0x8
0x002626B4,0x002626C0,0xC
0x00262768,0x00262770,0x8
0x0026290C,0x00262910,0x4
0x002629B8,0x002629C0,0x8
0x00262A18,0x00262A20,0x8
0x00262A8C,0x00262A90,0x4
0x00262AE8,0x00262AF0,0x8
0x00262C18,0x00262C20,0x8
0x00262CAC,0x00262CB0,0x4
0x00262CD8,0x00262CE0,0x8
0x00262D64,0x00262D70,0xC
0x00262F04,0x00262F10,0xC
0x0026300C,0x00263010,0x4
0x00263144,0x00263150,0xC
0x0026324C,0x00263250,0x4
0x002632EC,0x002632F0,0x4
0x002635BC,0x002635C0,0x4
0x0026360C,0x00263610,0x4
0x002636D4,0x002636E0,0xC
0x00263844,0x00263850,0xC
0x0026396C,0x00263970,0x4
0x00263B18,0x00263B20,0x8
0x00263B8C,0x00263B90,0x4
0x00263BC4,0x00263BD0,0xC
0x00263D6C,0x00263D70,0x4
0x00263DAC,0x00263DB0,0x4
0x00263EE4,0x00263EF0,0xC
0x00264084,0x00264090,0xC
0x0026410C,0x00264110,0x4
0x002641CC,0x002641D0,0x4
0x002642B4,0x002642C0,0xC
0x002642FC,0x00264300,0x4
0x0026443C,0x00264440,0x4
0x002644DC,0x002644E0,0x4
0x002645C4,0x002645D0,0xC
0x0026470C,0x00264710,0x4
0x00264818,0x00264820,0x8
0x002648C4,0x002648D0,0xC
0x00264A18,0x00264A20,0x8
0x00264A28,0x00264A30,0x8
0x00264A38,0x00264A40,0x8
0x00264A84,0x00264A90,0xC
0x00264AD4,0x00264AE0,0xC
0x00264B24,0x00264B30,0xC
0x00264B74,0x00264B80,0xC
0x00264D24,0x00264D30,0xC
0x00264E34,0x00264E40,0xC
0x00264FB8,0x00264FC0,0x8
0x002650CC,0x002650D0,0x4
0x00265198,0x002651A0,0x8
0x00265358,0x00265360,0x8
0x00265628,0x00265630,0x8
0x002656FC,0x00265700,0x4
0x00265754,0x00265760,0xC
0x002657D4,0x002657E0,0xC
0x002658FC,0x00265900,0x4
0x00265AA8,0x00265AB0,0x8
0x00265B24,0x00265B30,0xC
0x00265BD4,0x00265BE0,0xC
0x00265CB4,0x00265CC0,0xC
0x00265CFC,0x00265D00,0x4
0x00265D7C,0x00265D80,0x4
0x00265E3C,0x00265E40,0x4
0x00265F7C,0x00265F80,0x4
0x00265FF8,0x00266000,0x8
0x002660CC,0x002660D0,0x4
0x00266184,0x00266190,0xC
0x002663D4,0x002663E0,0xC
0x00266508,0x00266510,0x8
0x002665C8,0x002665D0,0x8
0x00266678,0x00266680,0x8
0x00266724,0x00266730,0xC
0x00266874,0x00266880,0xC
0x002669F8,0x00266A00,0x8
0x00266B58,0x00266B60,0x8
0x00266C98,0x00266CA0,0x8
0x00266F1C,0x00266F20,0x4
0x00266F74,0x00266F80,0xC
0x00267044,0x00267050,0xC
0x00267094,0x002670A0,0xC
0x002673CC,0x002673D0,0x4
0x00267564,0x00267570,0xC
0x002675FC,0x00267600,0x4
0x0026768C,0x00267690,0x4
0x002676EC,0x002676F0,0x4
0x0026774C,0x00267750,0x4
0x002677B8,0x002677C0,0x8
0x0026783C,0x00267840,0x4
0x0026787C,0x00267880,0x4
0x0026797C,0x00267980,0x4
0x00267AB8,0x00267AC0,0x8
0x00267AFC,0x00267B00,0x4
0x00267C8C,0x00267C90,0x4
0x00267E38,0x00267E40,0x8
0x00267EF4,0x00267F00,0xC
0x00268018,0x00268020,0x8
0x00268278,0x00268280,0x8
0x00268478,0x00268480,0x8
0x00268598,0x002685A0,0x8
0x00268704,0x00268710,0xC
0x002687AC,0x002687B0,0x4
0x00268894,0x002688A0,0xC
0x00268A58,0x00268A60,0x8
0x00268CDC,0x00268CE0,0x4
0x00268D44,0x00268D50,0xC
0x00268DC4,0x00268DD0,0xC
0x00268E8C,0x00268E90,0x4
0x00268FD4,0x00268FE0,0xC
0x00269028,0x00269030,0x8
0x002690F4,0x00269100,0xC
0x0026926C,0x00269270,0x4
0x002692E8,0x002692F0,0x8
0x00269384,0x00269390,0xC
0x00269414,0x00269420,0xC
0x002694DC,0x002694E0,0x4
0x00269524,0x00269530,0xC
0x0026974C,0x00269750,0x4
0x00269958,0x00269960,0x8
0x00269B3C,0x00269B40,0x4
0x00269B7C,0x00269B80,0x4
0x00269CC8,0x00269CD0,0x8
0x00269D04,0x00269D10,0xC
0x00269D28,0x00269D30,0x8
0x00269EA8,0x00269EB0,0x8
0x00269FC8,0x00269FD0,0x8
0x0026A0F4,0x0026A100,0xC
0x0026A2DC,0x0026A2E0,0x4
0x0026A3C8,0x0026A3D0,0x8
0x0026A40C,0x0026A410,0x4
0x0026A484,0x0026A490,0xC
0x0026A5A4,0x0026A5B0,0xC
0x0026A6A4,0x0026A6B0,0xC
0x0026A7B4,0x0026A7C0,0xC
0x0026A844,0x0026A850,0xC
0x0026A958,0x0026A960,0x8
0x0026A9A8,0x0026A9B0,0x8
0x0026AAD8,0x0026AAE0,0x8
0x0026AB1C,0x0026AB20,0x4
0x0026ABF4,0x0026AC00,0xC
0x0026AC3C,0x0026AC40,0x4
0x0026AC4C,0x0026AC50,0x4
0x0026AC58,0x0026AC60,0x8
0x0026ACB8,0x0026ACC0,0x8
0x0026AD18,0x0026AD20,0x8
0x0026AD88,0x0026AD90,0x8
0x0026ADF4,0x0026AE00,0xC
0x0026AED8,0x0026AEE0,0x8
0x0026AF78,0x0026AF80,0x8
0x0026AFDC,0x0026AFE0,0x4
0x0026B0C8,0x0026B0D0,0x8
0x0026B1BC,0x0026B1C0,0x4
0x0026B24C,0x0026B250,0x4
0x0026B34C,0x0026B350,0x4
0x0026B3EC,0x0026B3F0,0x4
0x0026B46C,0x0026B470,0x4
0x0026B4EC,0x0026B4F0,0x4
0x0026B648,0x0026B650,0x8
0x0026B6BC,0x0026B6C0,0x4
0x0026B728,0x0026B730,0x8
0x0026B7B4,0x0026B7C0,0xC
0x0026B8AC,0x0026B8B0,0x4
0x0026B9A8,0x0026B9B0,0x8
0x0026BAA8,0x0026BAB0,0x8
0x0026BBA8,0x0026BBB0,0x8
0x0026BC4C,0x0026BC50,0x4
0x0026BDA8,0x0026BDB0,0x8
0x0026BEFC,0x0026BF00,0x4
0x0026BF4C,0x0026BF50,0x4
0x0026C014,0x0026C020,0xC
0x0026C184,0x0026C190,0xC
0x0026C1CC,0x0026C1D0,0x4
0x0026C20C,0x0026C210,0x4
0x0026C244,0x0026C250,0xC
0x0026C2FC,0x0026C300,0x4
0x0026C688,0x0026C690,0x8
0x0026C714,0x0026C720,0xC
0x0026C7FC,0x0026C800,0x4
0x0026C8DC,0x0026C8E0,0x4
0x0026C92C,0x0026C930,0x4
0x0026C994,0x0026C9A0,0xC
0x0026CA9C,0x0026CAA0,0x4
0x0026CAAC,0x0026CAB0,0x4
0x0026CB0C,0x0026CB10,0x4
0x0026CB18,0x0026CB20,0x8
0x0026CBF8,0x0026CC00,0x8
0x0026CC98,0x0026CCA0,0x8
0x0026CCFC,0x0026CD00,0x4
0x0026CE54,0x0026CE60,0xC
0x0026CE9C,0x0026CEA0,0x4
0x0026CF8C,0x0026CF90,0x4
0x0026D0C4,0x0026D0D0,0xC
0x0026D258,0x0026D260,0x8
0x0026D2C4,0x0026D2D0,0xC
0x0026D314,0x0026D320,0xC
0x0026D584,0x0026D590,0xC
0x0026D7D4,0x0026D7E0,0xC
0x0026D864,0x0026D870,0xC
0x0026D938,0x0026D940,0x8
0x0026DA4C,0x0026DA50,0x4
0x0026DB0C,0x0026DB10,0x4
0x0026DB64,0x0026DB70,0xC
0x0026DD34,0x0026DD40,0xC
0x0026DE3C,0x0026DE40,0x4
0x0026DE7C,0x0026DE80,0x4
0x0026DF4C,0x0026DF50,0x4
0x0026DFD4,0x0026DFE0,0xC
0x0026E298,0x0026E2A0,0x8
0x0026E43C,0x0026E440,0x4
0x0026E4D8,0x0026E4E0,0x8
0x0026E5BC,0x0026E5C0,0x4
0x0026E60C,0x0026E610,0x4
0x0026E6BC,0x0026E6C0,0x4
0x0026E784,0x0026E790,0xC
0x0026E804,0x0026E810,0xC
0x0026E8A8,0x0026E8B0,0x8
0x0026E944,0x0026E950,0xC
0x0026E9FC,0x0026EA00,0x4
0x0026EA68,0x0026EA70,0x8
0x0026EC6C,0x0026EC70,0x4
0x0026EC78,0x0026EC80,0x8
0x0026ECAC,0x0026ECB0,0x4
0x0026ECB8,0x0026ECC0,0x8
0x0026ECDC,0x0026ECE0,0x4
0x0026ECFC,0x0026ED00,0x4
0x0026ED54,0x0026ED60,0xC
0x0026EDB4,0x0026EDC0,0xC
0x0026EEA8,0x0026EEB0,0x8
0x0026EF9C,0x0026EFA0,0x4
0x0026F068,0x0026F070,0x8
0x0026F0DC,0x0026F0E0,0x4
0x0026F14C,0x0026F150,0x4
0x0026F218,0x0026F220,0x8
0x0026F2A4,0x0026F2B0,0xC
0x0026F38C,0x0026F390,0x4
0x0026F3FC,0x0026F400,0x4
0x0026F458,0x0026F460,0x8
0x0026F518,0x0026F520,0x8
0x0026F588,0x0026F590,0x8
0x0026F5B8,0x0026F5C0,0x8
0x0026F644,0x0026F650,0xC
0x0026F84C,0x0026F850,0x4
0x0026F94C,0x0026F950,0x4
0x0026FA4C,0x0026FA50,0x4
0x0026FAEC,0x0026FAF0,0x4
0x0026FC3C,0x0026FC40,0x4
0x0026FD8C,0x0026FD90,0x4
0x0026FDDC,0x0026FDE0,0x4
0x0026FEA4,0x0026FEB0,0xC
0x0026FF0C,0x0026FF10,0x4
0x0026FFAC,0x0026FFB0,0x4
0x0026FFEC,0x0026FFF0,0x4
0x0027002C,0x00270030,0x4
0x0027006C,0x00270070,0x4
0x002700AC,0x002700B0,0x4
0x002700E4,0x002700F0,0xC
0x0027019C,0x002701A0,0x4
0x002701DC,0x002701E0,0x4
0x00270308,0x00270310,0x8
0x002703B4,0x002703C0,0xC
0x0027047C,0x00270480,0x4
0x002704FC,0x00270500,0x4
0x002706A4,0x002706B0,0xC
0x002706EC,0x002706F0,0x4
0x0027075C,0x00270760,0x4
0x0027087C,0x00270880,0x4
0x002708E4,0x002708F0,0xC
0x002709F4,0x00270A00,0xC
0x00270A48,0x00270A50,0x8
0x00270A94,0x00270AA0,0xC
0x00270AE4,0x00270AF0,0xC
0x00270B5C,0x00270B60,0x4
0x00270BC4,0x00270BD0,0xC
0x00270DB4,0x00270DC0,0xC
0x00270F54,0x00270F60,0xC
0x002710D4,0x002710E0,0xC
0x00271154,0x00271160,0xC
0x0027127C,0x00271280,0x4
0x0027140C,0x00271410,0x4
0x002716A4,0x002716B0,0xC
0x002716FC,0x00271700,0x4
0x00271818,0x00271820,0x8
0x0027192C,0x00271930,0x4
0x00271B2C,0x00271B30,0x4
0x00271BD4,0x00271BE0,0xC
0x00271C2C,0x00271C30,0x4
0x00271DD4,0x00271DE0,0xC
0x00271E9C,0x00271EA0,0x4
0x00271FA4,0x00271FB0,0xC
0x0027204C,0x00272050,0x4
0x0027218C,0x00272190,0x4
0x00272384,0x00272390,0xC
0x00272434,0x00272440,0xC
0x0027248C,0x00272490,0x4
0x0027257C,0x00272580,0x4
0x00272664,0x00272670,0xC
0x00272718,0x00272720,0x8
0x0027280C,0x00272810,0x4
0x002728A8,0x002728B0,0x8
0x00272988,0x00272990,0x8
0x00272A28,0x00272A30,0x8
0x00272A8C,0x00272A90,0x4
0x00272ACC,0x00272AD0,0x4
0x00272ADC,0x00272AE0,0x4
0x00272B78,0x00272B80,0x8
0x00272C14,0x00272C20,0xC
0x00272D08,0x00272D10,0x8
0x00272DC4,0x00272DD0,0xC
0x00272E34,0x00272E40,0xC
0x00272F48,0x00272F50,0x8
0x00272FC4,0x00272FD0,0xC
0x002730A8,0x002730B0,0x8
0x00273134,0x00273140,0xC
0x002733D8,0x002733E0,0x8
0x0027342C,0x00273430,0x4
0x00273488,0x00273490,0x8
0x002734E8,0x002734F0,0x8
0x00273558,0x00273560,0x8
0x002735C8,0x002735D0,0x8
0x00273678,0x00273680,0x8
0x0027377C,0x00273780,0x4
0x00273834,0x00273840,0xC
0x00273914,0x00273920,0xC
0x0027398C,0x00273990,0x4
0x00273A1C,0x00273A20,0x4
0x00273A8C,0x00273A90,0x4
0x00273BA4,0x00273BB0,0xC
0x00273C14,0x00273C20,0xC
0x00273C6C,0x00273C70,0x4
0x00273D6C,0x00273D70,0x4
0x00273DDC,0x00273DE0,0x4
0x00273E1C,0x00273E20,0x4
0x00273E48,0x00273E50,0x8
0x00273ED4,0x00273EE0,0xC
0x00273F94,0x00273FA0,0xC
0x0027405C,0x00274060,0x4
0x00274144,0x00274150,0xC
0x0027420C,0x00274210,0x4
0x002742AC,0x002742B0,0x4
0x002743E4,0x002743F0,0xC
0x00274524,0x00274530,0xC
0x0027457C,0x00274580,0x4
0x00274644,0x00274650,0xC
0x00274728,0x00274730,0x8
0x00274908,0x00274910,0x8
0x002749B4,0x002749C0,0xC
0x00274B88,0x00274B90,0x8
0x00274BFC,0x00274C00,0x4
0x00274C34,0x00274C40,0xC
0x00274D5C,0x00274D60,0x4
0x00274D9C,0x00274DA0,0x4
0x00274ECC,0x00274ED0,0x4
0x00274FA4,0x00274FB0,0xC
0x0027505C,0x00275060,0x4
0x0027519C,0x002751A0,0x4
0x0027532C,0x00275330,0x4
0x00275398,0x002753A0,0x8
0x0027542C,0x00275430,0x4
0x00275694,0x002756A0,0xC
0x002757EC,0x002757F0,0x4
0x002758B4,0x002758C0,0xC
0x00275948,0x00275950,0x8
0x00275A14,0x00275A20,0xC
0x00275A7C,0x00275A80,0x4
0x00275ACC,0x00275AD0,0x4
0x00275B14,0x00275B20,0xC
0x00275C18,0x00275C20,0x8
0x00275D4C,0x00275D50,0x4
0x00275E24,0x00275E30,0xC
0x002760A4,0x002760B0,0xC
0x002760EC,0x002760F0,0x4
0x00276194,0x002761A0,0xC
0x00276228,0x00276230,0x8
0x00276248,0x00276250,0x8
0x002765CC,0x002765D0,0x4
0x002766AC,0x002766B0,0x4
0x00276748,0x00276750,0x8
0x0027687C,0x00276880,0x4
0x002768C4,0x002768D0,0xC
0x00276CF8,0x00276D00,0x8
0x00276ED4,0x00276EE0,0xC
0x002770FC,0x00277100,0x4
0x0027738C,0x00277390,0x4
0x002774BC,0x002774C0,0x4
0x002775B8,0x002775C0,0x8
0x00277648,0x00277650,0x8
0x00277748,0x00277750,0x8
0x0027778C,0x00277790,0x4
0x002777B4,0x002777C0,0xC
0x00277878,0x00277880,0x8
0x002778F8,0x00277900,0x8
0x00277998,0x002779A0,0x8
0x00277A34,0x00277A40,0xC
0x00277B3C,0x00277B40,0x4
0x00277BD8,0x00277BE0,0x8
0x00277F24,0x00277F30,0xC
0x00277F84,0x00277F90,0xC
0x00277FF4,0x00278000,0xC
0x00278068,0x00278070,0x8
0x002780AC,0x002780B0,0x4
0x0027815C,0x00278160,0x4
0x00278204,0x00278210,0xC
0x0027824C,0x00278250,0x4
0x002782F8,0x00278300,0x8
0x002783CC,0x002783D0,0x4
0x00278434,0x00278440,0xC
0x002784A8,0x002784B0,0x8
0x00278514,0x00278520,0xC
0x0027858C,0x00278590,0x4
0x002785F4,0x00278600,0xC
0x0027866C,0x00278670,0x4
0x00278678,0x00278680,0x8
0x00278708,0x00278710,0x8
0x0027884C,0x00278850,0x4
0x00278B34,0x00278B40,0xC
0x00278B98,0x00278BA0,0x8
0x00278C2C,0x00278C30,0x4
0x00278C64,0x00278C70,0xC
0x00278CF4,0x00278D00,0xC
0x00278D28,0x00278D30,0x8
0x00278D38,0x00278D40,0x8
0x00278EFC,0x00278F00,0x4
0x00278F4C,0x00278F50,0x4
0x00278F94,0x00278FA0,0xC
0x00278FDC,0x00278FE0,0x4
0x002790FC,0x00279100,0x4
0x00279168,0x00279170,0x8
0x002791D8,0x002791E0,0x8
0x00279224,0x00279230,0xC
0x00279268,0x00279270,0x8
0x0027936C,0x00279370,0x4
0x00279434,0x00279440,0xC
0x002794F4,0x00279500,0xC
0x002795DC,0x002795E0,0x4
0x0027964C,0x00279650,0x4
0x002797A8,0x002797B0,0x8
0x00279874,0x00279880,0xC
0x00279944,0x00279950,0xC
0x00279A14,0x00279A20,0xC
0x00279AE4,0x00279AF0,0xC
0x00279C08,0x00279C10,0x8
0x00279C74,0x00279C80,0xC
0x00279CEC,0x00279CF0,0x4
0x00279D74,0x00279D80,0xC
0x00279E24,0x00279E30,0xC
0x00279E74,0x00279E80,0xC
0x00279F24,0x00279F30,0xC
0x00279FC8,0x00279FD0,0x8
0x0027A098,0x0027A0A0,0x8
0x0027A42C,0x0027A430,0x4
0x0027A4FC,0x0027A500,0x4
0x0027A568,0x0027A570,0x8
0x0027A67C,0x0027A680,0x4
0x0027A808,0x0027A810,0x8
0x0027A8A4,0x0027A8B0,0xC
0x0027A988,0x0027A990,0x8
0x0027AA5C,0x0027AA60,0x4
0x0027AA68,0x0027AA70,0x8
0x0027AA78,0x0027AA80,0x8
0x0027AA88,0x0027AA90,0x8
0x0027AA9C,0x0027AAA0,0x4
0x0027AAF4,0x0027AB00,0xC
0x0027AB54,0x0027AB60,0xC
0x0027ABC4,0x0027ABD0,0xC
0x0027AC34,0x0027AC40,0xC
0x0027AC5C,0x0027AC60,0x4
0x0027AD08,0x0027AD10,0x8
0x0027ADBC,0x0027ADC0,0x4
0x0027AE8C,0x0027AE90,0x4
0x0027AEFC,0x0027AF00,0x4
0x0027AF6C,0x0027AF70,0x4
0x0027AF78,0x0027AF80,0x8
0x0027B19C,0x0027B1A0,0x4
0x0027B484,0x0027B490,0xC
0x0027B4E8,0x0027B4F0,0x8
0x0027B57C,0x0027B580,0x4
0x0027B5B4,0x0027B5C0,0xC
0x0027B644,0x0027B650,0xC
0x0027B678,0x0027B680,0x8
0x0027B688,0x0027B690,0x8
0x0027B70C,0x0027B710,0x4
0x0027B7B4,0x0027B7C0,0xC
0x0027B86C,0x0027B870,0x4
0x0027B8B4,0x0027B8C0,0xC
0x0027B94C,0x0027B950,0x4
0x0027B9E8,0x0027B9F0,0x8
0x0027BAB8,0x0027BAC0,0x8
0x0027BB1C,0x0027BB20,0x4
0x0027BB4C,0x0027BB50,0x4
0x0027BC04,0x0027BC10,0xC
0x0027BC48,0x0027BC50,0x8
0x0027BD4C,0x0027BD50,0x4
0x0027BF28,0x0027BF30,0x8
0x0027BFDC,0x0027BFE0,0x4
0x0027C038,0x0027C040,0x8
0x0027C094,0x0027C0A0,0xC
0x0027C0F8,0x0027C100,0x8
0x0027C154,0x0027C160,0xC
0x0027C1B4,0x0027C1C0,0xC
0x0027C2FC,0x0027C300,0x4
0x0027C3EC,0x0027C3F0,0x4
0x0027C4C8,0x0027C4D0,0x8
0x0027C564,0x0027C570,0xC
0x0027C624,0x0027C630,0xC
0x0027C874,0x0027C880,0xC
0x0027C8D8,0x0027C8E0,0x8
0x0027C984,0x0027C990,0xC
0x0027C9F4,0x0027CA00,0xC
0x0027CB54,0x0027CB60,0xC
0x0027CBCC,0x0027CBD0,0x4
0x0027CC0C,0x0027CC10,0x4
0x0027CCBC,0x0027CCC0,0x4
0x0027CD68,0x0027CD70,0x8
0x0027CE48,0x0027CE50,0x8
0x0027CF1C,0x0027CF20,0x4
0x0027CF28,0x0027CF30,0x8
0x0027CF38,0x0027CF40,0x8
0x0027CF48,0x0027CF50,0x8
0x0027CF58,0x0027CF60,0x8
0x0027CF68,0x0027CF70,0x8
0x0027CF78,0x0027CF80,0x8
0x0027CF88,0x0027CF90,0x8
0x0027CF98,0x0027CFA0,0x8
0x0027CFBC,0x0027CFC0,0x4
0x0027D068,0x0027D070,0x8
0x0027D15C,0x0027D160,0x4
0x0027D1D8,0x0027D1E0,0x8
0x0027D244,0x0027D250,0xC
0x0027D2B4,0x0027D2C0,0xC
0x0027D324,0x0027D330,0xC
0x0027D394,0x0027D3A0,0xC
0x0027D404,0x0027D410,0xC
0x0027D474,0x0027D480,0xC
0x0027D4E4,0x0027D4F0,0xC
0x0027D554,0x0027D560,0xC
0x0027D5C4,0x0027D5D0,0xC
0x0027D634,0x0027D640,0xC
0x0027D6A4,0x0027D6B0,0xC
0x0027D73C,0x0027D740,0x4
0x0027D88C,0x0027D890,0x4
0x0027D898,0x0027D8A0,0x8
0x0027D8A8,0x0027D8B0,0x8
0x0027D948,0x0027D950,0x8
0x0027DA14,0x0027DA20,0xC
0x0027DA9C,0x0027DAA0,0x4
0x0027DAA8,0x0027DAB0,0x8
0x0027DB6C,0x0027DB70,0x4
0x0027DD24,0x0027DD30,0xC
0x0027DFE8,0x0027DFF0,0x8
0x0027E084,0x0027E090,0xC
0x0027E2AC,0x0027E2B0,0x4
0x0027E308,0x0027E310,0x8
0x0027E34C,0x0027E350,0x4
0x0027E5C4,0x0027E5D0,0xC
0x0027E8A4,0x0027E8B0,0xC
0x0027EBF8,0x0027EC00,0x8
0x0027EC3C,0x0027EC40,0x4
0x0027ED38,0x0027ED40,0x8
0x0027ED9C,0x0027EDA0,0x4
0x0027EDDC,0x0027EDE0,0x4
0x0027EEF4,0x0027EF00,0xC
0x0027F088,0x0027F090,0x8
0x0027F264,0x0027F270,0xC
0x0027F324,0x0027F330,0xC
0x0027F39C,0x0027F3A0,0x4
0x0027F554,0x0027F560,0xC
0x0027F6D4,0x0027F6E0,0xC
0x0027F6EC,0x0027F6F0,0x4
0x0027F75C,0x0027F760,0x4
0x0027F804,0x0027F810,0xC
0x0027F9B4,0x0027F9C0,0xC
0x0027FA14,0x0027FA20,0xC
0x0027FA5C,0x0027FA60,0x4
0x0027FA68,0x0027FA70,0x8
0x0027FA78,0x0027FA80,0x8
0x0027FA88,0x0027FA90,0x8
0x0027FBAC,0x0027FBB0,0x4
0x0027FE68,0x0027FE70,0x8
0x0027FEB8,0x0027FEC0,0x8
0x0027FF48,0x0027FF50,0x8
0x002802AC,0x002802B0,0x4
0x00280324,0x00280330,0xC
0x00280338,0x00280340,0x8
0x00280348,0x00280350,0x8
0x0028039C,0x002803A0,0x4
0x00280834,0x00280840,0xC
0x002808E4,0x002808F0,0xC
0x002809C4,0x002809D0,0xC
0x00280A28,0x00280A30,0x8
0x00280AD4,0x00280AE0,0xC
0x00280D08,0x00280D10,0x8
0x00280D78,0x00280D80,0x8
0x00280E6C,0x00280E70,0x4
0x00280EBC,0x00280EC0,0x4
0x00280F74,0x00280F80,0xC
0x00281034,0x00281040,0xC
0x002810C4,0x002810D0,0xC
0x0028115C,0x00281160,0x4
0x00281208,0x00281210,0x8
0x0028131C,0x00281320,0x4
0x002813A8,0x002813B0,0x8
0x0028141C,0x00281420,0x4
0x0028148C,0x00281490,0x4
0x00281514,0x00281520,0xC
0x002815A4,0x002815B0,0xC
0x00281634,0x00281640,0xC
0x0028176C,0x00281770,0x4
0x002817C8,0x002817D0,0x8
0x00281828,0x00281830,0x8
0x00281958,0x00281960,0x8
0x00281988,0x00281990,0x8
0x00281A14,0x00281A20,0xC
0x00281B78,0x00281B80,0x8
0x00281C7C,0x00281C80,0x4
0x00281DC8,0x00281DD0,0x8
0x00281F3C,0x00281F40,0x4
0x00281FDC,0x00281FE0,0x4
0x00282124,0x00282130,0xC
0x002822C8,0x002822D0,0x8
0x0028231C,0x00282320,0x4
0x002823E4,0x002823F0,0xC
0x002824E4,0x002824F0,0xC
0x0028253C,0x00282540,0x4
0x00282558,0x00282560,0x8
0x0028259C,0x002825A0,0x4
0x0028260C,0x00282610,0x4
0x0028267C,0x00282680,0x4
0x00282784,0x00282790,0xC
0x0028283C,0x00282840,0x4
0x0028287C,0x00282880,0x4
0x002828B4,0x002828C0,0xC
0x0028296C,0x00282970,0x4
0x00282A5C,0x00282A60,0x4
0x00282B64,0x00282B70,0xC
0x00282C18,0x00282C20,0x8
0x00282E04,0x00282E10,0xC
0x00282E9C,0x00282EA0,0x4
0x00282FAC,0x00282FB0,0x4
0x0028312C,0x00283130,0x4
0x0028320C,0x00283210,0x4
0x002832DC,0x002832E0,0x4
0x002832E8,0x002832F0,0x8
0x00283334,0x00283340,0xC
0x00283384,0x00283390,0xC
0x00283474,0x00283480,0xC
0x002834EC,0x002834F0,0x4
0x002836C8,0x002836D0,0x8
0x0028374C,0x00283750,0x4
0x0028377C,0x00283780,0x4
0x002837C4,0x002837D0,0xC
0x00283948,0x00283950,0x8
0x00283AB8,0x00283AC0,0x8
0x00283BF4,0x00283C00,0xC
0x00283C3C,0x00283C40,0x4
0x00283D38,0x00283D40,0x8
0x00283DE4,0x00283DF0,0xC
0x00283EAC,0x00283EB0,0x4
0x00283F6C,0x00283F70,0x4
0x00283FAC,0x00283FB0,0x4
0x002841A8,0x002841B0,0x8
0x0028431C,0x00284320,0x4
0x0028444C,0x00284450,0x4
0x00284644,0x00284650,0xC
0x00284874,0x00284880,0xC
0x002848C4,0x002848D0,0xC
0x0028494C,0x00284950,0x4
0x002849D8,0x002849E0,0x8
0x00284B34,0x00284B40,0xC
0x00284D58,0x00284D60,0x8
0x00284DEC,0x00284DF0,0x4
0x00284E64,0x00284E70,0xC
0x00284F34,0x00284F40,0xC
0x00285018,0x00285020,0x8
0x00285184,0x00285190,0xC
0x00285554,0x00285560,0xC
0x0028559C,0x002855A0,0x4
0x00285664,0x00285670,0xC
0x00285728,0x00285730,0x8
0x00285788,0x00285790,0x8
0x002857EC,0x002857F0,0x4
0x0028582C,0x00285830,0x4
0x002858DC,0x002858E0,0x4
0x002859B8,0x002859C0,0x8
0x00285A58,0x00285A60,0x8
0x00285AB4,0x00285AC0,0xC
0x00285B58,0x00285B60,0x8
0x00285BF4,0x00285C00,0xC
0x00285C64,0x00285C70,0xC
0x00285D14,0x00285D20,0xC
0x00285EC4,0x00285ED0,0xC
0x00285FE8,0x00285FF0,0x8
0x00286024,0x00286030,0xC
0x00286088,0x00286090,0x8
0x002860E8,0x002860F0,0x8
0x00286158,0x00286160,0x8
0x002861C8,0x002861D0,0x8
0x00286278,0x00286280,0x8
0x0028639C,0x002863A0,0x4
0x00286438,0x00286440,0x8
0x002864EC,0x002864F0,0x4
0x002865A8,0x002865B0,0x8
0x0028662C,0x00286630,0x4
0x002866E8,0x002866F0,0x8
0x00286834,0x00286840,0xC
0x002868DC,0x002868E0,0x4
0x0028697C,0x00286980,0x4
0x00286A1C,0x00286A20,0x4
0x00286A8C,0x00286A90,0x4
0x00286B48,0x00286B50,0x8
0x00286CFC,0x00286D00,0x4
0x00286D28,0x00286D30,0x8
0x00286DB4,0x00286DC0,0xC
0x00286EA4,0x00286EB0,0xC
0x0028721C,0x00287220,0x4
0x00287364,0x00287370,0xC
0x002874BC,0x002874C0,0x4
0x0028750C,0x00287510,0x4
0x002875D4,0x002875E0,0xC
0x0028777C,0x00287780,0x4
0x00287974,0x00287980,0xC
0x002879B4,0x002879C0,0xC
0x00287AAC,0x00287AB0,0x4
0x00287AEC,0x00287AF0,0x4
0x00287C08,0x00287C10,0x8
0x00287E1C,0x00287E20,0x4
0x0028801C,0x00288020,0x4
0x0028813C,0x00288140,0x4
0x002881AC,0x002881B0,0x4
0x002882AC,0x002882B0,0x4
0x002882E8,0x002882F0,0x8
0x00288394,0x002883A0,0xC
0x002883FC,0x00288400,0x4
0x00288498,0x002884A0,0x8
0x002884A8,0x002884B0,0x8
0x0028851C,0x00288520,0x4
0x002885A4,0x002885B0,0xC
0x00288628,0x00288630,0x8
0x00288674,0x00288680,0xC
0x002886C4,0x002886D0,0xC
0x002886DC,0x002886E0,0x4
0x0028876C,0x00288770,0x4
0x0028885C,0x00288860,0x4
0x00288868,0x00288870,0x8
0x00288944,0x00288950,0xC
0x0028899C,0x002889A0,0x4
0x002889EC,0x002889F0,0x4
0x00288A64,0x00288A70,0xC
0x00288A78,0x00288A80,0x8
0x00288B58,0x00288B60,0x8
0x00288BA8,0x00288BB0,0x8
0x00288BB8,0x00288BC0,0x8
0x00288CB8,0x00288CC0,0x8
0x00288D08,0x00288D10,0x8
0x00288D18,0x00288D20,0x8
0x00288DB8,0x00288DC0,0x8
0x00288DC8,0x00288DD0,0x8
0x00288E74,0x00288E80,0xC
0x00288EC8,0x00288ED0,0x8
0x00288ED8,0x00288EE0,0x8
0x002891E4,0x002891F0,0xC
0x002892C4,0x002892D0,0xC
0x00289384,0x00289390,0xC
0x00289488,0x00289490,0x8
0x00289508,0x00289510,0x8
0x00289564,0x00289570,0xC
0x002895D4,0x002895E0,0xC
0x002897FC,0x00289800,0x4
0x00289888,0x00289890,0x8
0x00289978,0x00289980,0x8
0x002899FC,0x00289A00,0x4
0x00289A7C,0x00289A80,0x4
0x00289ABC,0x00289AC0,0x4
0x00289C88,0x00289C90,0x8
0x00289CE4,0x00289CF0,0xC
0x00289D6C,0x00289D70,0x4
0x00289DEC,0x00289DF0,0x4
0x00289E2C,0x00289E30,0x4
0x00289E9C,0x00289EA0,0x4
0x00289F64,0x00289F70,0xC
0x00289FE4,0x00289FF0,0xC
0x0028A084,0x0028A090,0xC
0x0028A0CC,0x0028A0D0,0x4
0x0028A1CC,0x0028A1D0,0x4
0x0028A298,0x0028A2A0,0x8
0x0028A4E8,0x0028A4F0,0x8
0x0028A5F4,0x0028A600,0xC
0x0028A6AC,0x0028A6B0,0x4
0x0028A764,0x0028A770,0xC
0x0028A834,0x0028A840,0xC
0x0028A8BC,0x0028A8C0,0x4
0x0028A9BC,0x0028A9C0,0x4
0x0028AA48,0x0028AA50,0x8
0x0028AACC,0x0028AAD0,0x4
0x0028AB44,0x0028AB50,0xC
0x0028ABDC,0x0028ABE0,0x4
0x0028AC18,0x0028AC20,0x8
0x0028ACD4,0x0028ACE0,0xC
0x0028AD18,0x0028AD20,0x8
0x0028AD98,0x0028ADA0,0x8
0x0028ADF4,0x0028AE00,0xC
0x0028AE5C,0x0028AE60,0x4
0x0028AEAC,0x0028AEB0,0x4
0x0028AF9C,0x0028AFA0,0x4
0x0028B004,0x0028B010,0xC
0x0028B1DC,0x0028B1E0,0x4
0x0028B2AC,0x0028B2B0,0x4
0x0028B4C8,0x0028B4D0,0x8
0x0028B5EC,0x0028B5F0,0x4
0x0028B768,0x0028B770,0x8
0x0028B7BC,0x0028B7C0,0x4
0x0028B914,0x0028B920,0xC
0x0028BA4C,0x0028BA50,0x4
0x0028BAA8,0x0028BAB0,0x8
0x0028BB0C,0x0028BB10,0x4
0x0028BB58,0x0028BB60,0x8
0x0028BC64,0x0028BC70,0xC
0x0028BCB8,0x0028BCC0,0x8
0x0028BCFC,0x0028BD00,0x4
0x0028BDDC,0x0028BDE0,0x4
0x0028BE28,0x0028BE30,0x8
0x0028BE6C,0x0028BE70,0x4
0x0028BFB4,0x0028BFC0,0xC
0x0028C008,0x0028C010,0x8
0x0028C04C,0x0028C050,0x4
0x0028C12C,0x0028C130,0x4
0x0028C1BC,0x0028C1C0,0x4
0x0028C2B8,0x0028C2C0,0x8
0x0028C318,0x0028C320,0x8
0x0028C36C,0x0028C370,0x4
0x0028C4B4,0x0028C4C0,0xC
0x0028C5E4,0x0028C5F0,0xC
0x0028C614,0x0028C620,0xC
0x0028C684,0x0028C690,0xC
0x0028C6EC,0x0028C6F0,0x4
0x0028C804,0x0028C810,0xC
0x0028C8EC,0x0028C8F0,0x4
0x0028C9E4,0x0028C9F0,0xC
0x0028CA5C,0x0028CA60,0x4
0x0028CB64,0x0028CB70,0xC
0x0028CBD4,0x0028CBE0,0xC
0x0028CD28,0x0028CD30,0x8
0x0028CEB4,0x0028CEC0,0xC
0x0028CF0C,0x0028CF10,0x4
0x0028CF4C,0x0028CF50,0x4
0x0028D028,0x0028D030,0x8
0x0028D0C8,0x0028D0D0,0x8
0x0028D10C,0x0028D110,0x4
0x0028D1A8,0x0028D1B0,0x8
0x0028D244,0x0028D250,0xC
0x0028D2F4,0x0028D300,0xC
0x0028D3E8,0x0028D3F0,0x8
0x0028D604,0x0028D610,0xC
0x0028D654,0x0028D660,0xC
0x0028D66C,0x0028D670,0x4
0x0028D6C8,0x0028D6D0,0x8
0x0028D728,0x0028D730,0x8
0x0028D79C,0x0028D7A0,0x4
0x0028D80C,0x0028D810,0x4
0x0028D904,0x0028D910,0xC
0x0028D9A8,0x0028D9B0,0x8
0x0028D9EC,0x0028D9F0,0x4
0x0028DA98,0x0028DAA0,0x8
0x0028DB48,0x0028DB50,0x8
0x0028DC6C,0x0028DC70,0x4
0x0028DD14,0x0028DD20,0xC
0x0028DDF4,0x0028DE00,0xC
0x0028DEB8,0x0028DEC0,0x8
0x0028DF3C,0x0028DF40,0x4
0x0028DFBC,0x0028DFC0,0x4
0x0028E19C,0x0028E1A0,0x4
0x0028E23C,0x0028E240,0x4
0x0028E2DC,0x0028E2E0,0x4
0x0028E34C,0x0028E350,0x4
0x0028E408,0x0028E410,0x8
0x0028E5BC,0x0028E5C0,0x4
0x0028E5E8,0x0028E5F0,0x8
0x0028E674,0x0028E680,0xC
0x0028E86C,0x0028E870,0x4
0x0028EAEC,0x0028EAF0,0x4
0x0028EC3C,0x0028EC40,0x4
0x0028EDAC,0x0028EDB0,0x4
0x0028EDFC,0x0028EE00,0x4
0x0028EEC4,0x0028EED0,0xC
0x0028EFDC,0x0028EFE0,0x4
0x0028F04C,0x0028F050,0x4
0x0028F154,0x0028F160,0xC
0x0028F194,0x0028F1A0,0xC
0x0028F24C,0x0028F250,0x4
0x0028F28C,0x0028F290,0x4
0x0028F3A8,0x0028F3B0,0x8
0x0028F5AC,0x0028F5B0,0x4
0x0028F658,0x0028F660,0x8
0x0028F7BC,0x0028F7C0,0x4
0x0028F928,0x0028F930,0x8
0x0028F9B4,0x0028F9C0,0xC
0x0028FA5C,0x0028FA60,0x4
0x0028FAAC,0x0028FAB0,0x4
0x0028FB8C,0x0028FB90,0x4
0x0028FC84,0x0028FC90,0xC
0x0028FDDC,0x0028FDE0,0x4
0x0028FE2C,0x0028FE30,0x4
0x0028FE9C,0x0028FEA0,0x4
0x0028FEF8,0x0028FF00,0x8
0x0028FF5C,0x0028FF60,0x4
0x0028FFA4,0x0028FFB0,0xC
0x00290014,0x00290020,0xC
0x0029007C,0x00290080,0x4
0x002900EC,0x002900F0,0x4
0x002900F8,0x00290100,0x8
0x002901C8,0x002901D0,0x8
0x0029020C,0x00290210,0x4
0x0029021C,0x00290220,0x4
0x0029028C,0x00290290,0x4
0x002902E4,0x002902F0,0xC
0x0029036C,0x00290370,0x4
0x00290448,0x00290450,0x8
0x00290498,0x002904A0,0x8
0x002904F8,0x00290500,0x8
0x00290548,0x00290550,0x8
0x00290558,0x00290560,0x8
0x00290658,0x00290660,0x8
0x002906A8,0x002906B0,0x8
0x002906B8,0x002906C0,0x8
0x00290798,0x002907A0,0x8
0x002907E8,0x002907F0,0x8
0x002907F8,0x00290800,0x8
0x0029088C,0x00290890,0x4
0x00290898,0x002908A0,0x8
0x0029092C,0x00290930,0x4
0x00290938,0x00290940,0x8
0x00290A44,0x00290A50,0xC
0x00290B88,0x00290B90,0x8
0x00290C44,0x00290C50,0xC
0x00290D48,0x00290D50,0x8
0x00290DC8,0x00290DD0,0x8
0x00290E24,0x00290E30,0xC
0x00290E94,0x00290EA0,0xC
0x0029101C,0x00291020,0x4
0x0029105C,0x00291060,0x4
0x0029114C,0x00291150,0x4
0x002911AC,0x002911B0,0x4
0x002911FC,0x00291200,0x4
0x002912C4,0x002912D0,0xC
0x00291344,0x00291350,0xC
0x002913E4,0x002913F0,0xC
0x0029142C,0x00291430,0x4
0x00291538,0x00291540,0x8
0x00291608,0x00291610,0x8
0x00291858,0x00291860,0x8
0x00291964,0x00291970,0xC
0x00291A1C,0x00291A20,0x4
0x00291AD4,0x00291AE0,0xC
0x00291BA4,0x00291BB0,0xC
0x00291C2C,0x00291C30,0x4
0x00291D2C,0x00291D30,0x4
0x00291DB8,0x00291DC0,0x8
0x00291E3C,0x00291E40,0x4
0x00291EB4,0x00291EC0,0xC
0x00291F4C,0x00291F50,0x4
0x00291F88,0x00291F90,0x8
0x00292044,0x00292050,0xC
0x00292088,0x00292090,0x8
0x00292108,0x00292110,0x8
0x00292164,0x00292170,0xC
0x002921CC,0x002921D0,0x4
0x0029221C,0x00292220,0x4
0x0029230C,0x00292310,0x4
0x00292374,0x00292380,0xC
0x0029254C,0x00292550,0x4
0x0029261C,0x00292620,0x4
0x00292838,0x00292840,0x8
0x0029295C,0x00292960,0x4
0x00292AD8,0x00292AE0,0x8
0x00292B2C,0x00292B30,0x4
0x00292C84,0x00292C90,0xC
0x00292DBC,0x00292DC0,0x4
0x00292E18,0x00292E20,0x8
0x00292E7C,0x00292E80,0x4
0x00292EC8,0x00292ED0,0x8
0x00292FD4,0x00292FE0,0xC
0x00293028,0x00293030,0x8
0x0029306C,0x00293070,0x4
0x0029314C,0x00293150,0x4
0x00293198,0x002931A0,0x8
0x002931DC,0x002931E0,0x4
0x00293324,0x00293330,0xC
0x00293378,0x00293380,0x8
0x002933BC,0x002933C0,0x4
0x0029349C,0x002934A0,0x4
0x0029352C,0x00293530,0x4
0x00293628,0x00293630,0x8
0x00293688,0x00293690,0x8
0x002936DC,0x002936E0,0x4
0x00293954,0x00293960,0xC
0x00293984,0x00293990,0xC
0x002939E8,0x002939F0,0x8
0x00293A54,0x00293A60,0xC
0x00293B74,0x00293B80,0xC
0x00293C5C,0x00293C60,0x4
0x00293D3C,0x00293D40,0x4
0x00293DAC,0x00293DB0,0x4
0x00293EB4,0x00293EC0,0xC
0x00293F24,0x00293F30,0xC
0x00294078,0x00294080,0x8
0x00294204,0x00294210,0xC
0x0029425C,0x00294260,0x4
0x0029429C,0x002942A0,0x4
0x00294378,0x00294380,0x8
0x00294418,0x00294420,0x8
0x0029445C,0x00294460,0x4
0x002944F8,0x00294500,0x8
0x00294594,0x002945A0,0xC
0x00294644,0x00294650,0xC
0x00294764,0x00294770,0xC
0x0029486C,0x00294870,0x4
0x00294914,0x00294920,0xC
0x00294964,0x00294970,0xC
0x0029497C,0x00294980,0x4
0x002949D8,0x002949E0,0x8
0x00294A38,0x00294A40,0x8
0x00294AAC,0x00294AB0,0x4
0x00294B1C,0x00294B20,0x4
0x00294C14,0x00294C20,0xC
0x00294CB8,0x00294CC0,0x8
0x00294CFC,0x00294D00,0x4
0x00294DA8,0x00294DB0,0x8
0x00294E58,0x00294E60,0x8
0x00294FCC,0x00294FD0,0x4
0x00295058,0x00295060,0x8
0x002950CC,0x002950D0,0x4
0x0029513C,0x00295140,0x4
0x002951AC,0x002951B0,0x4
0x00295298,0x002952A0,0x8
0x00295338,0x00295340,0x8
0x00295414,0x00295420,0xC
0x002954F4,0x00295500,0xC
0x00295614,0x00295620,0xC
0x0029569C,0x002956A0,0x4
0x0029571C,0x00295720,0x4
0x002957C4,0x002957D0,0xC
0x002958BC,0x002958C0,0x4
0x00295918,0x00295920,0x8
0x0029599C,0x002959A0,0x4
0x002959A8,0x002959B0,0x8
0x00295A54,0x00295A60,0xC
0x00295B88,0x00295B90,0x8
0x00295C8C,0x00295C90,0x4
0x00295ECC,0x00295ED0,0x4
0x00295F0C,0x00295F10,0x4
0x0029605C,0x00296060,0x4
0x002962BC,0x002962C0,0x4
0x00296384,0x00296390,0xC
0x002964B8,0x002964C0,0x8
0x002964FC,0x00296500,0x4
0x00296744,0x00296750,0xC
0x0029678C,0x00296790,0x4
0x002967C4,0x002967D0,0xC
0x0029687C,0x00296880,0x4
0x002968BC,0x002968C0,0x4
0x002969E8,0x002969F0,0x8
0x00296A34,0x00296A40,0xC
0x00296ACC,0x00296AD0,0x4
0x00296BCC,0x00296BD0,0x4
0x00296C14,0x00296C20,0xC
0x00296C88,0x00296C90,0x8
0x00296CD8,0x00296CE0,0x8
0x00296D7C,0x00296D80,0x4
0x00296DBC,0x00296DC0,0x4
0x00296E58,0x00296E60,0x8
0x00296E98,0x00296EA0,0x8
0x00296FF8,0x00297000,0x8
0x002970B8,0x002970C0,0x8
0x0029711C,0x00297120,0x4
0x002971A4,0x002971B0,0xC
0x00297274,0x00297280,0xC
0x00297414,0x00297420,0xC
0x00297484,0x00297490,0xC
0x00297504,0x00297510,0xC
0x00297588,0x00297590,0x8
0x002975CC,0x002975D0,0x4
0x00297738,0x00297740,0x8
0x002978A8,0x002978B0,0x8
0x0029799C,0x002979A0,0x4
0x00297D08,0x00297D10,0x8
0x00297D4C,0x00297D50,0x4
0x00297DB4,0x00297DC0,0xC
0x00297EBC,0x00297EC0,0x4
0x00297F14,0x00297F20,0xC
0x00297F6C,0x00297F70,0x4
0x002981B4,0x002981C0,0xC
0x00298364,0x00298370,0xC
0x002983CC,0x002983D0,0x4
0x00298548,0x00298550,0x8
0x00298634,0x00298640,0xC
0x0029867C,0x00298680,0x4
0x00298784,0x00298790,0xC
0x00298828,0x00298830,0x8
0x0029894C,0x00298950,0x4
0x00298A28,0x00298A30,0x8
0x00298AD4,0x00298AE0,0xC
0x00298B08,0x00298B10,0x8
0x00298C64,0x00298C70,0xC
0x00298CFC,0x00298D00,0x4
0x00298F54,0x00298F60,0xC
0x00298FBC,0x00298FC0,0x4
0x0029900C,0x00299010,0x4
0x00299058,0x00299060,0x8
0x00299128,0x00299130,0x8
0x002993F8,0x00299400,0x8
0x00299478,0x00299480,0x8
0x002995BC,0x002995C0,0x4
0x00299774,0x00299780,0xC
0x002997A8,0x002997B0,0x8
0x00299828,0x00299830,0x8
0x002998EC,0x002998F0,0x4
0x0029992C,0x00299930,0x4
0x00299AEC,0x00299AF0,0x4
0x00299B4C,0x00299B50,0x4
0x00299BCC,0x00299BD0,0x4
0x00299C94,0x00299CA0,0xC
0x00299D58,0x00299D60,0x8
0x00299DAC,0x00299DB0,0x4
0x0029A13C,0x0029A140,0x4
0x0029A1EC,0x0029A1F0,0x4
0x0029A23C,0x0029A240,0x4
0x0029A308,0x0029A310,0x8
0x0029A3A4,0x0029A3B0,0xC
0x0029A498,0x0029A4A0,0x8
0x0029A558,0x0029A560,0x8
0x0029A5D4,0x0029A5E0,0xC
0x0029A664,0x0029A670,0xC
0x0029A728,0x0029A730,0x8
0x0029A7B8,0x0029A7C0,0x8
0x0029A964,0x0029A970,0xC
0x0029AACC,0x0029AAD0,0x4
0x0029AB0C,0x0029AB10,0x4
0x0029ABE4,0x0029ABF0,0xC
0x0029AD68,0x0029AD70,0x8
0x0029ADC8,0x0029ADD0,0x8
0x0029AE38,0x0029AE40,0x8
0x0029AEA8,0x0029AEB0,0x8
0x0029AF88,0x0029AF90,0x8
0x0029B07C,0x0029B080,0x4
0x0029B128,0x0029B130,0x8
0x0029B144,0x0029B150,0xC
0x0029B27C,0x0029B280,0x4
0x0029B2F8,0x0029B300,0x8
0x0029B37C,0x0029B380,0x4
0x0029B3FC,0x0029B400,0x4
0x0029B46C,0x0029B470,0x4
0x0029B4DC,0x0029B4E0,0x4
0x0029B588,0x0029B590,0x8
0x0029B774,0x0029B780,0xC
0x0029B7EC,0x0029B7F0,0x4
0x0029B848,0x0029B850,0x8
0x0029B8A8,0x0029B8B0,0x8
0x0029B90C,0x0029B910,0x4
0x0029B9D8,0x0029B9E0,0x8
0x0029BAE8,0x0029BAF0,0x8
0x0029BB84,0x0029BB90,0xC
0x0029BCC4,0x0029BCD0,0xC
0x0029BD9C,0x0029BDA0,0x4
0x0029BFA4,0x0029BFB0,0xC
0x0029C024,0x0029C030,0xC
0x0029C1D8,0x0029C1E0,0x8
0x0029C444,0x0029C450,0xC
0x0029C514,0x0029C520,0xC
0x0029C718,0x0029C720,0x8
0x0029C998,0x0029C9A0,0x8
0x0029CA0C,0x0029CA10,0x4
0x0029CA44,0x0029CA50,0xC
0x0029CB94,0x0029CBA0,0xC
0x0029CBDC,0x0029CBE0,0x4
0x0029CD04,0x0029CD10,0xC
0x0029CEDC,0x0029CEE0,0x4
0x0029CF68,0x0029CF70,0x8
0x0029D14C,0x0029D150,0x4
0x0029D1D8,0x0029D1E0,0x8
0x0029D278,0x0029D280,0x8
0x0029D308,0x0029D310,0x8
0x0029D36C,0x0029D370,0x4
0x0029D4E8,0x0029D4F0,0x8
0x0029D534,0x0029D540,0xC
0x0029D584,0x0029D590,0xC
0x0029D5D4,0x0029D5E0,0xC
0x0029D644,0x0029D650,0xC
0x0029D738,0x0029D740,0x8
0x0029D7B8,0x0029D7C0,0x8
0x0029D8A4,0x0029D8B0,0xC
0x0029DA4C,0x0029DA50,0x4
0x0029DB04,0x0029DB10,0xC
0x0029DB4C,0x0029DB50,0x4
0x0029DD04,0x0029DD10,0xC
0x0029E06C,0x0029E070,0x4
0x0029E0B8,0x0029E0C0,0x8
0x0029E1A4,0x0029E1B0,0xC
0x0029E228,0x0029E230,0x8
0x0029E298,0x0029E2A0,0x8
0x0029E3BC,0x0029E3C0,0x4
0x0029E3FC,0x0029E400,0x4
0x0029E54C,0x0029E550,0x4
0x0029E618,0x0029E620,0x8
0x0029E918,0x0029E920,0x8
0x0029E97C,0x0029E980,0x4
0x0029EAE4,0x0029EAF0,0xC
0x0029EC64,0x0029EC70,0xC
0x0029EEEC,0x0029EEF0,0x4
0x0029F12C,0x0029F130,0x4
0x0029F354,0x0029F360,0xC
0x0029F39C,0x0029F3A0,0x4
0x0029F42C,0x0029F430,0x4
0x0029F58C,0x0029F590,0x4
0x0029F5D8,0x0029F5E0,0x8
0x0029F678,0x0029F680,0x8
0x0029F688,0x0029F690,0x8
0x0029F908,0x0029F910,0x8
0x0029F994,0x0029F9A0,0xC
0x0029F9FC,0x0029FA00,0x4
0x0029FA38,0x0029FA40,0x8
0x0029FB24,0x0029FB30,0xC
0x0029FD24,0x0029FD30,0xC
0x0029FE6C,0x0029FE70,0x4
0x0029FEF4,0x0029FF00,0xC
0x0029FFDC,0x0029FFE0,0x4
0x002A009C,0x002A00A0,0x4
0x002A00DC,0x002A00E0,0x4
0x002A0384,0x002A0390,0xC
0x002A0468,0x002A0470,0x8
0x002A0508,0x002A0510,0x8
0x002A0554,0x002A0560,0xC
0x002A05E4,0x002A05F0,0xC
0x002A075C,0x002A0760,0x4
0x002A088C,0x002A0890,0x4
0x002A0934,0x002A0940,0xC
0x002A097C,0x002A0980,0x4
0x002A09C4,0x002A09D0,0xC
0x002A09D8,0x002A09E0,0x8
0x002A0A68,0x002A0A70,0x8
0x002A0AC8,0x002A0AD0,0x8
0x002A0B38,0x002A0B40,0x8
0x002A0BA8,0x002A0BB0,0x8
0x002A0C58,0x002A0C60,0x8
0x002A0D6C,0x002A0D70,0x4
0x002A0DDC,0x002A0DE0,0x4
0x002A0E9C,0x002A0EA0,0x4
0x002A0F0C,0x002A0F10,0x4
0x002A0F7C,0x002A0F80,0x4
0x002A0FEC,0x002A0FF0,0x4
0x002A1074,0x002A1080,0xC
0x002A1104,0x002A1110,0xC
0x002A1194,0x002A11A0,0xC
0x002A120C,0x002A1210,0x4
0x002A1268,0x002A1270,0x8
0x002A12C8,0x002A12D0,0x8
0x002A1348,0x002A1350,0x8
0x002A1418,0x002A1420,0x8
0x002A1448,0x002A1450,0x8
0x002A14D4,0x002A14E0,0xC
0x002A16EC,0x002A16F0,0x4
0x002A191C,0x002A1920,0x4
0x002A19BC,0x002A19C0,0x4
0x002A1B54,0x002A1B60,0xC
0x002A1CF4,0x002A1D00,0xC
0x002A1D4C,0x002A1D50,0x4
0x002A1E14,0x002A1E20,0xC
0x002A1F98,0x002A1FA0,0x8
0x002A200C,0x002A2010,0x4
0x002A215C,0x002A2160,0x4
0x002A2194,0x002A21A0,0xC
0x002A22E4,0x002A22F0,0xC
0x002A232C,0x002A2330,0x4
0x002A2528,0x002A2530,0x8
0x002A2604,0x002A2610,0xC
0x002A272C,0x002A2730,0x4
0x002A28D4,0x002A28E0,0xC
0x002A29FC,0x002A2A00,0x4
0x002A2ADC,0x002A2AE0,0x4
0x002A2BF4,0x002A2C00,0xC
0x002A2C08,0x002A2C10,0x8
0x002A2C58,0x002A2C60,0x8
0x002A2C68,0x002A2C70,0x8
0x002A2CB4,0x002A2CC0,0xC
0x002A2E24,0x002A2E30,0xC
0x002A2E74,0x002A2E80,0xC
0x002A3188,0x002A3190,0x8
0x002A32E4,0x002A32F0,0xC
0x002A3384,0x002A3390,0xC
0x002A33DC,0x002A33E0,0x4
0x002A3424,0x002A3430,0xC
0x002A3544,0x002A3550,0xC
0x002A36EC,0x002A36F0,0x4
0x002A3978,0x002A3980,0x8
0x002A3CAC,0x002A3CB0,0x4
0x002A3CFC,0x002A3D00,0x4
0x002A3D68,0x002A3D70,0x8
0x002A3E1C,0x002A3E20,0x4
0x002A3EDC,0x002A3EE0,0x4
0x002A4048,0x002A4050,0x8
0x002A418C,0x002A4190,0x4
0x002A4284,0x002A4290,0xC
0x002A456C,0x002A4570,0x4
0x002A463C,0x002A4640,0x4
0x002A4744,0x002A4750,0xC
0x002A4828,0x002A4830,0x8
0x002A49F4,0x002A4A00,0xC
0x002A4BD8,0x002A4BE0,0x8
0x002A4D24,0x002A4D30,0xC
0x002A4F48,0x002A4F50,0x8
0x002A4FFC,0x002A5000,0x4
0x002A504C,0x002A5050,0x4
0x002A5158,0x002A5160,0x8
0x002A5274,0x002A5280,0xC
0x002A533C,0x002A5340,0x4
0x002A5394,0x002A53A0,0xC
0x002A5558,0x002A5560,0x8
0x002A55AC,0x002A55B0,0x4
0x002A5688,0x002A5690,0x8
0x002A5744,0x002A5750,0xC
0x002A57BC,0x002A57C0,0x4
0x002A5848,0x002A5850,0x8
0x002A5894,0x002A58A0,0xC
0x002A5968,0x002A5970,0x8
0x002A5A08,0x002A5A10,0x8
0x002A5A94,0x002A5AA0,0xC
0x002A5B1C,0x002A5B20,0x4
0x002A5B68,0x002A5B70,0x8
0x002A5C38,0x002A5C40,0x8
0x002A5CD4,0x002A5CE0,0xC
0x002A5F18,0x002A5F20,0x8
0x002A6028,0x002A6030,0x8
0x002A6174,0x002A6180,0xC
0x002A62C4,0x002A62D0,0xC
0x002A6388,0x002A6390,0x8
0x002A63DC,0x002A63E0,0x4
0x002A6464,0x002A6470,0xC
0x002A64F8,0x002A6500,0x8
0x002A65A8,0x002A65B0,0x8
0x002A6608,0x002A6610,0x8
0x002A6678,0x002A6680,0x8
0x002A66CC,0x002A66D0,0x4
0x002A6758,0x002A6760,0x8
0x002A683C,0x002A6840,0x4
0x002A68E4,0x002A68F0,0xC
0x002A693C,0x002A6940,0x4
0x002A6AA4,0x002A6AB0,0xC
0x002A6AFC,0x002A6B00,0x4
0x002A6BD8,0x002A6BE0,0x8
0x002A6C78,0x002A6C80,0x8
0x002A6CDC,0x002A6CE0,0x4
0x002A6D38,0x002A6D40,0x8
0x002A6D98,0x002A6DA0,0x8
0x002A6E08,0x002A6E10,0x8
0x002A6E74,0x002A6E80,0xC
0x002A70AC,0x002A70B0,0x4
0x002A7134,0x002A7140,0xC
0x002A71E8,0x002A71F0,0x8
0x002A72DC,0x002A72E0,0x4
0x002A7368,0x002A7370,0x8
0x002A73DC,0x002A73E0,0x4
0x002A7478,0x002A7480,0x8
0x002A7504,0x002A7510,0xC
0x002A7594,0x002A75A0,0xC
0x002A7624,0x002A7630,0xC
0x002A769C,0x002A76A0,0x4
0x002A76F8,0x002A7700,0x8
0x002A7758,0x002A7760,0x8
0x002A7888,0x002A7890,0x8
0x002A78B8,0x002A78C0,0x8
0x002A7944,0x002A7950,0xC
0x002A7B5C,0x002A7B60,0x4
0x002A7CD8,0x002A7CE0,0x8
0x002A7DDC,0x002A7DE0,0x4
0x002A7E7C,0x002A7E80,0x4
0x002A7FCC,0x002A7FD0,0x4
0x002A8148,0x002A8150,0x8
0x002A819C,0x002A81A0,0x4
0x002A8264,0x002A8270,0xC
0x002A82DC,0x002A82E0,0x4
0x002A834C,0x002A8350,0x4
0x002A8418,0x002A8420,0x8
0x002A8534,0x002A8540,0xC
0x002A857C,0x002A8580,0x4
0x002A859C,0x002A85A0,0x4
0x002A860C,0x002A8610,0x4
0x002A8644,0x002A8650,0xC
0x002A86FC,0x002A8700,0x4
0x002A873C,0x002A8740,0x4
0x002A8924,0x002A8930,0xC
0x002A8A5C,0x002A8A60,0x4
0x002A8BE4,0x002A8BF0,0xC
0x002A8C98,0x002A8CA0,0x8
0x002A8D7C,0x002A8D80,0x4
0x002A8E4C,0x002A8E50,0x4
0x002A8E58,0x002A8E60,0x8
0x002A8EA4,0x002A8EB0,0xC
0x002A8EF4,0x002A8F00,0xC
0x002A8F44,0x002A8F50,0xC
0x002A90E8,0x002A90F0,0x8
0x002A912C,0x002A9130,0x4
0x002A92FC,0x002A9300,0x4
0x002A9358,0x002A9360,0x8
0x002A9548,0x002A9550,0x8
0x002A958C,0x002A9590,0x4
0x002A9698,0x002A96A0,0x8
0x002A9744,0x002A9750,0xC
0x002A9908,0x002A9910,0x8
0x002A994C,0x002A9950,0x4
0x002A99C8,0x002A99D0,0x8
0x002A9AE8,0x002A9AF0,0x8
0x002A9B94,0x002A9BA0,0xC
0x002A9DDC,0x002A9DE0,0x4
0x002A9F94,0x002A9FA0,0xC
0x002AA098,0x002AA0A0,0x8
0x002AA0DC,0x002AA0E0,0x4
0x002AA29C,0x002AA2A0,0x4
0x002AA344,0x002AA350,0xC
0x002AA4AC,0x002AA4B0,0x4
0x002AA7CC,0x002AA7D0,0x4
0x002AA96C,0x002AA970,0x4
0x002AAAC4,0x002AAAD0,0xC
0x002AAB94,0x002AABA0,0xC
0x002AAC1C,0x002AAC20,0x4
0x002AACAC,0x002AACB0,0x4
0x002AAD6C,0x002AAD70,0x4
0x002AADAC,0x002AADB0,0x4
0x002AAE38,0x002AAE40,0x8
0x002AAFC8,0x002AAFD0,0x8
0x002AB024,0x002AB030,0xC
0x002AB0F8,0x002AB100,0x8
0x002AB194,0x002AB1A0,0xC
0x002AB1E8,0x002AB1F0,0x8
0x002AB348,0x002AB350,0x8
0x002AB3DC,0x002AB3E0,0x4
0x002AB498,0x002AB4A0,0x8
0x002AB58C,0x002AB590,0x4
0x002AB73C,0x002AB740,0x4
0x002AB74C,0x002AB750,0x4
0x002AB7A4,0x002AB7B0,0xC
0x002AB804,0x002AB810,0xC
0x002AB874,0x002AB880,0xC
0x002AB8E4,0x002AB8F0,0xC
0x002AB998,0x002AB9A0,0x8
0x002AB9EC,0x002AB9F0,0x4
0x002ABA4C,0x002ABA50,0x4
0x002ABABC,0x002ABAC0,0x4
0x002ABB5C,0x002ABB60,0x4
0x002ABC08,0x002ABC10,0x8
0x002ABC94,0x002ABCA0,0xC
0x002ABD98,0x002ABDA0,0x8
0x002ABE9C,0x002ABEA0,0x4
0x002ABF7C,0x002ABF80,0x4
0x002AC02C,0x002AC030,0x4
0x002AC0D4,0x002AC0E0,0xC
0x002AC184,0x002AC190,0xC
0x002AC368,0x002AC370,0x8
0x002AC524,0x002AC530,0xC
0x002AC58C,0x002AC590,0x4
0x002AC6A4,0x002AC6B0,0xC
0x002AC828,0x002AC830,0x8
0x002AC9B8,0x002AC9C0,0x8
0x002ACB48,0x002ACB50,0x8
0x002ACD3C,0x002ACD40,0x4
0x002ACE98,0x002ACEA0,0x8
0x002ACF64,0x002ACF70,0xC
0x002AD004,0x002AD010,0xC
0x002AD108,0x002AD110,0x8
0x002AD1E8,0x002AD1F0,0x8
0x002AD35C,0x002AD360,0x4
0x002AD404,0x002AD410,0xC
0x002AD514,0x002AD520,0xC
0x002AD658,0x002AD660,0x8
0x002AD6A8,0x002AD6B0,0x8
0x002AD764,0x002AD770,0xC
0x002AD814,0x002AD820,0xC
0x002ADBF8,0x002ADC00,0x8
0x002ADC6C,0x002ADC70,0x4
0x002ADD2C,0x002ADD30,0x4
0x002ADE14,0x002ADE20,0xC
0x002ADE9C,0x002ADEA0,0x4
0x002ADF84,0x002ADF90,0xC
0x002AE028,0x002AE030,0x8
0x002AE248,0x002AE250,0x8
0x002AE2EC,0x002AE2F0,0x4
0x002AE51C,0x002AE520,0x4
0x002AE5AC,0x002AE5B0,0x4
0x002AE8A4,0x002AE8B0,0xC
0x002AE9F8,0x002AEA00,0x8
0x002AEA58,0x002AEA60,0x8
0x002AED3C,0x002AED40,0x4
0x002AED7C,0x002AED80,0x4
0x002AEE48,0x002AEE50,0x8
0x002AEEE8,0x002AEEF0,0x8
0x002AF184,0x002AF190,0xC
0x002AF214,0x002AF220,0xC
0x002AF3E4,0x002AF3F0,0xC
0x002AF4A4,0x002AF4B0,0xC
0x002AF508,0x002AF510,0x8
0x002AF6F4,0x002AF700,0xC
0x002AF808,0x002AF810,0x8
0x002AF8D4,0x002AF8E0,0xC
0x002AF91C,0x002AF920,0x4
0x002AFBC4,0x002AFBD0,0xC
0x002AFC68,0x002AFC70,0x8
0x002AFDE8,0x002AFDF0,0x8
0x002AFE3C,0x002AFE40,0x4
0x002AFF7C,0x002AFF80,0x4
0x002AFFBC,0x002AFFC0,0x4
0x002B00F8,0x002B0100,0x8
0x002B0284,0x002B0290,0xC
0x002B02D8,0x002B02E0,0x8
0x002B0384,0x002B0390,0xC
0x002B0498,0x002B04A0,0x8
0x002B054C,0x002B0550,0x4
0x002B07A8,0x002B07B0,0x8
0x002B08AC,0x002B08B0,0x4
0x002B09A4,0x002B09B0,0xC
0x002B0CB8,0x002B0CC0,0x8
0x002B0CFC,0x002B0D00,0x4
0x002B0F54,0x002B0F60,0xC
0x002B0FC4,0x002B0FD0,0xC
0x002B0FF8,0x002B1000,0x8
0x002B103C,0x002B1040,0x4
0x002B1124,0x002B1130,0xC
0x002B11DC,0x002B11E0,0x4
0x002B1338,0x002B1340,0x8
0x002B13F4,0x002B1400,0xC
0x002B14C8,0x002B14D0,0x8
0x002B150C,0x002B1510,0x4
0x002B160C,0x002B1610,0x4
0x002B16BC,0x002B16C0,0x4
0x002B173C,0x002B1740,0x4
0x002B180C,0x002B1810,0x4
0x002B184C,0x002B1850,0x4
0x002B1914,0x002B1920,0xC
0x002B1994,0x002B19A0,0xC
0x002B1A78,0x002B1A80,0x8
0x002B1B18,0x002B1B20,0x8
0x002B1B6C,0x002B1B70,0x4
0x002B1C14,0x002B1C20,0xC
0x002B1DD8,0x002B1DE0,0x8
0x002B1F9C,0x002B1FA0,0x4
0x002B204C,0x002B2050,0x4
0x002B212C,0x002B2130,0x4
0x002B21F8,0x002B2200,0x8
0x002B23A8,0x002B23B0,0x8
0x002B23E8,0x002B23F0,0x8
0x002B2494,0x002B24A0,0xC
0x002B2504,0x002B2510,0xC
0x002B25EC,0x002B25F0,0x4
0x002B262C,0x002B2630,0x4
0x002B26D8,0x002B26E0,0x8
0x002B2854,0x002B2860,0xC
0x002B28E8,0x002B28F0,0x8
0x002B296C,0x002B2970,0x4
0x002B29EC,0x002B29F0,0x4
0x002B2A6C,0x002B2A70,0x4
0x002B2ADC,0x002B2AE0,0x4
0x002B2B48,0x002B2B50,0x8
0x002B2BBC,0x002B2BC0,0x4
0x002B2C4C,0x002B2C50,0x4
0x002B2CD4,0x002B2CE0,0xC
0x002B2D4C,0x002B2D50,0x4
0x002B2DBC,0x002B2DC0,0x4
0x002B2E2C,0x002B2E30,0x4
0x002B2EB8,0x002B2EC0,0x8
0x002B3044,0x002B3050,0xC
0x002B311C,0x002B3120,0x4
0x002B3128,0x002B3130,0x8
0x002B3158,0x002B3160,0x8
0x002B31E4,0x002B31F0,0xC
0x002B32DC,0x002B32E0,0x4
0x002B33D8,0x002B33E0,0x8
0x002B34D8,0x002B34E0,0x8
0x002B35D8,0x002B35E0,0x8
0x002B367C,0x002B3680,0x4
0x002B37CC,0x002B37D0,0x4
0x002B391C,0x002B3920,0x4
0x002B396C,0x002B3970,0x4
0x002B3A34,0x002B3A40,0xC
0x002B3AAC,0x002B3AB0,0x4
0x002B3B1C,0x002B3B20,0x4
0x002B3BF4,0x002B3C00,0xC
0x002B3C6C,0x002B3C70,0x4
0x002B3CA4,0x002B3CB0,0xC
0x002B3D5C,0x002B3D60,0x4
0x002B3D9C,0x002B3DA0,0x4
0x002B3F68,0x002B3F70,0x8
0x002B3FD8,0x002B3FE0,0x8
0x002B4124,0x002B4130,0xC
0x002B41EC,0x002B41F0,0x4
0x002B4278,0x002B4280,0x8
0x002B438C,0x002B4390,0x4
0x002B4404,0x002B4410,0xC
0x002B4448,0x002B4450,0x8
0x002B4514,0x002B4520,0xC
0x002B45D8,0x002B45E0,0x8
0x002B462C,0x002B4630,0x4
0x002B470C,0x002B4710,0x4
0x002B48A8,0x002B48B0,0x8
0x002B4908,0x002B4910,0x8
0x002B4964,0x002B4970,0xC
0x002B49F8,0x002B4A00,0x8
0x002B4A0C,0x002B4A10,0x4
0x002B4A1C,0x002B4A20,0x4
0x002B4A2C,0x002B4A30,0x4
0x002B4A8C,0x002B4A90,0x4
0x002B4AC4,0x002B4AD0,0xC
0x002B4AD8,0x002B4AE0,0x8
0x002B4BB8,0x002B4BC0,0x8
0x002B4C58,0x002B4C60,0x8
0x002B4CBC,0x002B4CC0,0x4
0x002B4DD4,0x002B4DE0,0xC
0x002B4E2C,0x002B4E30,0x4
0x002B4E6C,0x002B4E70,0x4
0x002B50A4,0x002B50B0,0xC
0x002B522C,0x002B5230,0x4
0x002B527C,0x002B5280,0x4
0x002B5314,0x002B5320,0xC
0x002B53BC,0x002B53C0,0x4
0x002B556C,0x002B5570,0x4
0x002B5604,0x002B5610,0xC
0x002B5814,0x002B5820,0xC
0x002B586C,0x002B5870,0x4
0x002B5948,0x002B5950,0x8
0x002B59F4,0x002B5A00,0xC
0x002B5A5C,0x002B5A60,0x4
0x002B5AAC,0x002B5AB0,0x4
0x002B5BAC,0x002B5BB0,0x4
0x002B5C54,0x002B5C60,0xC
0x002B5D04,0x002B5D10,0xC
0x002B5D88,0x002B5D90,0x8
0x002B5EBC,0x002B5EC0,0x4
0x002B5FA4,0x002B5FB0,0xC
0x002B6054,0x002B6060,0xC
0x002B6248,0x002B6250,0x8
0x002B62A4,0x002B62B0,0xC
0x002B632C,0x002B6330,0x4
0x002B63B8,0x002B63C0,0x8
0x002B640C,0x002B6410,0x4
0x002B64DC,0x002B64E0,0x4
0x002B6524,0x002B6530,0xC
0x002B65D4,0x002B65E0,0xC
0x002B6684,0x002B6690,0xC
0x002B6738,0x002B6740,0x8
0x002B6794,0x002B67A0,0xC
0x002B6844,0x002B6850,0xC
0x002B6914,0x002B6920,0xC
0x002B69C4,0x002B69D0,0xC
0x002B69F8,0x002B6A00,0x8
0x002B6A98,0x002B6AA0,0x8
0x002B6B18,0x002B6B20,0x8
0x002B6C48,0x002B6C50,0x8
0x002B6DEC,0x002B6DF0,0x4
0x002B6E9C,0x002B6EA0,0x4
0x002B6F1C,0x002B6F20,0x4
0x002B7048,0x002B7050,0x8
0x002B711C,0x002B7120,0x4
0x002B71DC,0x002B71E0,0x4
0x002B72B4,0x002B72C0,0xC
0x002B7358,0x002B7360,0x8
0x002B7438,0x002B7440,0x8
0x002B7578,0x002B7580,0x8
0x002B76EC,0x002B76F0,0x4
0x002B77CC,0x002B77D0,0x4
0x002B7894,0x002B78A0,0xC
0x002B7914,0x002B7920,0xC
0x002B79E8,0x002B79F0,0x8
0x002B7A84,0x002B7A90,0xC
0x002B7AD8,0x002B7AE0,0x8
0x002B7B6C,0x002B7B70,0x4
0x002B7CC8,0x002B7CD0,0x8
0x002B7CDC,0x002B7CE0,0x4
0x002B7D94,0x002B7DA0,0xC
0x002B7EDC,0x002B7EE0,0x4
0x002B7FA8,0x002B7FB0,0x8
0x002B7FBC,0x002B7FC0,0x4
0x002B801C,0x002B8020,0x4
0x002B807C,0x002B8080,0x4
0x002B80DC,0x002B80E0,0x4
0x002B813C,0x002B8140,0x4
0x002B81E8,0x002B81F0,0x8
0x002B831C,0x002B8320,0x4
0x002B8388,0x002B8390,0x8
0x002B83FC,0x002B8400,0x4
0x002B8498,0x002B84A0,0x8
0x002B850C,0x002B8510,0x4
0x002B857C,0x002B8580,0x4
0x002B85EC,0x002B85F0,0x4
0x002B8688,0x002B8690,0x8
0x002B8714,0x002B8720,0xC
0x002B8864,0x002B8870,0xC
0x002B88DC,0x002B88E0,0x4
0x002B8938,0x002B8940,0x8
0x002B8998,0x002B89A0,0x8
0x002B8AC8,0x002B8AD0,0x8
0x002B8AF8,0x002B8B00,0x8
0x002B8B84,0x002B8B90,0xC
0x002B8C94,0x002B8CA0,0xC
0x002B8D9C,0x002B8DA0,0x4
0x002B8EC4,0x002B8ED0,0xC
0x002B8FCC,0x002B8FD0,0x4
0x002B906C,0x002B9070,0x4
0x002B9204,0x002B9210,0xC
0x002B93A4,0x002B93B0,0xC
0x002B93FC,0x002B9400,0x4
0x002B94C4,0x002B94D0,0xC
0x002B953C,0x002B9540,0x4
0x002B95AC,0x002B95B0,0x4
0x002B961C,0x002B9620,0x4
0x002B968C,0x002B9690,0x4
0x002B96C4,0x002B96D0,0xC
0x002B977C,0x002B9780,0x4
0x002B97BC,0x002B97C0,0x4
0x002B98DC,0x002B98E0,0x4
0x002B9A18,0x002B9A20,0x8
0x002B9B2C,0x002B9B30,0x4
0x002B9B98,0x002B9BA0,0x8
0x002B9BFC,0x002B9C00,0x4
0x002B9C5C,0x002B9C60,0x4
0x002B9E54,0x002B9E60,0xC
0x002B9EA8,0x002B9EB0,0x8
0x002B9EB8,0x002B9EC0,0x8
0x002B9F3C,0x002B9F40,0x4
0x002BA008,0x002BA010,0x8
0x002BA054,0x002BA060,0xC
0x002BA0A4,0x002BA0B0,0xC
0x002BA1BC,0x002BA1C0,0x4
0x002BA308,0x002BA310,0x8
0x002BA428,0x002BA430,0x8
0x002BA584,0x002BA590,0xC
0x002BA5E8,0x002BA5F0,0x8
0x002BA6CC,0x002BA6D0,0x4
0x002BA708,0x002BA710,0x8
0x002BA8B4,0x002BA8C0,0xC
0x002BA90C,0x002BA910,0x4
0x002BA9AC,0x002BA9B0,0x4
0x002BAA94,0x002BAAA0,0xC
0x002BAB5C,0x002BAB60,0x4
0x002BAC14,0x002BAC20,0xC
0x002BACC4,0x002BACD0,0xC
0x002BAE58,0x002BAE60,0x8
0x002BB124,0x002BB130,0xC
0x002BB1DC,0x002BB1E0,0x4
0x002BB2BC,0x002BB2C0,0x4
0x002BB30C,0x002BB310,0x4
0x002BB3BC,0x002BB3C0,0x4
0x002BB56C,0x002BB570,0x4
0x002BB578,0x002BB580,0x8
0x002BB674,0x002BB680,0xC
0x002BB814,0x002BB820,0xC
0x002BB85C,0x002BB860,0x4
0x002BB938,0x002BB940,0x8
0x002BBA24,0x002BBA30,0xC
0x002BBAD4,0x002BBAE0,0xC
0x002BBB84,0x002BBB90,0xC
0x002BBCC8,0x002BBCD0,0x8
0x002BBD94,0x002BBDA0,0xC
0x002BBEF8,0x002BBF00,0x8
0x002BC00C,0x002BC010,0x4
0x002BC05C,0x002BC060,0x4
0x002BC224,0x002BC230,0xC
0x002BC34C,0x002BC350,0x4
0x002BC358,0x002BC360,0x8
0x002BC44C,0x002BC450,0x4
0x002BC488,0x002BC490,0x8
0x002BC574,0x002BC580,0xC
0x002BC5F4,0x002BC600,0xC
0x002BC64C,0x002BC650,0x4
0x002BC7A4,0x002BC7B0,0xC
0x002BC91C,0x002BC920,0x4
0x002BCA74,0x002BCA80,0xC
0x002BCBD4,0x002BCBE0,0xC
0x002BCF3C,0x002BCF40,0x4
0x002BD18C,0x002BD190,0x4
0x002BD2C4,0x002BD2D0,0xC
0x002BD324,0x002BD330,0xC
0x002BD4D4,0x002BD4E0,0xC
0x002BD574,0x002BD580,0xC
0x002BD63C,0x002BD640,0x4
0x002BD68C,0x002BD690,0x4
0x002BD7E4,0x002BD7F0,0xC
0x002BD8D4,0x002BD8E0,0xC
0x002BD9A8,0x002BD9B0,0x8
0x002BDA84,0x002BDA90,0xC
0x002BDBC8,0x002BDBD0,0x8
0x002BDC14,0x002BDC20,0xC
0x002BDCE4,0x002BDCF0,0xC
0x002BDD88,0x002BDD90,0x8
0x002BDE18,0x002BDE20,0x8
0x002BDEF8,0x002BDF00,0x8
0x002BDF9C,0x002BDFA0,0x4
0x002BE058,0x002BE060,0x8
0x002BE254,0x002BE260,0xC
0x002BE2EC,0x002BE2F0,0x4
0x002BE33C,0x002BE340,0x4
0x002BE4C8,0x002BE4D0,0x8
0x002BE524,0x002BE530,0xC
0x002BE5F8,0x002BE600,0x8
0x002BE608,0x002BE610,0x8
0x002BE7F4,0x002BE800,0xC
0x002BEB48,0x002BEB50,0x8
0x002BEBE8,0x002BEBF0,0x8
0x002BECB4,0x002BECC0,0xC
0x002BEDBC,0x002BEDC0,0x4
0x002BEE9C,0x002BEEA0,0x4
0x002BEFD8,0x002BEFE0,0x8
0x002BF01C,0x002BF020,0x4
0x002BF104,0x002BF110,0xC
0x002BF1D8,0x002BF1E0,0x8
0x002BF1E8,0x002BF1F0,0x8
0x002BF2F4,0x002BF300,0xC
0x002BF328,0x002BF330,0x8
0x002BF338,0x002BF340,0x8
0x002BF408,0x002BF410,0x8
0x002BF418,0x002BF420,0x8
0x002BF5AC,0x002BF5B0,0x4
0x002BF6AC,0x002BF6B0,0x4
0x002BF804,0x002BF810,0xC
0x002BF8C4,0x002BF8D0,0xC
0x002BF928,0x002BF930,0x8
0x002BF988,0x002BF990,0x8
0x002BF9F8,0x002BFA00,0x8
0x002BFA68,0x002BFA70,0x8
0x002BFBB8,0x002BFBC0,0x8
0x002BFD0C,0x002BFD10,0x4
0x002BFE3C,0x002BFE40,0x4
0x002BFEAC,0x002BFEB0,0x4
0x002C0034,0x002C0040,0xC
0x002C0104,0x002C0110,0xC
0x002C02A8,0x002C02B0,0x8
0x002C0334,0x002C0340,0xC
0x002C03AC,0x002C03B0,0x4
0x002C041C,0x002C0420,0x4
0x002C0478,0x002C0480,0x8
0x002C04EC,0x002C04F0,0x4
0x002C0664,0x002C0670,0xC
0x002C0698,0x002C06A0,0x8
0x002C0724,0x002C0730,0xC
0x002C0A14,0x002C0A20,0xC
0x002C0B94,0x002C0BA0,0xC
0x002C0D3C,0x002C0D40,0x4
0x002C0DBC,0x002C0DC0,0x4
0x002C0DFC,0x002C0E00,0x4
0x002C1008,0x002C1010,0x8
0x002C12BC,0x002C12C0,0x4
0x002C1384,0x002C1390,0xC
0x002C13CC,0x002C13D0,0x4
0x002C140C,0x002C1410,0x4
0x002C144C,0x002C1450,0x4
0x002C1578,0x002C1580,0x8
0x002C15EC,0x002C15F0,0x4
0x002C162C,0x002C1630,0x4
0x002C1734,0x002C1740,0xC
0x002C177C,0x002C1780,0x4
0x002C17BC,0x002C17C0,0x4
0x002C18E4,0x002C18F0,0xC
0x002C198C,0x002C1990,0x4
0x002C19CC,0x002C19D0,0x4
0x002C1CC4,0x002C1CD0,0xC
0x002C1D2C,0x002C1D30,0x4
0x002C1F24,0x002C1F30,0xC
0x002C1FCC,0x002C1FD0,0x4
0x002C201C,0x002C2020,0x4
0x002C20EC,0x002C20F0,0x4
0x002C218C,0x002C2190,0x4
0x002C21DC,0x002C21E0,0x4
0x002C2278,0x002C2280,0x8
0x002C22E4,0x002C22F0,0xC
0x002C23EC,0x002C23F0,0x4
0x002C24B8,0x002C24C0,0x8
0x002C24C8,0x002C24D0,0x8
0x002C2514,0x002C2520,0xC
0x002C2564,0x002C2570,0xC
0x002C2598,0x002C25A0,0x8
0x002C25C4,0x002C25D0,0xC
0x002C2798,0x002C27A0,0x8
0x002C282C,0x002C2830,0x4
0x002C2938,0x002C2940,0x8
0x002C29F4,0x002C2A00,0xC
0x002C2A3C,0x002C2A40,0x4
0x002C2B48,0x002C2B50,0x8
0x002C2BC4,0x002C2BD0,0xC
0x002C2C0C,0x002C2C10,0x4
0x002C2CCC,0x002C2CD0,0x4
0x002C2EFC,0x002C2F00,0x4
0x002C2FD8,0x002C2FE0,0x8
0x002C307C,0x002C3080,0x4
0x002C31E8,0x002C31F0,0x8
0x002C335C,0x002C3360,0x4
0x002C3414,0x002C3420,0xC
0x002C361C,0x002C3620,0x4
0x002C36B4,0x002C36C0,0xC
0x002C3774,0x002C3780,0xC
0x002C3814,0x002C3820,0xC
0x002C39B4,0x002C39C0,0xC
0x002C39FC,0x002C3A00,0x4
0x002C3BD8,0x002C3BE0,0x8
0x002C3C98,0x002C3CA0,0x8
0x002C3EA8,0x002C3EB0,0x8
0x002C3F34,0x002C3F40,0xC
0x002C40CC,0x002C40D0,0x4
0x002C4154,0x002C4160,0xC
0x002C419C,0x002C41A0,0x4
0x002C423C,0x002C4240,0x4
0x002C42B4,0x002C42C0,0xC
0x002C4398,0x002C43A0,0x8
0x002C4438,0x002C4440,0x8
0x002C449C,0x002C44A0,0x4
0x002C4568,0x002C4570,0x8
0x002C4604,0x002C4610,0xC
0x002C47F4,0x002C4800,0xC
0x002C4954,0x002C4960,0xC
0x002C4B84,0x002C4B90,0xC
0x002C4D7C,0x002C4D80,0x4
0x002C4DFC,0x002C4E00,0x4
0x002C4E3C,0x002C4E40,0x4
0x002C4E7C,0x002C4E80,0x4
0x002C4E8C,0x002C4E90,0x4
0x002C4EE8,0x002C4EF0,0x8
0x002C4F48,0x002C4F50,0x8
0x002C4FB4,0x002C4FC0,0xC
0x002C5028,0x002C5030,0x8
0x002C50E8,0x002C50F0,0x8
0x002C5198,0x002C51A0,0x8
0x002C52CC,0x002C52D0,0x4
0x002C536C,0x002C5370,0x4
0x002C54E4,0x002C54F0,0xC
0x002C55DC,0x002C55E0,0x4
0x002C57DC,0x002C57E0,0x4
0x002C58CC,0x002C58D0,0x4
0x002C5968,0x002C5970,0x8
0x002C59DC,0x002C59E0,0x4
0x002C5A64,0x002C5A70,0xC
0x002C5ADC,0x002C5AE0,0x4
0x002C5B38,0x002C5B40,0x8
0x002C5B98,0x002C5BA0,0x8
0x002C5C2C,0x002C5C30,0x4
0x002C5DD4,0x002C5DE0,0xC
0x002C5E08,0x002C5E10,0x8
0x002C5E94,0x002C5EA0,0xC
0x002C5F84,0x002C5F90,0xC
0x002C609C,0x002C60A0,0x4
0x002C61AC,0x002C61B0,0x4
0x002C62B8,0x002C62C0,0x8
0x002C633C,0x002C6340,0x4
0x002C637C,0x002C6380,0x4
0x002C64CC,0x002C64D0,0x4
0x002C661C,0x002C6620,0x4
0x002C666C,0x002C6670,0x4
0x002C6734,0x002C6740,0xC
0x002C6818,0x002C6820,0x8
0x002C6A68,0x002C6A70,0x8
0x002C6AE8,0x002C6AF0,0x8
0x002C6BA4,0x002C6BB0,0xC
0x002C6C18,0x002C6C20,0x8
0x002C6CDC,0x002C6CE0,0x4
0x002C6DD8,0x002C6DE0,0x8
0x002C6E1C,0x002C6E20,0x4
0x002C6F5C,0x002C6F60,0x4
0x002C6FA4,0x002C6FB0,0xC
0x002C7054,0x002C7060,0xC
0x002C711C,0x002C7120,0x4
0x002C717C,0x002C7180,0x4
0x002C7244,0x002C7250,0xC
0x002C72F4,0x002C7300,0xC
0x002C733C,0x002C7340,0x4
0x002C73AC,0x002C73B0,0x4
0x002C7454,0x002C7460,0xC
0x002C74E4,0x002C74F0,0xC
0x002C7574,0x002C7580,0xC
0x002C761C,0x002C7620,0x4
0x002C771C,0x002C7720,0x4
0x002C7788,0x002C7790,0x8
0x002C7798,0x002C77A0,0x8
0x002C7824,0x002C7830,0xC
0x002C78A8,0x002C78B0,0x8
0x002C79A8,0x002C79B0,0x8
0x002C79F4,0x002C7A00,0xC
0x002C7A44,0x002C7A50,0xC
0x002C7BCC,0x002C7BD0,0x4
0x002C7D24,0x002C7D30,0xC
0x002C7E4C,0x002C7E50,0x4
0x002C8008,0x002C8010,0x8
0x002C805C,0x002C8060,0x4
0x002C822C,0x002C8230,0x4
0x002C83A4,0x002C83B0,0xC
0x002C8454,0x002C8460,0xC
0x002C8504,0x002C8510,0xC
0x002C865C,0x002C8660,0x4
0x002C88CC,0x002C88D0,0x4
0x002C8924,0x002C8930,0xC
0x002C8B0C,0x002C8B10,0x4
0x002C8C18,0x002C8C20,0x8
0x002C8DCC,0x002C8DD0,0x4
0x002C8E5C,0x002C8E60,0x4
0x002C8F78,0x002C8F80,0x8
0x002C8FCC,0x002C8FD0,0x4
0x002C91B4,0x002C91C0,0xC
0x002C9214,0x002C9220,0xC
0x002C9424,0x002C9430,0xC
0x002C958C,0x002C9590,0x4
0x002C9708,0x002C9710,0x8
0x002C97B8,0x002C97C0,0x8
0x002C989C,0x002C98A0,0x4
0x002C9928,0x002C9930,0x8
0x002C9C1C,0x002C9C20,0x4
0x002C9E88,0x002C9E90,0x8
0x002CA2D8,0x002CA2E0,0x8
0x002CA608,0x002CA610,0x8
0x002CA678,0x002CA680,0x8
0x002CA8E8,0x002CA8F0,0x8
0x002CAC4C,0x002CAC50,0x4
0x002CACE4,0x002CACF0,0xC
0x002CAE24,0x002CAE30,0xC
0x002CAF18,0x002CAF20,0x8
0x002CAF9C,0x002CAFA0,0x4
0x002CB09C,0x002CB0A0,0x4
0x002CB13C,0x002CB140,0x4
0x002CB1C8,0x002CB1D0,0x8
0x002CB2B8,0x002CB2C0,0x8
0x002CB394,0x002CB3A0,0xC
0x002CB4B4,0x002CB4C0,0xC
0x002CB4FC,0x002CB500,0x4
0x002CB5D8,0x002CB5E0,0x8
0x002CB678,0x002CB680,0x8
0x002CB6D4,0x002CB6E0,0xC
0x002CB778,0x002CB780,0x8
0x002CB814,0x002CB820,0xC
0x002CB884,0x002CB890,0xC
0x002CB9D4,0x002CB9E0,0xC
0x002CBAA8,0x002CBAB0,0x8
0x002CBB38,0x002CBB40,0x8
0x002CBB4C,0x002CBB50,0x4
0x002CBBA8,0x002CBBB0,0x8
0x002CBC08,0x002CBC10,0x8
0x002CBC74,0x002CBC80,0xC
0x002CBCE4,0x002CBCF0,0xC
0x002CBD98,0x002CBDA0,0x8
0x002CBEAC,0x002CBEB0,0x4
0x002CBF78,0x002CBF80,0x8
0x002CC09C,0x002CC0A0,0x4
0x002CC188,0x002CC190,0x8
0x002CC1FC,0x002CC200,0x4
0x002CC27C,0x002CC280,0x4
0x002CC2FC,0x002CC300,0x4
0x002CC37C,0x002CC380,0x4
0x002CC3EC,0x002CC3F0,0x4
0x002CC448,0x002CC450,0x8
0x002CC458,0x002CC460,0x8
0x002CC504,0x002CC510,0xC
0x002CC6FC,0x002CC700,0x4
0x002CC834,0x002CC840,0xC
0x002CC93C,0x002CC940,0x4
0x002CC97C,0x002CC980,0x4
0x002CCACC,0x002CCAD0,0x4
0x002CCC74,0x002CCC80,0xC
0x002CCD2C,0x002CCD30,0x4
0x002CCDF4,0x002CCE00,0xC
0x002CCE6C,0x002CCE70,0x4
0x002CCEAC,0x002CCEB0,0x4
0x002CD05C,0x002CD060,0x4
0x002CD094,0x002CD0A0,0xC
0x002CD14C,0x002CD150,0x4
0x002CD18C,0x002CD190,0x4
0x002CD2B8,0x002CD2C0,0x8
0x002CD388,0x002CD390,0x8
0x002CD4DC,0x002CD4E0,0x4
0x002CD578,0x002CD580,0x8
0x002CD674,0x002CD680,0xC
0x002CD71C,0x002CD720,0x4
0x002CD7D8,0x002CD7E0,0x8
0x002CD868,0x002CD870,0x8
0x002CD8B4,0x002CD8C0,0xC
0x002CD998,0x002CD9A0,0x8
0x002CD9FC,0x002CDA00,0x4
0x002CDA84,0x002CDA90,0xC
0x002CDB54,0x002CDB60,0xC
0x002CDCF4,0x002CDD00,0xC
0x002CDD64,0x002CDD70,0xC
0x002CDDE4,0x002CDDF0,0xC
0x002CDE68,0x002CDE70,0x8
0x002CDEAC,0x002CDEB0,0x4
0x002CE1C4,0x002CE1D0,0xC
0x002CE32C,0x002CE330,0x4
0x002CE4C4,0x002CE4D0,0xC
0x002CE698,0x002CE6A0,0x8
0x002CE6DC,0x002CE6E0,0x4
0x002CE744,0x002CE750,0xC
0x002CE84C,0x002CE850,0x4
0x002CE8A4,0x002CE8B0,0xC
0x002CE8FC,0x002CE900,0x4
0x002CE984,0x002CE990,0xC
0x002CEAA4,0x002CEAB0,0xC
0x002CEB94,0x002CEBA0,0xC
0x002CEC3C,0x002CEC40,0x4
0x002CEC8C,0x002CEC90,0x4
0x002CECD8,0x002CECE0,0x8
0x002CEDA8,0x002CEDB0,0x8
0x002CF088,0x002CF090,0x8
0x002CF1CC,0x002CF1D0,0x4
0x002CF348,0x002CF350,0x8
0x002CF428,0x002CF430,0x8
0x002CF4A8,0x002CF4B0,0x8
0x002CF568,0x002CF570,0x8
0x002CF62C,0x002CF630,0x4
0x002CF694,0x002CF6A0,0xC
0x002CF7E8,0x002CF7F0,0x8
0x002CF938,0x002CF940,0x8
0x002CF9D8,0x002CF9E0,0x8
0x002CFA1C,0x002CFA20,0x4
0x002CFA68,0x002CFA70,0x8
0x002CFB78,0x002CFB80,0x8
0x002CFC24,0x002CFC30,0xC
0x002CFDA4,0x002CFDB0,0xC
0x002CFF38,0x002CFF40,0x8
0x002CFFC8,0x002CFFD0,0x8
0x002D0068,0x002D0070,0x8
0x002D00CC,0x002D00D0,0x4
0x002D012C,0x002D0130,0x4
0x002D01A8,0x002D01B0,0x8
0x002D0274,0x002D0280,0xC
0x002D0338,0x002D0340,0x8
0x002D0408,0x002D0410,0x8
0x002D04A4,0x002D04B0,0xC
0x002D0588,0x002D0590,0x8
0x002D0624,0x002D0630,0xC
0x002D06D8,0x002D06E0,0x8
0x002D094C,0x002D0950,0x4
0x002D0B2C,0x002D0B30,0x4
0x002D0CC4,0x002D0CD0,0xC
0x002D0DA8,0x002D0DB0,0x8
0x002D0F0C,0x002D0F10,0x4
0x002D0F68,0x002D0F70,0x8
0x002D0FC8,0x002D0FD0,0x8
0x002D1038,0x002D1040,0x8
0x002D10A8,0x002D10B0,0x8
0x002D1188,0x002D1190,0x8
0x002D127C,0x002D1280,0x4
0x002D1328,0x002D1330,0x8
0x002D1484,0x002D1490,0xC
0x002D1508,0x002D1510,0x8
0x002D1588,0x002D1590,0x8
0x002D15FC,0x002D1600,0x4
0x002D166C,0x002D1670,0x4
0x002D1774,0x002D1780,0xC
0x002D18AC,0x002D18B0,0x4
0x002D191C,0x002D1920,0x4
0x002D198C,0x002D1990,0x4
0x002D19E8,0x002D19F0,0x8
0x002D1B7C,0x002D1B80,0x4
0x002D1B88,0x002D1B90,0x8
0x002D1BB8,0x002D1BC0,0x8
0x002D1C44,0x002D1C50,0xC
0x002D1D3C,0x002D1D40,0x4
0x002D1E38,0x002D1E40,0x8
0x002D1F38,0x002D1F40,0x8
0x002D2038,0x002D2040,0x8
0x002D20DC,0x002D20E0,0x4
0x002D222C,0x002D2230,0x4
0x002D237C,0x002D2380,0x4
0x002D23CC,0x002D23D0,0x4
0x002D2494,0x002D24A0,0xC
0x002D2558,0x002D2560,0x8
0x002D259C,0x002D25A0,0x4
0x002D25DC,0x002D25E0,0x4
0x002D261C,0x002D2620,0x4
0x002D2654,0x002D2660,0xC
0x002D270C,0x002D2710,0x4
0x002D274C,0x002D2750,0x4
0x002D286C,0x002D2870,0x4
0x002D291C,0x002D2920,0x4
0x002D29CC,0x002D29D0,0x4
0x002D2A1C,0x002D2A20,0x4
0x002D2ACC,0x002D2AD0,0x4
0x002D2B7C,0x002D2B80,0x4
0x002D2BCC,0x002D2BD0,0x4
0x002D2CA8,0x002D2CB0,0x8
0x002D2D48,0x002D2D50,0x8
0x002D2DAC,0x002D2DB0,0x4
0x002D2E98,0x002D2EA0,0x8
0x002D2FFC,0x002D3000,0x4
0x002D3058,0x002D3060,0x8
0x002D311C,0x002D3120,0x4
0x002D312C,0x002D3130,0x4
0x002D318C,0x002D3190,0x4
0x002D31F4,0x002D3200,0xC
0x002D3208,0x002D3210,0x8
0x002D32FC,0x002D3300,0x4
0x002D3398,0x002D33A0,0x8
0x002D33DC,0x002D33E0,0x4
0x002D344C,0x002D3450,0x4
0x002D36F4,0x002D3700,0xC
0x002D37E8,0x002D37F0,0x8
0x002D3858,0x002D3860,0x8
0x002D3A04,0x002D3A10,0xC
0x002D3A88,0x002D3A90,0x8
0x002D3B48,0x002D3B50,0x8
0x002D3C88,0x002D3C90,0x8
0x002D3C98,0x002D3CA0,0x8
0x002D3D18,0x002D3D20,0x8
0x002D3E4C,0x002D3E50,0x4
0x002D3E8C,0x002D3E90,0x4
0x002D3ED4,0x002D3EE0,0xC
0x002D4018,0x002D4020,0x8
0x002D4188,0x002D4190,0x8
0x002D41E4,0x002D41F0,0xC
0x002D423C,0x002D4240,0x4
0x002D4298,0x002D42A0,0x8
0x002D4468,0x002D4470,0x8
0x002D460C,0x002D4610,0x4
0x002D46EC,0x002D46F0,0x4
0x002D486C,0x002D4870,0x4
0x002D49C8,0x002D49D0,0x8
0x002D4BB8,0x002D4BC0,0x8
0x002D4D54,0x002D4D60,0xC
0x002D4DDC,0x002D4DE0,0x4
0x002D4FA8,0x002D4FB0,0x8
0x002D5104,0x002D5110,0xC
0x002D516C,0x002D5170,0x4
0x002D527C,0x002D5280,0x4
0x002D5344,0x002D5350,0xC
0x002D53C4,0x002D53D0,0xC
0x002D5498,0x002D54A0,0x8
0x002D5534,0x002D5540,0xC
0x002D5588,0x002D5590,0x8
0x002D5668,0x002D5670,0x8
0x002D571C,0x002D5720,0x4
0x002D58E4,0x002D58F0,0xC
0x002D598C,0x002D5990,0x4
0x002D5A64,0x002D5A70,0xC
0x002D5C14,0x002D5C20,0xC
0x002D5D0C,0x002D5D10,0x4
0x002D5E34,0x002D5E40,0xC
0x002D5EAC,0x002D5EB0,0x4
0x002D5EEC,0x002D5EF0,0x4
0x002D5F4C,0x002D5F50,0x4
0x002D5F6C,0x002D5F70,0x4
0x002D60D8,0x002D60E0,0x8
0x002D61BC,0x002D61C0,0x4
0x002D6234,0x002D6240,0xC
0x002D62C4,0x002D62D0,0xC
0x002D633C,0x002D6340,0x4
0x002D63B8,0x002D63C0,0x8
0x002D6438,0x002D6440,0x8
0x002D649C,0x002D64A0,0x4
0x002D650C,0x002D6510,0x4
0x002D656C,0x002D6570,0x4
0x002D66A8,0x002D66B0,0x8
0x002D6818,0x002D6820,0x8
0x002D69A8,0x002D69B0,0x8
0x002D69D4,0x002D69E0,0xC
0x002D6A58,0x002D6A60,0x8
0x002D6CBC,0x002D6CC0,0x4
0x002D6E4C,0x002D6E50,0x4
0x002D6F4C,0x002D6F50,0x4
0x002D713C,0x002D7140,0x4
0x002D71BC,0x002D71C0,0x4
0x002D7208,0x002D7210,0x8
0x002D7258,0x002D7260,0x8
0x002D7294,0x002D72A0,0xC
0x002D74A4,0x002D74B0,0xC
0x002D752C,0x002D7530,0x4
0x002D755C,0x002D7560,0x4
0x002D76B4,0x002D76C0,0xC
0x002D7888,0x002D7890,0x8
0x002D78EC,0x002D78F0,0x4
0x002D792C,0x002D7930,0x4
0x002D7A24,0x002D7A30,0xC
0x002D7B54,0x002D7B60,0xC
0x002D7DF8,0x002D7E00,0x8
0x002D7E7C,0x002D7E80,0x4
0x002D7F0C,0x002D7F10,0x4
0x002D7F58,0x002D7F60,0x8
0x002D8208,0x002D8210,0x8
0x002D83B8,0x002D83C0,0x8
0x002D84F4,0x002D8500,0xC
0x002D853C,0x002D8540,0x4
0x002D85F8,0x002D8600,0x8
0x002D86D8,0x002D86E0,0x8
0x002D8778,0x002D8780,0x8
0x002D87C4,0x002D87D0,0xC
0x002D88F8,0x002D8900,0x8
0x002D8998,0x002D89A0,0x8
0x002D8CC8,0x002D8CD0,0x8
0x002D8CDC,0x002D8CE0,0x4
0x002D8D38,0x002D8D40,0x8
0x002D8D98,0x002D8DA0,0x8
0x002D8E08,0x002D8E10,0x8
0x002D8E78,0x002D8E80,0x8
0x002D8F28,0x002D8F30,0x8
0x002D903C,0x002D9040,0x4
0x002D90C4,0x002D90D0,0xC
0x002D92D4,0x002D92E0,0xC
0x002D94D4,0x002D94E0,0xC
0x002D9564,0x002D9570,0xC
0x002D95C8,0x002D95D0,0x8
0x002D963C,0x002D9640,0x4
0x002D96E4,0x002D96F0,0xC
0x002D979C,0x002D97A0,0x4
0x002D9844,0x002D9850,0xC
0x002D99EC,0x002D99F0,0x4
0x002D9AF8,0x002D9B00,0x8
0x002D9CE4,0x002D9CF0,0xC
0x002D9D84,0x002D9D90,0xC
0x002D9E54,0x002D9E60,0xC
0x002D9E8C,0x002D9E90,0x4
0x002D9FB8,0x002D9FC0,0x8
0x002DA08C,0x002DA090,0x4
0x002DA12C,0x002DA130,0x4
0x002DA1AC,0x002DA1B0,0x4
0x002DA258,0x002DA260,0x8
0x002DA2FC,0x002DA300,0x4
0x002DA33C,0x002DA340,0x4
0x002DA59C,0x002DA5A0,0x4
0x002DA5FC,0x002DA600,0x4
0x002DA644,0x002DA650,0xC
0x002DA694,0x002DA6A0,0xC
0x002DA87C,0x002DA880,0x4
0x002DA988,0x002DA990,0x8
0x002DAA24,0x002DAA30,0xC
0x002DAB0C,0x002DAB10,0x4
0x002DAB8C,0x002DAB90,0x4
0x002DABE4,0x002DABF0,0xC
0x002DADB4,0x002DADC0,0xC
0x002DAF78,0x002DAF80,0x8
0x002DB054,0x002DB060,0xC
0x002DB0D4,0x002DB0E0,0xC
0x002DB128,0x002DB130,0x8
0x002DB24C,0x002DB250,0x4
0x002DB374,0x002DB380,0xC
0x002DB47C,0x002DB480,0x4
0x002DB4D8,0x002DB4E0,0x8
0x002DB588,0x002DB590,0x8
0x002DB5FC,0x002DB600,0x4
0x002DB7B8,0x002DB7C0,0x8
0x002DB7C8,0x002DB7D0,0x8
0x002DB838,0x002DB840,0x8
0x002DB848,0x002DB850,0x8
0x002DB858,0x002DB860,0x8
0x002DB918,0x002DB920,0x8
0x002DB9CC,0x002DB9D0,0x4
0x002DBCD8,0x002DBCE0,0x8
0x002DBD1C,0x002DBD20,0x4
0x002DBDAC,0x002DBDB0,0x4
0x002DBE7C,0x002DBE80,0x4
0x002DC068,0x002DC070,0x8
0x002DC1A4,0x002DC1B0,0xC
0x002DC1C4,0x002DC1D0,0xC
0x002DC1DC,0x002DC1E0,0x4
0x002DC208,0x002DC210,0x8
0x002DC238,0x002DC240,0x8
0x002DC284,0x002DC290,0xC
0x002DC2D4,0x002DC2E0,0xC
0x002DC388,0x002DC390,0x8
0x002DC47C,0x002DC480,0x4
0x002DC4E8,0x002DC4F0,0x8
0x002DC57C,0x002DC580,0x4
0x002DC5EC,0x002DC5F0,0x4
0x002DC674,0x002DC680,0xC
0x002DC724,0x002DC730,0xC
0x002DC7B4,0x002DC7C0,0xC
0x002DC81C,0x002DC820,0x4
0x002DC8E8,0x002DC8F0,0x8
0x002DCA18,0x002DCA20,0x8
0x002DCA48,0x002DCA50,0x8
0x002DCBB8,0x002DCBC0,0x8
0x002DCCA8,0x002DCCB0,0x8
0x002DCD98,0x002DCDA0,0x8
0x002DCE88,0x002DCE90,0x8
0x002DCF28,0x002DCF30,0x8
0x002DD02C,0x002DD030,0x4
0x002DD118,0x002DD120,0x8
0x002DD16C,0x002DD170,0x4
0x002DD344,0x002DD350,0xC
0x002DD38C,0x002DD390,0x4
0x002DD3CC,0x002DD3D0,0x4
0x002DD40C,0x002DD410,0x4
0x002DD444,0x002DD450,0xC
0x002DD4BC,0x002DD4C0,0x4
0x002DD4FC,0x002DD500,0x4
0x002DD53C,0x002DD540,0x4
0x002DD658,0x002DD660,0x8
0x002DD708,0x002DD710,0x8
0x002DD86C,0x002DD870,0x4
0x002DD924,0x002DD930,0xC
0x002DDA14,0x002DDA20,0xC
0x002DDA5C,0x002DDA60,0x4
0x002DDAE8,0x002DDAF0,0x8
0x002DDCD4,0x002DDCE0,0xC
0x002DDF34,0x002DDF40,0xC
0x002DE0F8,0x002DE100,0x8
0x002DE1D4,0x002DE1E0,0xC
0x002DE2A4,0x002DE2B0,0xC
0x002DE30C,0x002DE310,0x4
0x002DE484,0x002DE490,0xC
0x002DE674,0x002DE680,0xC
0x002DE76C,0x002DE770,0x4
0x002DE818,0x002DE820,0x8
0x002DE914,0x002DE920,0xC
0x002DEAB4,0x002DEAC0,0xC
0x002DEAEC,0x002DEAF0,0x4
0x002DEB28,0x002DEB30,0x8
0x002DED9C,0x002DEDA0,0x4
0x002DEEC8,0x002DEED0,0x8
0x002DF05C,0x002DF060,0x4
0x002DF108,0x002DF110,0x8
0x002DF264,0x002DF270,0xC
0x002DF324,0x002DF330,0xC
0x002DF36C,0x002DF370,0x4
0x002DF468,0x002DF470,0x8
0x002DF508,0x002DF510,0x8
0x002DF53C,0x002DF540,0x4
0x002DF5A4,0x002DF5B0,0xC
0x002DF8B8,0x002DF8C0,0x8
0x002DFA14,0x002DFA20,0xC
0x002DFAD8,0x002DFAE0,0x8
0x002DFD68,0x002DFD70,0x8
0x002DFE34,0x002DFE40,0xC
0x002DFED4,0x002DFEE0,0xC
0x002DFF98,0x002DFFA0,0x8
0x002E00C4,0x002E00D0,0xC
0x002E012C,0x002E0130,0x4
0x002E016C,0x002E0170,0x4
0x002E0228,0x002E0230,0x8
0x002E0298,0x002E02A0,0x8
0x002E0308,0x002E0310,0x8
0x002E04C8,0x002E04D0,0x8
0x002E0528,0x002E0530,0x8
0x002E05FC,0x002E0600,0x4
0x002E0658,0x002E0660,0x8
0x002E06E8,0x002E06F0,0x8
0x002E074C,0x002E0750,0x4
0x002E0758,0x002E0760,0x8
0x002E07D4,0x002E07E0,0xC
0x002E083C,0x002E0840,0x4
0x002E09AC,0x002E09B0,0x4
0x002E0B74,0x002E0B80,0xC
0x002E0C3C,0x002E0C40,0x4
0x002E0C7C,0x002E0C80,0x4
0x002E0C88,0x002E0C90,0x8
0x002E0CD8,0x002E0CE0,0x8
0x002E0D98,0x002E0DA0,0x8
0x002E0EAC,0x002E0EB0,0x4
0x002E0F1C,0x002E0F20,0x4
0x002E0FA8,0x002E0FB0,0x8
0x002E1118,0x002E1120,0x8
0x002E11D8,0x002E11E0,0x8
0x002E136C,0x002E1370,0x4
0x002E13CC,0x002E13D0,0x4
0x002E15BC,0x002E15C0,0x4
0x002E16C4,0x002E16D0,0xC
0x002E1844,0x002E1850,0xC
0x002E18C4,0x002E18D0,0xC
0x002E1984,0x002E1990,0xC
0x002E1BA4,0x002E1BB0,0xC
0x002E1CE4,0x002E1CF0,0xC
0x002E1E0C,0x002E1E10,0x4
0x002E1F78,0x002E1F80,0x8
0x002E1FBC,0x002E1FC0,0x4
0x002E2068,0x002E2070,0x8
0x002E2138,0x002E2140,0x8
0x002E217C,0x002E2180,0x4
0x002E232C,0x002E2330,0x4
0x002E2548,0x002E2550,0x8
0x002E2674,0x002E2680,0xC
0x002E2738,0x002E2740,0x8
0x002E27F8,0x002E2800,0x8
0x002E28DC,0x002E28E0,0x4
0x002E29C4,0x002E29D0,0xC
0x002E2AA4,0x002E2AB0,0xC
0x002E2BCC,0x002E2BD0,0x4
0x002E2CB4,0x002E2CC0,0xC
0x002E2D2C,0x002E2D30,0x4
0x002E2DA4,0x002E2DB0,0xC
0x002E2E88,0x002E2E90,0x8
0x002E2F0C,0x002E2F10,0x4
0x002E30D4,0x002E30E0,0xC
0x002E315C,0x002E3160,0x4
0x002E31C4,0x002E31D0,0xC
0x002E3238,0x002E3240,0x8
0x002E335C,0x002E3360,0x4
0x002E3494,0x002E34A0,0xC
0x002E3568,0x002E3570,0x8
0x002E3648,0x002E3650,0x8
0x002E36E8,0x002E36F0,0x8
0x002E3734,0x002E3740,0xC
0x002E3804,0x002E3810,0xC
0x002E3914,0x002E3920,0xC
0x002E3A0C,0x002E3A10,0x4
0x002E3BF8,0x002E3C00,0x8
0x002E3C0C,0x002E3C10,0x4
0x002E3C68,0x002E3C70,0x8
0x002E3CC8,0x002E3CD0,0x8
0x002E3D38,0x002E3D40,0x8
0x002E3DA8,0x002E3DB0,0x8
0x002E3E58,0x002E3E60,0x8
0x002E4018,0x002E4020,0x8
0x002E40BC,0x002E40C0,0x4
0x002E412C,0x002E4130,0x4
0x002E41D8,0x002E41E0,0x8
0x002E4284,0x002E4290,0xC
0x002E430C,0x002E4310,0x4
0x002E4484,0x002E4490,0xC
0x002E44A8,0x002E44B0,0x8
0x002E45C4,0x002E45D0,0xC
0x002E468C,0x002E4690,0x4
0x002E470C,0x002E4710,0x4
0x002E4798,0x002E47A0,0x8
0x002E4888,0x002E4890,0x8
0x002E4C48,0x002E4C50,0x8
0x002E4D54,0x002E4D60,0xC
0x002E4EC8,0x002E4ED0,0x8
0x002E5068,0x002E5070,0x8
0x002E50BC,0x002E50C0,0x4
0x002E51EC,0x002E51F0,0x4
0x002E522C,0x002E5230,0x4
0x002E52DC,0x002E52E0,0x4
0x002E53CC,0x002E53D0,0x4
0x002E5404,0x002E5410,0xC
0x002E5488,0x002E5490,0x8
0x002E54EC,0x002E54F0,0x4
0x002E55F8,0x002E5600,0x8
0x002E565C,0x002E5660,0x4
0x002E5708,0x002E5710,0x8
0x002E57AC,0x002E57B0,0x4
0x002E57EC,0x002E57F0,0x4
0x002E5904,0x002E5910,0xC
0x002E5A1C,0x002E5A20,0x4
0x002E5A5C,0x002E5A60,0x4
0x002E5B08,0x002E5B10,0x8
0x002E5B7C,0x002E5B80,0x4
0x002E5BEC,0x002E5BF0,0x4
0x002E5C54,0x002E5C60,0xC
0x002E5CBC,0x002E5CC0,0x4
0x002E5DA4,0x002E5DB0,0xC
0x002E5F98,0x002E5FA0,0x8
0x002E6038,0x002E6040,0x8
0x002E60CC,0x002E60D0,0x4
0x002E610C,0x002E6110,0x4
0x002E625C,0x002E6260,0x4
0x002E6438,0x002E6440,0x8
0x002E6668,0x002E6670,0x8
0x002E67C4,0x002E67D0,0xC
0x002E692C,0x002E6930,0x4
0x002E6AAC,0x002E6AB0,0x4
0x002E6B38,0x002E6B40,0x8
0x002E6E3C,0x002E6E40,0x4
0x002E6EB4,0x002E6EC0,0xC
0x002E6FC4,0x002E6FD0,0xC
0x002E700C,0x002E7010,0x4
0x002E71D4,0x002E71E0,0xC
0x002E73F4,0x002E7400,0xC
0x002E74DC,0x002E74E0,0x4
0x002E75FC,0x002E7600,0x4
0x002E7694,0x002E76A0,0xC
0x002E76F8,0x002E7700,0x8
0x002E77AC,0x002E77B0,0x4
0x002E784C,0x002E7850,0x4
0x002E7A04,0x002E7A10,0xC
0x002E7BAC,0x002E7BB0,0x4
0x002E7C04,0x002E7C10,0xC
0x002E7C4C,0x002E7C50,0x4
0x002E7D2C,0x002E7D30,0x4
0x002E7DA4,0x002E7DB0,0xC
0x002E7DCC,0x002E7DD0,0x4
0x002E7DEC,0x002E7DF0,0x4
0x002E7E54,0x002E7E60,0xC
0x002E7EC4,0x002E7ED0,0xC
0x002E7FA4,0x002E7FB0,0xC
0x002E805C,0x002E8060,0x4
0x002E809C,0x002E80A0,0x4
0x002E817C,0x002E8180,0x4
0x002E824C,0x002E8250,0x4
0x002E83B4,0x002E83C0,0xC
0x002E83C8,0x002E83D0,0x8
0x002E84C8,0x002E84D0,0x8
0x002E8514,0x002E8520,0xC
0x002E85E8,0x002E85F0,0x8
0x002E8914,0x002E8920,0xC
0x002E8A7C,0x002E8A80,0x4
0x002E8A88,0x002E8A90,0x8
0x002E8A98,0x002E8AA0,0x8
0x002E8ADC,0x002E8AE0,0x4
0x002E8B64,0x002E8B70,0xC
0x002E8CB8,0x002E8CC0,0x8
0x002E8DCC,0x002E8DD0,0x4
0x002E8E78,0x002E8E80,0x8
0x002E8EEC,0x002E8EF0,0x4
0x002E8F58,0x002E8F60,0x8
0x002E9058,0x002E9060,0x8
0x002E90CC,0x002E90D0,0x4
0x002E914C,0x002E9150,0x4
0x002E91CC,0x002E91D0,0x4
0x002E9228,0x002E9230,0x8
0x002E929C,0x002E92A0,0x4
0x002E933C,0x002E9340,0x4
0x002E93A8,0x002E93B0,0x8
0x002E9414,0x002E9420,0xC
0x002E9448,0x002E9450,0x8
0x002E94D4,0x002E94E0,0xC
0x002E95D4,0x002E95E0,0xC
0x002E9778,0x002E9780,0x8
0x002E9878,0x002E9880,0x8
0x002E996C,0x002E9970,0x4
0x002E99EC,0x002E99F0,0x4
0x002E9A3C,0x002E9A40,0x4
0x002E9BB4,0x002E9BC0,0xC
0x002E9DD8,0x002E9DE0,0x8
0x002E9E2C,0x002E9E30,0x4
0x002E9EF4,0x002E9F00,0xC
0x002E9F5C,0x002E9F60,0x4
0x002E9F9C,0x002E9FA0,0x4
0x002EA018,0x002EA020,0x8
0x002EA05C,0x002EA060,0x4
0x002EA07C,0x002EA080,0x4
0x002EA0DC,0x002EA0E0,0x4
0x002EA11C,0x002EA120,0x4
0x002EA174,0x002EA180,0xC
0x002EA1E8,0x002EA1F0,0x8
0x002EA28C,0x002EA290,0x4
0x002EA2B4,0x002EA2C0,0xC
0x002EA31C,0x002EA320,0x4
0x002EA43C,0x002EA440,0x4
0x002EA504,0x002EA510,0xC
0x002EA64C,0x002EA650,0x4
0x002EA76C,0x002EA770,0x4
0x002EA7CC,0x002EA7D0,0x4
0x002EA80C,0x002EA810,0x4
0x002EA84C,0x002EA850,0x4
0x002EA8DC,0x002EA8E0,0x4
0x002EA9C8,0x002EA9D0,0x8
0x002EAC98,0x002EACA0,0x8
0x002EAD1C,0x002EAD20,0x4
0x002EAE68,0x002EAE70,0x8
0x002EAEAC,0x002EAEB0,0x4
0x002EAFA4,0x002EAFB0,0xC
0x002EB04C,0x002EB050,0x4
0x002EB0DC,0x002EB0E0,0x4
0x002EB16C,0x002EB170,0x4
0x002EB1FC,0x002EB200,0x4
0x002EB2F8,0x002EB300,0x8
0x002EB308,0x002EB310,0x8
0x002EB374,0x002EB380,0xC
0x002EB3C4,0x002EB3D0,0xC
0x002EB414,0x002EB420,0xC
0x002EB47C,0x002EB480,0x4
0x002EB50C,0x002EB510,0x4
0x002EB5A8,0x002EB5B0,0x8
0x002EB5EC,0x002EB5F0,0x4
0x002EB708,0x002EB710,0x8
0x002EB75C,0x002EB760,0x4
0x002EB84C,0x002EB850,0x4
0x002EB968,0x002EB970,0x8
0x002EB9C4,0x002EB9D0,0xC
0x002EBA88,0x002EBA90,0x8
0x002EBAD4,0x002EBAE0,0xC
0x002EBC84,0x002EBC90,0xC
0x002EBCDC,0x002EBCE0,0x4
0x002EBDCC,0x002EBDD0,0x4
0x002EBFE4,0x002EBFF0,0xC
0x002EC04C,0x002EC050,0x4
0x002EC08C,0x002EC090,0x4
0x002EC178,0x002EC180,0x8
0x002EC2C4,0x002EC2D0,0xC
0x002EC38C,0x002EC390,0x4
0x002EC4B8,0x002EC4C0,0x8
0x002EC558,0x002EC560,0x8
0x002EC584,0x002EC590,0xC
0x002EC5AC,0x002EC5B0,0x4
0x002EC654,0x002EC660,0xC
0x002EC744,0x002EC750,0xC
0x002EC80C,0x002EC810,0x4
0x002EC8EC,0x002EC8F0,0x4
0x002EC978,0x002EC980,0x8
0x002EC9EC,0x002EC9F0,0x4
0x002ECA2C,0x002ECA30,0x4
0x002ECB2C,0x002ECB30,0x4
0x002ECBD4,0x002ECBE0,0xC
0x002ECC94,0x002ECCA0,0xC
0x002ECD1C,0x002ECD20,0x4
0x002ECD5C,0x002ECD60,0x4
0x002ECD98,0x002ECDA0,0x8
0x002ECE7C,0x002ECE80,0x4
0x002ECF64,0x002ECF70,0xC
0x002ED028,0x002ED030,0x8
0x002ED06C,0x002ED070,0x4
0x002ED1D8,0x002ED1E0,0x8
0x002ED354,0x002ED360,0xC
0x002ED3FC,0x002ED400,0x4
0x002ED4B8,0x002ED4C0,0x8
0x002ED59C,0x002ED5A0,0x4
0x002ED67C,0x002ED680,0x4
0x002ED748,0x002ED750,0x8
0x002ED78C,0x002ED790,0x4
0x002ED81C,0x002ED820,0x4
0x002ED87C,0x002ED880,0x4
0x002ED8D8,0x002ED8E0,0x8
0x002ED938,0x002ED940,0x8
0x002ED9E8,0x002ED9F0,0x8
0x002EDAFC,0x002EDB00,0x4
0x002EDBE8,0x002EDBF0,0x8
0x002EDCEC,0x002EDCF0,0x4
0x002EDDBC,0x002EDDC0,0x4
0x002EDE44,0x002EDE50,0xC
0x002EDED4,0x002EDEE0,0xC
0x002EDF88,0x002EDF90,0x8
0x002EE03C,0x002EE040,0x4
0x002EE098,0x002EE0A0,0x8
0x002EE10C,0x002EE110,0x4
0x002EE1F8,0x002EE200,0x8
0x002EE278,0x002EE280,0x8
0x002EE35C,0x002EE360,0x4
0x002EE478,0x002EE480,0x8
0x002EE5B8,0x002EE5C0,0x8
0x002EE788,0x002EE790,0x8
0x002EE81C,0x002EE820,0x4
0x002EE854,0x002EE860,0xC
0x002EE8E4,0x002EE8F0,0xC
0x002EE92C,0x002EE930,0x4
0x002EE9EC,0x002EE9F0,0x4
0x002EEACC,0x002EEAD0,0x4
0x002EEC3C,0x002EEC40,0x4
0x002EED38,0x002EED40,0x8
0x002EED6C,0x002EED70,0x4
0x002EEEB4,0x002EEEC0,0xC
0x002EEF4C,0x002EEF50,0x4
0x002EEFDC,0x002EEFE0,0x4
0x002EEFE8,0x002EEFF0,0x8
0x002EF084,0x002EF090,0xC
0x002EF158,0x002EF160,0x8
0x002EF19C,0x002EF1A0,0x4
0x002EF2A4,0x002EF2B0,0xC
0x002EF3D8,0x002EF3E0,0x8
0x002EF5A4,0x002EF5B0,0xC
0x002EF69C,0x002EF6A0,0x4
0x002EF75C,0x002EF760,0x4
0x002EF854,0x002EF860,0xC
0x002EF8A4,0x002EF8B0,0xC
0x002EF9B8,0x002EF9C0,0x8
0x002EFAE4,0x002EFAF0,0xC
0x002EFB2C,0x002EFB30,0x4
0x002EFBFC,0x002EFC00,0x4
0x002EFCDC,0x002EFCE0,0x4
0x002EFE2C,0x002EFE30,0x4
0x002EFF3C,0x002EFF40,0x4
0x002F0088,0x002F0090,0x8
0x002F0324,0x002F0330,0xC
0x002F03C4,0x002F03D0,0xC
0x002F0478,0x002F0480,0x8
0x002F050C,0x002F0510,0x4
0x002F0568,0x002F0570,0x8
0x002F05F4,0x002F0600,0xC
0x002F0784,0x002F0790,0xC
0x002F0824,0x002F0830,0xC
0x002F0B0C,0x002F0B10,0x4
0x002F0BB4,0x002F0BC0,0xC
0x002F0C48,0x002F0C50,0x8
0x002F0F14,0x002F0F20,0xC
0x002F0F64,0x002F0F70,0xC
0x002F103C,0x002F1040,0x4
0x002F10F8,0x002F1100,0x8
0x002F11AC,0x002F11B0,0x4
0x002F1268,0x002F1270,0x8
0x002F135C,0x002F1360,0x4
0x002F1424,0x002F1430,0xC
0x002F14CC,0x002F14D0,0x4
0x002F150C,0x002F1510,0x4
0x002F16E8,0x002F16F0,0x8
0x002F177C,0x002F1780,0x4
0x002F1D64,0x002F1D70,0xC
0x002F1D8C,0x002F1D90,0x4
0x002F1DE4,0x002F1DF0,0xC
0x002F1E04,0x002F1E10,0xC
0x002F1E4C,0x002F1E50,0x4
0x002F1E94,0x002F1EA0,0xC
0x002F1EE4,0x002F1EF0,0xC
0x002F1F34,0x002F1F40,0xC
0x002F1F84,0x002F1F90,0xC
0x002F2038,0x002F2040,0x8
0x002F215C,0x002F2160,0x4
0x002F21D8,0x002F21E0,0x8
0x002F22C4,0x002F22D0,0xC
0x002F2388,0x002F2390,0x8
0x002F24D4,0x002F24E0,0xC
0x002F2568,0x002F2570,0x8
0x002F25D8,0x002F25E0,0x8
0x002F2698,0x002F26A0,0x8
0x002F270C,0x002F2710,0x4
0x002F2768,0x002F2770,0x8
0x002F27F8,0x002F2800,0x8
0x002F2828,0x002F2830,0x8
0x002F28B4,0x002F28C0,0xC
0x002F29A4,0x002F29B0,0xC
0x002F2A94,0x002F2AA0,0xC
0x002F2CD4,0x002F2CE0,0xC
0x002F2D7C,0x002F2D80,0x4
0x002F2EBC,0x002F2EC0,0x4
0x002F300C,0x002F3010,0x4
0x002F305C,0x002F3060,0x4
0x002F3124,0x002F3130,0xC
0x002F316C,0x002F3170,0x4
0x002F323C,0x002F3240,0x4
0x002F327C,0x002F3280,0x4
0x002F3394,0x002F33A0,0xC
0x002F34DC,0x002F34E0,0x4
0x002F35FC,0x002F3600,0x4
0x002F36A4,0x002F36B0,0xC
0x002F373C,0x002F3740,0x4
0x002F37E4,0x002F37F0,0xC
0x002F3898,0x002F38A0,0x8
0x002F399C,0x002F39A0,0x4
0x002F3A28,0x002F3A30,0x8
0x002F3A94,0x002F3AA0,0xC
0x002F3B1C,0x002F3B20,0x4
0x002F3BE4,0x002F3BF0,0xC
0x002F3BFC,0x002F3C00,0x4
0x002F3C0C,0x002F3C10,0x4
0x002F3C6C,0x002F3C70,0x4
0x002F3D28,0x002F3D30,0x8
0x002F3D48,0x002F3D50,0x8
0x002F3D58,0x002F3D60,0x8
0x002F3DBC,0x002F3DC0,0x4
0x002F3E04,0x002F3E10,0xC
0x002F3ED4,0x002F3EE0,0xC
0x002F3F84,0x002F3F90,0xC
0x002F400C,0x002F4010,0x4
0x002F410C,0x002F4110,0x4
0x002F4188,0x002F4190,0x8
0x002F4198,0x002F41A0,0x8
0x002F420C,0x002F4210,0x4
0x002F4254,0x002F4260,0xC
0x002F4354,0x002F4360,0xC
0x002F4388,0x002F4390,0x8
0x002F4468,0x002F4470,0x8
0x002F4564,0x002F4570,0xC
0x002F45D8,0x002F45E0,0x8
0x002F470C,0x002F4710,0x4
0x002F47AC,0x002F47B0,0x4
0x002F485C,0x002F4860,0x4
0x002F48C8,0x002F48D0,0x8
0x002F4938,0x002F4940,0x8
0x002F4A14,0x002F4A20,0xC
0x002F4A48,0x002F4A50,0x8
0x002F4B18,0x002F4B20,0x8
0x002F4B28,0x002F4B30,0x8
0x002F4BAC,0x002F4BB0,0x4
0x002F4C98,0x002F4CA0,0x8
0x002F4F3C,0x002F4F40,0x4
0x002F4FBC,0x002F4FC0,0x4
0x002F506C,0x002F5070,0x4
0x002F50CC,0x002F50D0,0x4
0x002F5164,0x002F5170,0xC
0x002F51B8,0x002F51C0,0x8
0x002F51E4,0x002F51F0,0xC
0x002F5224,0x002F5230,0xC
0x002F52B4,0x002F52C0,0xC
0x002F532C,0x002F5330,0x4
0x002F5414,0x002F5420,0xC
0x002F54B8,0x002F54C0,0x8
0x002F55B4,0x002F55C0,0xC
0x002F5658,0x002F5660,0x8
0x002F5808,0x002F5810,0x8
0x002F58CC,0x002F58D0,0x4
0x002F5974,0x002F5980,0xC
0x002F5988,0x002F5990,0x8
0x002F5A2C,0x002F5A30,0x4
0x002F5B98,0x002F5BA0,0x8
0x002F5DDC,0x002F5DE0,0x4
0x002F5E78,0x002F5E80,0x8
0x002F5ED4,0x002F5EE0,0xC
0x002F5F44,0x002F5F50,0xC
0x002F600C,0x002F6010,0x4
0x002F60D8,0x002F60E0,0x8
0x002F611C,0x002F6120,0x4
0x002F61F8,0x002F6200,0x8
0x002F626C,0x002F6270,0x4
0x002F62EC,0x002F62F0,0x4
0x002F636C,0x002F6370,0x4
0x002F6414,0x002F6420,0xC
0x002F644C,0x002F6450,0x4
0x002F648C,0x002F6490,0x4
0x002F6614,0x002F6620,0xC
0x002F6754,0x002F6760,0xC
0x002F6798,0x002F67A0,0x8
0x002F67F4,0x002F6800,0xC
0x002F6854,0x002F6860,0xC
0x002F68C8,0x002F68D0,0x8
0x002F692C,0x002F6930,0x4
0x002F69D8,0x002F69E0,0x8
0x002F6AF8,0x002F6B00,0x8
0x002F6BEC,0x002F6BF0,0x4
0x002F6CF8,0x002F6D00,0x8
0x002F6E78,0x002F6E80,0x8
0x002F6F9C,0x002F6FA0,0x4
0x002F702C,0x002F7030,0x4
0x002F70BC,0x002F70C0,0x4
0x002F712C,0x002F7130,0x4
0x002F7188,0x002F7190,0x8
0x002F72B4,0x002F72C0,0xC
0x002F7528,0x002F7530,0x8
0x002F7538,0x002F7540,0x8
0x002F7598,0x002F75A0,0x8
0x002F7624,0x002F7630,0xC
0x002F7734,0x002F7740,0xC
0x002F7ACC,0x002F7AD0,0x4
0x002F7C88,0x002F7C90,0x8
0x002F7E04,0x002F7E10,0xC
0x002F7E5C,0x002F7E60,0x4
0x002F7F24,0x002F7F30,0xC
0x002F8068,0x002F8070,0x8
0x002F80F4,0x002F8100,0xC
0x002F816C,0x002F8170,0x4
0x002F81DC,0x002F81E0,0x4
0x002F8214,0x002F8220,0xC
0x002F82E8,0x002F82F0,0x8
0x002F832C,0x002F8330,0x4
0x002F844C,0x002F8450,0x4
0x002F8514,0x002F8520,0xC
0x002F8678,0x002F8680,0x8
0x002F873C,0x002F8740,0x4
0x002F888C,0x002F8890,0x4
0x002F89A4,0x002F89B0,0xC
0x002F8A38,0x002F8A40,0x8
0x002F8AB4,0x002F8AC0,0xC
0x002F8B4C,0x002F8B50,0x4
0x002F8BEC,0x002F8BF0,0x4
0x002F8CB4,0x002F8CC0,0xC
0x002F8D14,0x002F8D20,0xC
0x002F8D74,0x002F8D80,0xC
0x002F8DA8,0x002F8DB0,0x8
0x002F8DD4,0x002F8DE0,0xC
0x002F8E34,0x002F8E40,0xC
0x002F8EA8,0x002F8EB0,0x8
0x002F8F0C,0x002F8F10,0x4
0x002F8FB8,0x002F8FC0,0x8
0x002F9078,0x002F9080,0x8
0x002F91D4,0x002F91E0,0xC
0x002F92D8,0x002F92E0,0x8
0x002F9498,0x002F94A0,0x8
0x002F9508,0x002F9510,0x8
0x002F9738,0x002F9740,0x8
0x002F984C,0x002F9850,0x4
0x002F98E4,0x002F98F0,0xC
0x002F9A0C,0x002F9A10,0x4
0x002F9A4C,0x002F9A50,0x4
0x002F9B18,0x002F9B20,0x8
0x002F9BFC,0x002F9C00,0x4
0x002F9C58,0x002F9C60,0x8
0x002F9D54,0x002F9D60,0xC
0x002F9E54,0x002F9E60,0xC
0x002F9FD4,0x002F9FE0,0xC
0x002FA01C,0x002FA020,0x4
0x002FA144,0x002FA150,0xC
0x002FA1F8,0x002FA200,0x8
0x002FA2B4,0x002FA2C0,0xC
0x002FA348,0x002FA350,0x8
0x002FA408,0x002FA410,0x8
0x002FA488,0x002FA490,0x8
0x002FA518,0x002FA520,0x8
0x002FA5EC,0x002FA5F0,0x4
0x002FA6B4,0x002FA6C0,0xC
0x002FA72C,0x002FA730,0x4
0x002FA7EC,0x002FA7F0,0x4
0x002FA8BC,0x002FA8C0,0x4
0x002FA9BC,0x002FA9C0,0x4
0x002FAABC,0x002FAAC0,0x4
0x002FAB9C,0x002FABA0,0x4
0x002FAC48,0x002FAC50,0x8
0x002FAE3C,0x002FAE40,0x4
0x002FAF38,0x002FAF40,0x8
0x002FB0BC,0x002FB0C0,0x4
0x002FB1B8,0x002FB1C0,0x8
0x002FB258,0x002FB260,0x8
0x002FB2A4,0x002FB2B0,0xC
0x002FB338,0x002FB340,0x8
0x002FB3F8,0x002FB400,0x8
0x002FB408,0x002FB410,0x8
0x002FB4D4,0x002FB4E0,0xC
0x002FB574,0x002FB580,0xC
0x002FB614,0x002FB620,0xC
0x002FB7D8,0x002FB7E0,0x8
0x002FB914,0x002FB920,0xC
0x002FB9CC,0x002FB9D0,0x4
0x002FBA3C,0x002FBA40,0x4
0x002FBAF8,0x002FBB00,0x8
0x002FBB3C,0x002FBB40,0x4
0x002FBBCC,0x002FBBD0,0x4
0x002FBBDC,0x002FBBE0,0x4
0x002FBC38,0x002FBC40,0x8
0x002FBC98,0x002FBCA0,0x8
0x002FBD04,0x002FBD10,0xC
0x002FBD74,0x002FBD80,0xC
0x002FBE28,0x002FBE30,0x8
0x002FBF18,0x002FBF20,0x8
0x002FBFF4,0x002FC000,0xC
0x002FC0A8,0x002FC0B0,0x8
0x002FC14C,0x002FC150,0x4
0x002FC204,0x002FC210,0xC
0x002FC268,0x002FC270,0x8
0x002FC2DC,0x002FC2E0,0x4
0x002FC434,0x002FC440,0xC
0x002FC4EC,0x002FC4F0,0x4
0x002FC5A8,0x002FC5B0,0x8
0x002FC638,0x002FC640,0x8
0x002FC6A8,0x002FC6B0,0x8
0x002FC84C,0x002FC850,0x4
0x002FC8D8,0x002FC8E0,0x8
0x002FC918,0x002FC920,0x8
0x002FC9A4,0x002FC9B0,0xC
0x002FCA98,0x002FCAA0,0x8
0x002FCB88,0x002FCB90,0x8
0x002FCE0C,0x002FCE10,0x4
0x002FCF68,0x002FCF70,0x8
0x002FD0AC,0x002FD0B0,0x4
0x002FD0FC,0x002FD100,0x4
0x002FD1C4,0x002FD1D0,0xC
0x002FD2C8,0x002FD2D0,0x8
0x002FD33C,0x002FD340,0x4
0x002FD3AC,0x002FD3B0,0x4
0x002FD41C,0x002FD420,0x4
0x002FD454,0x002FD460,0xC
0x002FD50C,0x002FD510,0x4
0x002FD54C,0x002FD550,0x4
0x002FD7A4,0x002FD7B0,0xC
0x002FD878,0x002FD880,0x8
0x002FD938,0x002FD940,0x8
0x002FD97C,0x002FD980,0x4
0x002FD9F4,0x002FDA00,0xC
0x002FDAB8,0x002FDAC0,0x8
0x002FDB0C,0x002FDB10,0x4
0x002FDB88,0x002FDB90,0x8
0x002FDB98,0x002FDBA0,0x8
0x002FDCBC,0x002FDCC0,0x4
0x002FDD2C,0x002FDD30,0x4
0x002FDD8C,0x002FDD90,0x4
0x002FDE48,0x002FDE50,0x8
0x002FE144,0x002FE150,0xC
0x002FE1BC,0x002FE1C0,0x4
0x002FE364,0x002FE370,0xC
0x002FE488,0x002FE490,0x8
0x002FE618,0x002FE620,0x8
0x002FE784,0x002FE790,0xC
0x002FE8A8,0x002FE8B0,0x8
0x002FE9F4,0x002FEA00,0xC
0x002FEA48,0x002FEA50,0x8
0x002FEB7C,0x002FEB80,0x4
0x002FED98,0x002FEDA0,0x8
0x002FEEFC,0x002FEF00,0x4
0x002FEF3C,0x002FEF40,0x4
0x002FF01C,0x002FF020,0x4
0x002FF0FC,0x002FF100,0x4
0x002FF174,0x002FF180,0xC
0x002FF27C,0x002FF280,0x4
0x002FF3E8,0x002FF3F0,0x8
0x002FF578,0x002FF580,0x8
0x002FF618,0x002FF620,0x8
0x002FF754,0x002FF760,0xC
0x002FF88C,0x002FF890,0x4
0x002FF94C,0x002FF950,0x4
0x002FFAC8,0x002FFAD0,0x8
0x002FFAF4,0x002FFB00,0xC
0x002FFB24,0x002FFB30,0xC
0x002FFC64,0x002FFC70,0xC
0x002FFDF8,0x002FFE00,0x8
0x002FFE3C,0x002FFE40,0x4
0x002FFEEC,0x002FFEF0,0x4
0x002FFF5C,0x002FFF60,0x4
0x0030001C,0x00300020,0x4
0x0030005C,0x00300060,0x4
0x00300138,0x00300140,0x8
0x003001AC,0x003001B0,0x4
0x003004B8,0x003004C0,0x8
0x00300518,0x00300520,0x8
0x00300588,0x00300590,0x8
0x003005F8,0x00300600,0x8
0x003006A8,0x003006B0,0x8
0x0030079C,0x003007A0,0x4
0x00300848,0x00300850,0x8
0x003008B8,0x003008C0,0x8
0x003009B8,0x003009C0,0x8
0x00300A2C,0x00300A30,0x4
0x00300AAC,0x00300AB0,0x4
0x00300B08,0x00300B10,0x8
0x00300B7C,0x00300B80,0x4
0x00300BFC,0x00300C00,0x4
0x00300C08,0x00300C10,0x8
0x00300C74,0x00300C80,0xC
0x00300CA8,0x00300CB0,0x8
0x00300D34,0x00300D40,0xC
0x00300E34,0x00300E40,0xC
0x00300F34,0x00300F40,0xC
0x00301038,0x00301040,0x8
0x0030112C,0x00301130,0x4
0x003011AC,0x003011B0,0x4
0x003011FC,0x00301200,0x4
0x00301374,0x00301380,0xC
0x00301598,0x003015A0,0x8
0x003015EC,0x003015F0,0x4
0x003016B4,0x003016C0,0xC
0x0030171C,0x00301720,0x4
0x0030175C,0x00301760,0x4
0x003017D8,0x003017E0,0x8
0x0030181C,0x00301820,0x4
0x0030183C,0x00301840,0x4
0x0030189C,0x003018A0,0x4
0x003018DC,0x003018E0,0x4
0x0030199C,0x003019A0,0x4
0x00301ABC,0x00301AC0,0x4
0x00301B84,0x00301B90,0xC
0x00301CCC,0x00301CD0,0x4
0x00301D44,0x00301D50,0xC
0x00301DEC,0x00301DF0,0x4
0x00301E4C,0x00301E50,0x4
0x00301E8C,0x00301E90,0x4
0x00301ECC,0x00301ED0,0x4
0x00301F5C,0x00301F60,0x4
0x00302048,0x00302050,0x8
0x00302318,0x00302320,0x8
0x0030239C,0x003023A0,0x4
0x003024E8,0x003024F0,0x8
0x0030252C,0x00302530,0x4
0x00302624,0x00302630,0xC
0x003026CC,0x003026D0,0x4
0x0030275C,0x00302760,0x4
0x003027F8,0x00302800,0x8
0x0030288C,0x00302890,0x4
0x00302904,0x00302910,0xC
0x00302988,0x00302990,0x8
0x00302998,0x003029A0,0x8
0x00302A04,0x00302A10,0xC
0x00302A54,0x00302A60,0xC
0x00302AA4,0x00302AB0,0xC
0x00302B0C,0x00302B10,0x4
0x00302B9C,0x00302BA0,0x4
0x00302C38,0x00302C40,0x8
0x00302C7C,0x00302C80,0x4
0x00302D7C,0x00302D80,0x4
0x00302DD4,0x00302DE0,0xC
0x00302E48,0x00302E50,0x8
0x00302EC8,0x00302ED0,0x8
0x00302F0C,0x00302F10,0x4
0x0030305C,0x00303060,0x4
0x003030C4,0x003030D0,0xC
0x00303184,0x00303190,0xC
0x00303334,0x00303340,0xC
0x0030349C,0x003034A0,0x4
0x003034DC,0x003034E0,0x4
0x003035C8,0x003035D0,0x8
0x00303714,0x00303720,0xC
0x003038C8,0x003038D0,0x8
0x0030394C,0x00303950,0x4
0x00303974,0x00303980,0xC
0x0030399C,0x003039A0,0x4
0x00303A44,0x00303A50,0xC
0x00303B34,0x00303B40,0xC
0x00303BFC,0x00303C00,0x4
0x00303CDC,0x00303CE0,0x4
0x00303D68,0x00303D70,0x8
0x00303DDC,0x00303DE0,0x4
0x00303E1C,0x00303E20,0x4
0x00303EFC,0x00303F00,0x4
0x00303FE4,0x00303FF0,0xC
0x003040A8,0x003040B0,0x8
0x003040EC,0x003040F0,0x4
0x00304378,0x00304380,0x8
0x003044F4,0x00304500,0xC
0x0030459C,0x003045A0,0x4
0x00304658,0x00304660,0x8
0x00304728,0x00304730,0x8
0x0030480C,0x00304810,0x4
0x003048D8,0x003048E0,0x8
0x0030491C,0x00304920,0x4
0x003049A8,0x003049B0,0x8
0x00304A08,0x00304A10,0x8
0x00304A78,0x00304A80,0x8
0x00304AE8,0x00304AF0,0x8
0x00304B98,0x00304BA0,0x8
0x00304CBC,0x00304CC0,0x4
0x00304D74,0x00304D80,0xC
0x00304DFC,0x00304E00,0x4
0x00304EA4,0x00304EB0,0xC
0x00305038,0x00305040,0x8
0x003050E8,0x003050F0,0x8
0x00305188,0x00305190,0x8
0x003051FC,0x00305200,0x4
0x0030526C,0x00305270,0x4
0x003052CC,0x003052D0,0x4
0x0030532C,0x00305330,0x4
0x003054E8,0x003054F0,0x8
0x00305518,0x00305520,0x8
0x003055A4,0x003055B0,0xC
0x00305688,0x00305690,0x8
0x00305774,0x00305780,0xC
0x0030588C,0x00305890,0x4
0x003059FC,0x00305A00,0x4
0x00305A3C,0x00305A40,0x4
0x00305B74,0x00305B80,0xC
0x00305CB4,0x00305CC0,0xC
0x00305D0C,0x00305D10,0x4
0x00305DD4,0x00305DE0,0xC
0x00305FD4,0x00305FE0,0xC
0x003061D4,0x003061E0,0xC
0x00306278,0x00306280,0x8
0x00306384,0x00306390,0xC
0x0030643C,0x00306440,0x4
0x0030647C,0x00306480,0x4
0x0030676C,0x00306770,0x4
0x003067E8,0x003067F0,0x8
0x003068BC,0x003068C0,0x4
0x00306978,0x00306980,0x8
0x00306A9C,0x00306AA0,0x4
0x00306AAC,0x00306AB0,0x4
0x00306B24,0x00306B30,0xC
0x00306D18,0x00306D20,0x8
0x00306DB4,0x00306DC0,0xC
0x00306F1C,0x00306F20,0x4
0x00306FDC,0x00306FE0,0x4
0x003071BC,0x003071C0,0x4
0x00307248,0x00307250,0x8
0x00307294,0x003072A0,0xC
0x00307394,0x003073A0,0xC
0x0030741C,0x00307420,0x4
0x00307468,0x00307470,0x8
0x003075BC,0x003075C0,0x4
0x003076A8,0x003076B0,0x8
0x00307758,0x00307760,0x8
0x003077C8,0x003077D0,0x8
0x003078EC,0x003078F0,0x4
0x00307AC4,0x00307AD0,0xC
0x00307B84,0x00307B90,0xC
0x00307BCC,0x00307BD0,0x4
0x00307C18,0x00307C20,0x8
0x00307C5C,0x00307C60,0x4
0x00307D3C,0x00307D40,0x4
0x00307FF4,0x00308000,0xC
0x003080FC,0x00308100,0x4
0x003081E4,0x003081F0,0xC
0x003082E4,0x003082F0,0xC
0x00308398,0x003083A0,0x8
0x00308638,0x00308640,0x8
0x003086C8,0x003086D0,0x8
0x003087B8,0x003087C0,0x8
0x00308848,0x00308850,0x8
0x003088A8,0x003088B0,0x8
0x00308908,0x00308910,0x8
0x00308968,0x00308970,0x8
0x003089D4,0x003089E0,0xC
0x00308A44,0x00308A50,0xC
0x00308A64,0x00308A70,0xC
0x00308BE8,0x00308BF0,0x8
0x00308C98,0x00308CA0,0x8
0x00308DC4,0x00308DD0,0xC
0x00308E48,0x00308E50,0x8
0x00308ECC,0x00308ED0,0x4
0x00308F3C,0x00308F40,0x4
0x00308FAC,0x00308FB0,0x4
0x00309064,0x00309070,0xC
0x003090DC,0x003090E0,0x4
0x00309138,0x00309140,0x8
0x00309198,0x003091A0,0x8
0x0030925C,0x00309260,0x4
0x00309308,0x00309310,0x8
0x0030934C,0x00309350,0x4
0x00309444,0x00309450,0xC
0x0030955C,0x00309560,0x4
0x00309664,0x00309670,0xC
0x00309774,0x00309780,0xC
0x00309884,0x00309890,0xC
0x0030992C,0x00309930,0x4
0x00309A98,0x00309AA0,0x8
0x00309BF4,0x00309C00,0xC
0x00309CE4,0x00309CF0,0xC
0x00309DA8,0x00309DB0,0x8
0x00309E78,0x00309E80,0x8
0x00309EFC,0x00309F00,0x4
0x00309F58,0x00309F60,0x8
0x00309F94,0x00309FA0,0xC
0x0030A174,0x0030A180,0xC
0x0030A32C,0x0030A330,0x4
0x0030A3B8,0x0030A3C0,0x8
0x0030A41C,0x0030A420,0x4
0x0030A44C,0x0030A450,0x4
0x0030A4AC,0x0030A4B0,0x4
0x0030A4E4,0x0030A4F0,0xC
0x0030A524,0x0030A530,0xC
0x0030A588,0x0030A590,0x8
0x0030A618,0x0030A620,0x8
0x0030A67C,0x0030A680,0x4
0x0030A6A4,0x0030A6B0,0xC
0x0030A8FC,0x0030A900,0x4
0x0030A998,0x0030A9A0,0x8
0x0030AA1C,0x0030AA20,0x4
0x0030AA2C,0x0030AA30,0x4
0x0030AA3C,0x0030AA40,0x4
0x0030AA48,0x0030AA50,0x8
0x0030AB54,0x0030AB60,0xC
0x0030AD2C,0x0030AD30,0x4
0x0030AE84,0x0030AE90,0xC
0x0030AF58,0x0030AF60,0x8
0x0030AF84,0x0030AF90,0xC
0x0030B0B4,0x0030B0C0,0xC
0x0030B0C8,0x0030B0D0,0x8
0x0030B19C,0x0030B1A0,0x4
0x0030B22C,0x0030B230,0x4
0x0030B398,0x0030B3A0,0x8
0x0030B3F8,0x0030B400,0x8
0x0030B5B4,0x0030B5C0,0xC
0x0030B71C,0x0030B720,0x4
0x0030BA38,0x0030BA40,0x8
0x0030BAD8,0x0030BAE0,0x8
0x0030BB3C,0x0030BB40,0x4
0x0030BC08,0x0030BC10,0x8
0x0030BC98,0x0030BCA0,0x8
0x0030BD08,0x0030BD10,0x8
0x0030BDC4,0x0030BDD0,0xC
0x0030BEAC,0x0030BEB0,0x4
0x0030BF8C,0x0030BF90,0x4
0x0030C02C,0x0030C030,0x4
0x0030C088,0x0030C090,0x8
0x0030C234,0x0030C240,0xC
0x0030C42C,0x0030C430,0x4
0x0030C46C,0x0030C470,0x4
0x0030C494,0x0030C4A0,0xC
0x0030C4F4,0x0030C500,0xC
0x0030C554,0x0030C560,0xC
0x0030C5CC,0x0030C5D0,0x4
0x0030C63C,0x0030C640,0x4
0x0030C6E8,0x0030C6F0,0x8
0x0030C7DC,0x0030C7E0,0x4
0x0030C8A8,0x0030C8B0,0x8
0x0030C91C,0x0030C920,0x4
0x0030C99C,0x0030C9A0,0x4
0x0030CA1C,0x0030CA20,0x4
0x0030CA9C,0x0030CAA0,0x4
0x0030CB1C,0x0030CB20,0x4
0x0030CB78,0x0030CB80,0x8
0x0030CBEC,0x0030CBF0,0x4
0x0030CE88,0x0030CE90,0x8
0x0030D074,0x0030D080,0xC
0x0030D2C4,0x0030D2D0,0xC
0x0030D328,0x0030D330,0x8
0x0030D3D4,0x0030D3E0,0xC
0x0030D4AC,0x0030D4B0,0x4
0x0030D544,0x0030D550,0xC
0x0030D558,0x0030D560,0x8
0x0030D594,0x0030D5A0,0xC
0x0030D6C8,0x0030D6D0,0x8
0x0030D6FC,0x0030D700,0x4
0x0030D838,0x0030D840,0x8
0x0030D98C,0x0030D990,0x4
0x0030DA0C,0x0030DA10,0x4
0x0030DA84,0x0030DA90,0xC
0x0030DB5C,0x0030DB60,0x4
0x0030DBDC,0x0030DBE0,0x4
0x0030DC68,0x0030DC70,0x8
0x0030DCCC,0x0030DCD0,0x4
0x0030DD5C,0x0030DD60,0x4
0x0030DDA4,0x0030DDB0,0xC
0x0030DEE8,0x0030DEF0,0x8
0x0030DFD4,0x0030DFE0,0xC
0x0030E01C,0x0030E020,0x4
0x0030E178,0x0030E180,0x8
0x0030E27C,0x0030E280,0x4
0x0030E43C,0x0030E440,0x4
0x0030E48C,0x0030E490,0x4
0x0030E598,0x0030E5A0,0x8
0x0030E654,0x0030E660,0xC
0x0030E6A8,0x0030E6B0,0x8
0x0030E78C,0x0030E790,0x4
0x0030E88C,0x0030E890,0x4
0x0030E9F8,0x0030EA00,0x8
0x0030EAE8,0x0030EAF0,0x8
0x0030EBEC,0x0030EBF0,0x4
0x0030ED14,0x0030ED20,0xC
0x0030EF14,0x0030EF20,0xC
0x0030EFD8,0x0030EFE0,0x8
0x0030F044,0x0030F050,0xC
0x0030F08C,0x0030F090,0x4
0x0030F214,0x0030F220,0xC
0x0030F25C,0x0030F260,0x4
0x0030F2D8,0x0030F2E0,0x8
0x0030F3F8,0x0030F400,0x8
0x0030F444,0x0030F450,0xC
0x0030F558,0x0030F560,0x8
0x0030F644,0x0030F650,0xC
0x0030F664,0x0030F670,0xC
0x0030F6C8,0x0030F6D0,0x8
0x0030F6F8,0x0030F700,0x8
0x0030F744,0x0030F750,0xC
0x0030F794,0x0030F7A0,0xC
0x0030F848,0x0030F850,0x8
0x0030F93C,0x0030F940,0x4
0x0030F9A8,0x0030F9B0,0x8
0x0030FA1C,0x0030FA20,0x4
0x0030FA9C,0x0030FAA0,0x4
0x0030FB1C,0x0030FB20,0x4
0x0030FB9C,0x0030FBA0,0x4
0x0030FC0C,0x0030FC10,0x4
0x0030FC68,0x0030FC70,0x8
0x0030FCDC,0x0030FCE0,0x4
0x0030FD38,0x0030FD40,0x8
0x0030FE68,0x0030FE70,0x8
0x0030FF64,0x0030FF70,0xC
0x0030FF98,0x0030FFA0,0x8
0x00310024,0x00310030,0xC
0x0031021C,0x00310220,0x4
0x00310364,0x00310370,0xC
0x0031050C,0x00310510,0x4
0x0031065C,0x00310660,0x4
0x00310824,0x00310830,0xC
0x0031087C,0x00310880,0x4
0x00310944,0x00310950,0xC
0x00310B4C,0x00310B50,0x4
0x00310C84,0x00310C90,0xC
0x00310D8C,0x00310D90,0x4
0x00310E3C,0x00310E40,0x4
0x00310ED8,0x00310EE0,0x8
0x00310F34,0x00310F40,0xC
0x00310FBC,0x00310FC0,0x4
0x0031104C,0x00311050,0x4
0x0031114C,0x00311150,0x4
0x003111EC,0x003111F0,0x4
0x00311248,0x00311250,0x8
0x003112A4,0x003112B0,0xC
0x00311304,0x00311310,0xC
0x003113BC,0x003113C0,0x4
0x0031141C,0x00311420,0x4
0x00311578,0x00311580,0x8
0x0031166C,0x00311670,0x4
0x0031181C,0x00311820,0x4
0x003118AC,0x003118B0,0x4
0x003119AC,0x003119B0,0x4
0x00311A48,0x00311A50,0x8
0x00311B24,0x00311B30,0xC
0x00311BE4,0x00311BF0,0xC
0x00311C4C,0x00311C50,0x4
0x00311D0C,0x00311D10,0x4
0x00311DF4,0x00311E00,0xC
0x00311F98,0x00311FA0,0x8
0x00312048,0x00312050,0x8
0x003120F8,0x00312100,0x8
0x0031220C,0x00312210,0x4
0x003123EC,0x003123F0,0x4
0x003124B8,0x003124C0,0x8
0x00312548,0x00312550,0x8
0x00312684,0x00312690,0xC
0x003126D4,0x003126E0,0xC
0x00312724,0x00312730,0xC
0x003127AC,0x003127B0,0x4
0x0031283C,0x00312840,0x4
0x003128E8,0x003128F0,0x8
0x0031292C,0x00312930,0x4
0x00312A68,0x00312A70,0x8
0x00312B68,0x00312B70,0x8
0x00312D54,0x00312D60,0xC
0x00312DAC,0x00312DB0,0x4
0x00312EB4,0x00312EC0,0xC
0x003130B4,0x003130C0,0xC
0x003130FC,0x00313100,0x4
0x003132D8,0x003132E0,0x8
0x003133FC,0x00313400,0x4
0x003134DC,0x003134E0,0x4
0x0031368C,0x00313690,0x4
0x0031372C,0x00313730,0x4
0x003137C8,0x003137D0,0x8
0x0031381C,0x00313820,0x4
0x0031390C,0x00313910,0x4
0x00313A48,0x00313A50,0x8
0x00313A9C,0x00313AA0,0x4
0x00313C6C,0x00313C70,0x4
0x00313CB4,0x00313CC0,0xC
0x00313EA8,0x00313EB0,0x8
0x003140C4,0x003140D0,0xC
0x003141D4,0x003141E0,0xC
0x00314278,0x00314280,0x8
0x003142E8,0x003142F0,0x8
0x0031457C,0x00314580,0x4
0x003146C4,0x003146D0,0xC
0x0031470C,0x00314710,0x4
0x0031475C,0x00314760,0x4
0x00314988,0x00314990,0x8
0x003149CC,0x003149D0,0x4
0x00314B84,0x00314B90,0xC
0x00314C84,0x00314C90,0xC
0x00314E7C,0x00314E80,0x4
0x00314EEC,0x00314EF0,0x4
0x00314F3C,0x00314F40,0x4
0x0031509C,0x003150A0,0x4
0x003151E8,0x003151F0,0x8
0x0031522C,0x00315230,0x4
0x00315368,0x00315370,0x8
0x00315458,0x00315460,0x8
0x00315534,0x00315540,0xC
0x003155C4,0x003155D0,0xC
0x003156A8,0x003156B0,0x8
0x00315848,0x00315850,0x8
0x0031591C,0x00315920,0x4
0x0031595C,0x00315960,0x4
0x003159CC,0x003159D0,0x4
0x00315ADC,0x00315AE0,0x4
0x00315B6C,0x00315B70,0x4
0x00315C3C,0x00315C40,0x4
0x00315C7C,0x00315C80,0x4
0x00315D34,0x00315D40,0xC
0x00315E18,0x00315E20,0x8
0x00315FE8,0x00315FF0,0x8
0x0031625C,0x00316260,0x4
0x00316334,0x00316340,0xC
0x0031637C,0x00316380,0x4
0x003163FC,0x00316400,0x4
0x0031650C,0x00316510,0x4
0x003165A4,0x003165B0,0xC
0x0031662C,0x00316630,0x4
0x00316658,0x00316660,0x8
0x00316724,0x00316730,0xC
0x003167FC,0x00316800,0x4
0x003168E8,0x003168F0,0x8
0x00316974,0x00316980,0xC
0x00316A18,0x00316A20,0x8
0x00316A5C,0x00316A60,0x4
0x00316A6C,0x00316A70,0x4
0x00316AF8,0x00316B00,0x8
0x00316B58,0x00316B60,0x8
0x00316BC8,0x00316BD0,0x8
0x00316C38,0x00316C40,0x8
0x00316D28,0x00316D30,0x8
0x00316E3C,0x00316E40,0x4
0x00316ED4,0x00316EE0,0xC
0x00316F4C,0x00316F50,0x4
0x00316FF8,0x00317000,0x8
0x0031706C,0x00317070,0x4
0x00317108,0x00317110,0x8
0x0031724C,0x00317250,0x4
0x003172BC,0x003172C0,0x4
0x0031732C,0x00317330,0x4
0x0031738C,0x00317390,0x4
0x00317424,0x00317430,0xC
0x00317454,0x00317460,0xC
0x003175C4,0x003175D0,0xC
0x00317758,0x00317760,0x8
0x003177F8,0x00317800,0x8
0x0031792C,0x00317930,0x4
0x00317AC4,0x00317AD0,0xC
0x00317BEC,0x00317BF0,0x4
0x00317C94,0x00317CA0,0xC
0x00317D2C,0x00317D30,0x4
0x00317E9C,0x00317EA0,0x4
0x00317F44,0x00317F50,0xC
0x003180BC,0x003180C0,0x4
0x00318178,0x00318180,0x8
0x003181F8,0x00318200,0x8
0x0031822C,0x00318230,0x4
0x0031827C,0x00318280,0x4
0x003182E4,0x003182F0,0xC
0x00318318,0x00318320,0x8
0x003184D8,0x003184E0,0x8
0x00318524,0x00318530,0xC
0x00318614,0x00318620,0xC
0x0031875C,0x00318760,0x4
0x00318808,0x00318810,0x8
0x00318A54,0x00318A60,0xC
0x00318B3C,0x00318B40,0x4
0x00318CEC,0x00318CF0,0x4
0x00318D8C,0x00318D90,0x4
0x00318DCC,0x00318DD0,0x4
0x00318F44,0x00318F50,0xC
0x00318FF8,0x00319000,0x8
0x00319074,0x00319080,0xC
0x003191B4,0x003191C0,0xC
0x00319408,0x00319410,0x8
0x00319644,0x00319650,0xC
0x00319768,0x00319770,0x8
0x0031984C,0x00319850,0x4
0x00319B0C,0x00319B10,0x4
0x00319C04,0x00319C10,0xC
0x00319CDC,0x00319CE0,0x4
0x00319D3C,0x00319D40,0x4
0x00319E6C,0x00319E70,0x4
0x00319F14,0x00319F20,0xC
0x00319FFC,0x0031A000,0x4
0x0031A0C4,0x0031A0D0,0xC
0x0031A174,0x0031A180,0xC
0x0031A258,0x0031A260,0x8
0x0031A2F8,0x0031A300,0x8
0x0031A344,0x0031A350,0xC
0x0031A6D4,0x0031A6E0,0xC
0x0031A7F4,0x0031A800,0xC
0x0031A8FC,0x0031A900,0x4
0x0031AA08,0x0031AA10,0x8
0x0031AA9C,0x0031AAA0,0x4
0x0031AB8C,0x0031AB90,0x4
0x0031ABCC,0x0031ABD0,0x4
0x0031AC7C,0x0031AC80,0x4
0x0031AE7C,0x0031AE80,0x4
0x0031AF8C,0x0031AF90,0x4
0x0031AF9C,0x0031AFA0,0x4
0x0031AFF4,0x0031B000,0xC
0x0031B054,0x0031B060,0xC
0x0031B0C8,0x0031B0D0,0x8
0x0031B138,0x0031B140,0x8
0x0031B19C,0x0031B1A0,0x4
0x0031B208,0x0031B210,0x8
0x0031B278,0x0031B280,0x8
0x0031B328,0x0031B330,0x8
0x0031B40C,0x0031B410,0x4
0x0031B478,0x0031B480,0x8
0x0031B5F8,0x0031B600,0x8
0x0031B66C,0x0031B670,0x4
0x0031B6F4,0x0031B700,0xC
0x0031B784,0x0031B790,0xC
0x0031B85C,0x0031B860,0x4
0x0031B9A4,0x0031B9B0,0xC
0x0031B9D8,0x0031B9E0,0x8
0x0031BB4C,0x0031BB50,0x4
0x0031BC98,0x0031BCA0,0x8
0x0031BD88,0x0031BD90,0x8
0x0031BE78,0x0031BE80,0x8
0x0031BF18,0x0031BF20,0x8
0x0031C01C,0x0031C020,0x4
0x0031C1DC,0x0031C1E0,0x4
0x0031C468,0x0031C470,0x8
0x0031C6AC,0x0031C6B0,0x4
0x0031C7D8,0x0031C7E0,0x8
0x0031C8E4,0x0031C8F0,0xC
0x0031CAFC,0x0031CB00,0x4
0x0031CC24,0x0031CC30,0xC
0x0031CCC8,0x0031CCD0,0x8
0x0031CDFC,0x0031CE00,0x4
0x0031CF14,0x0031CF20,0xC
0x0031CFA8,0x0031CFB0,0x8
0x0031D158,0x0031D160,0x8
0x0031D1FC,0x0031D200,0x4
0x0031D23C,0x0031D240,0x4
0x0031D2A8,0x0031D2B0,0x8
0x0031D378,0x0031D380,0x8
0x0031D468,0x0031D470,0x8
0x0031D518,0x0031D520,0x8
0x0031D618,0x0031D620,0x8
0x0031D868,0x0031D870,0x8
0x0031D954,0x0031D960,0xC
0x0031DABC,0x0031DAC0,0x4
0x0031DC3C,0x0031DC40,0x4
0x0031DD24,0x0031DD30,0xC
0x0031DDF4,0x0031DE00,0xC
0x0031DEBC,0x0031DEC0,0x4
0x0031DF78,0x0031DF80,0x8
0x0031E2BC,0x0031E2C0,0x4
0x0031E3D8,0x0031E3E0,0x8
0x0031E4F8,0x0031E500,0x8
0x0031E654,0x0031E660,0xC
0x0031E704,0x0031E710,0xC
0x0031E718,0x0031E720,0x8
0x0031E764,0x0031E770,0xC
0x0031E948,0x0031E950,0x8
0x0031E9C4,0x0031E9D0,0xC
0x0031EAAC,0x0031EAB0,0x4
0x0031EB98,0x0031EBA0,0x8
0x0031EDCC,0x0031EDD0,0x4
0x0031EE8C,0x0031EE90,0x4
0x0031F058,0x0031F060,0x8
0x0031F144,0x0031F150,0xC
0x0031F18C,0x0031F190,0x4
0x0031F288,0x0031F290,0x8
0x0031F334,0x0031F340,0xC
0x0031F3BC,0x0031F3C0,0x4
0x0031F5DC,0x0031F5E0,0x4
0x0031F758,0x0031F760,0x8
0x0031F7F8,0x0031F800,0x8
0x0031F8D8,0x0031F8E0,0x8
0x0031F9CC,0x0031F9D0,0x4
0x0031FAEC,0x0031FAF0,0x4
0x0031FB98,0x0031FBA0,0x8
0x0031FC44,0x0031FC50,0xC
0x0031FE54,0x0031FE60,0xC
0x0031FE9C,0x0031FEA0,0x4
0x0031FFD8,0x0031FFE0,0x8
0x003202C8,0x003202D0,0x8
0x003203D4,0x003203E0,0xC
0x003204D4,0x003204E0,0xC
0x003205B8,0x003205C0,0x8
0x003206A4,0x003206B0,0xC
0x0032072C,0x00320730,0x4
0x003207EC,0x003207F0,0x4
0x0032089C,0x003208A0,0x4
0x0032091C,0x00320920,0x4
0x0032097C,0x00320980,0x4
0x00320A48,0x00320A50,0x8
0x00320AAC,0x00320AB0,0x4
0x00320B78,0x00320B80,0x8
0x00320BBC,0x00320BC0,0x4
0x00320C7C,0x00320C80,0x4
0x00320D84,0x00320D90,0xC
0x00320DE8,0x00320DF0,0x8
0x00320E48,0x00320E50,0x8
0x00320F38,0x00320F40,0x8
0x00320FEC,0x00320FF0,0x4
0x003210C4,0x003210D0,0xC
0x0032122C,0x00321230,0x4
0x00321288,0x00321290,0x8
0x003212F8,0x00321300,0x8
0x00321358,0x00321360,0x8
0x00321498,0x003214A0,0x8
0x003214A8,0x003214B0,0x8
0x003214E8,0x003214F0,0x8
0x003215F4,0x00321600,0xC
0x003216BC,0x003216C0,0x4
0x00321778,0x00321780,0x8
0x003217CC,0x003217D0,0x4
0x00321974,0x00321980,0xC
0x00321988,0x00321990,0x8
0x00321A7C,0x00321A80,0x4
0x00321A88,0x00321A90,0x8
0x00321B78,0x00321B80,0x8
0x00321CBC,0x00321CC0,0x4
0x00321D4C,0x00321D50,0x4
0x00321E38,0x00321E40,0x8
0x00321E84,0x00321E90,0xC
0x00321E98,0x00321EA0,0x8
0x00321F28,0x00321F30,0x8
0x00321F38,0x00321F40,0x8
0x00322064,0x00322070,0xC
0x003221A8,0x003221B0,0x8
0x003221E8,0x003221F0,0x8
0x00322298,0x003222A0,0x8
0x0032239C,0x003223A0,0x4
0x0032252C,0x00322530,0x4
0x00322644,0x00322650,0xC
0x0032274C,0x00322750,0x4
0x003227BC,0x003227C0,0x4
0x0032282C,0x00322830,0x4
0x003228D4,0x003228E0,0xC
0x00322954,0x00322960,0xC
0x00322BB8,0x00322BC0,0x8
0x00322CE4,0x00322CF0,0xC
0x00322D48,0x00322D50,0x8
0x00322DDC,0x00322DE0,0x4
0x00322E14,0x00322E20,0xC
0x00322F04,0x00322F10,0xC
0x00322F3C,0x00322F40,0x4
0x00323094,0x003230A0,0xC
0x00323174,0x00323180,0xC
0x00323228,0x00323230,0x8
0x0032332C,0x00323330,0x4
0x003233DC,0x003233E0,0x4
0x00323484,0x00323490,0xC
0x00323604,0x00323610,0xC
0x0032377C,0x00323780,0x4
0x003238E4,0x003238F0,0xC
0x00323A8C,0x00323A90,0x4
0x00323B68,0x00323B70,0x8
0x00323C74,0x00323C80,0xC
0x00323E1C,0x00323E20,0x4
0x00323E5C,0x00323E60,0x4
0x00323EC8,0x00323ED0,0x8
0x00323F24,0x00323F30,0xC
0x00324104,0x00324110,0xC
0x00324128,0x00324130,0x8
0x00324228,0x00324230,0x8
0x00324284,0x00324290,0xC
0x0032432C,0x00324330,0x4
0x003244C8,0x003244D0,0x8
0x00324588,0x00324590,0x8
0x003245EC,0x003245F0,0x4
0x003246AC,0x003246B0,0x4
0x00324824,0x00324830,0xC
0x003249F4,0x00324A00,0xC
0x00324A4C,0x00324A50,0x4
0x00324AA4,0x00324AB0,0xC
0x00324B58,0x00324B60,0x8
0x00324CA8,0x00324CB0,0x8
0x00324DD4,0x00324DE0,0xC
0x00324E38,0x00324E40,0x8
0x00324E98,0x00324EA0,0x8
0x00324FE4,0x00324FF0,0xC
0x003250E8,0x003250F0,0x8
0x00325228,0x00325230,0x8
0x003253E8,0x003253F0,0x8
0x00325434,0x00325440,0xC
0x003255D4,0x003255E0,0xC
0x003256C8,0x003256D0,0x8
0x0032570C,0x00325710,0x4
0x003258A4,0x003258B0,0xC
0x0032595C,0x00325960,0x4
0x003259D4,0x003259E0,0xC
0x00325A64,0x00325A70,0xC
0x00325B48,0x00325B50,0x8
0x00325BF4,0x00325C00,0xC
0x00325C8C,0x00325C90,0x4
0x00325E4C,0x00325E50,0x4
0x00325EDC,0x00325EE0,0x4
0x003260DC,0x003260E0,0x4
0x00326188,0x00326190,0x8
0x00326224,0x00326230,0xC
0x0032643C,0x00326440,0x4
0x0032647C,0x00326480,0x4
0x00326578,0x00326580,0x8
0x00326588,0x00326590,0x8
0x003265B8,0x003265C0,0x8
0x003265E8,0x003265F0,0x8
0x00326634,0x00326640,0xC
0x00326684,0x00326690,0xC
0x003266D8,0x003266E0,0x8
0x003266FC,0x00326700,0x4
0x003268A4,0x003268B0,0xC
0x00326928,0x00326930,0x8
0x00326AEC,0x00326AF0,0x4
0x00326B68,0x00326B70,0x8
0x00326C78,0x00326C80,0x8
0x00326DDC,0x00326DE0,0x4
0x00326F48,0x00326F50,0x8
0x0032706C,0x00327070,0x4
0x00327184,0x00327190,0xC
0x003271C4,0x003271D0,0xC
0x0032739C,0x003273A0,0x4
0x00327568,0x00327570,0x8
0x00327744,0x00327750,0xC
0x003278B4,0x003278C0,0xC
0x00327C1C,0x00327C20,0x4
0x00327CEC,0x00327CF0,0x4
0x00327DD4,0x00327DE0,0xC
0x00327E38,0x00327E40,0x8
0x00327F68,0x00327F70,0x8
0x00327FA8,0x00327FB0,0x8
0x0032815C,0x00328160,0x4
0x0032826C,0x00328270,0x4
0x00328328,0x00328330,0x8
0x00328374,0x00328380,0xC
0x003283F4,0x00328400,0xC
0x00328418,0x00328420,0x8
0x0032855C,0x00328560,0x4
0x00328724,0x00328730,0xC
0x00328738,0x00328740,0x8
0x00328798,0x003287A0,0x8
0x0032889C,0x003288A0,0x4
0x003288EC,0x003288F0,0x4
0x0032898C,0x00328990,0x4
0x003289E8,0x003289F0,0x8
0x00328B84,0x00328B90,0xC
0x00328B9C,0x00328BA0,0x4
0x00328BA8,0x00328BB0,0x8
0x00328C68,0x00328C70,0x8
0x00328D2C,0x00328D30,0x4
0x00328DC4,0x00328DD0,0xC
0x00328DD8,0x00328DE0,0x8
0x00328DEC,0x00328DF0,0x4
0x00328DF8,0x00328E00,0x8
0x00328EB8,0x00328EC0,0x8
0x00328F7C,0x00328F80,0x4
0x00329014,0x00329020,0xC
0x00329028,0x00329030,0x8
0x0032903C,0x00329040,0x4
0x00329048,0x00329050,0x8
0x003290FC,0x00329100,0x4
0x00329214,0x00329220,0xC
0x0032928C,0x00329290,0x4
0x003292C8,0x003292D0,0x8
0x0032930C,0x00329310,0x4
0x0032942C,0x00329430,0x4
0x00329448,0x00329450,0x8
0x00329478,0x00329480,0x8
0x00329488,0x00329490,0x8
0x0032949C,0x003294A0,0x4
0x003294A8,0x003294B0,0x8
0x00329508,0x00329510,0x8
0x003295CC,0x003295D0,0x4
0x00329664,0x00329670,0xC
0x00329678,0x00329680,0x8
0x0032968C,0x00329690,0x4
0x00329698,0x003296A0,0x8
0x0032974C,0x00329750,0x4
0x003297A8,0x003297B0,0x8
0x00329804,0x00329810,0xC
0x00329884,0x00329890,0xC
0x003298A4,0x003298B0,0xC
0x003299C8,0x003299D0,0x8
0x003299DC,0x003299E0,0x4
0x003299EC,0x003299F0,0x4
0x00329AB4,0x00329AC0,0xC
0x00329C48,0x00329C50,0x8
0x0032A1AC,0x0032A1B0,0x4
0x0032A20C,0x0032A210,0x4
0x0032A374,0x0032A380,0xC
0x0032A50C,0x0032A510,0x4
0x0032A56C,0x0032A570,0x4
0x0032A7EC,0x0032A7F0,0x4
0x0032A864,0x0032A870,0xC
0x0032A8D4,0x0032A8E0,0xC
0x0032A9CC,0x0032A9D0,0x4
0x0032A9D8,0x0032A9E0,0x8
0x0032AA3C,0x0032AA40,0x4
0x0032ACC8,0x0032ACD0,0x8
0x0032AD8C,0x0032AD90,0x4
0x0032ADBC,0x0032ADC0,0x4
0x0032AF38,0x0032AF40,0x8
0x0032AF5C,0x0032AF60,0x4
0x0032AFFC,0x0032B000,0x4
0x0032B3C4,0x0032B3D0,0xC
0x0032B684,0x0032B690,0xC
0x0032B7F8,0x0032B800,0x8
0x0032BDE8,0x0032BDF0,0x8
0x0032BEBC,0x0032BEC0,0x4
0x0032BECC,0x0032BED0,0x4
0x0032BEE4,0x0032BEF0,0xC
0x0032BF58,0x0032BF60,0x8
0x0032BF68,0x0032BF70,0x8
0x0032BFCC,0x0032BFD0,0x4
0x0032C03C,0x0032C040,0x4
0x0032C138,0x0032C140,0x8
0x0032C178,0x0032C180,0x8
0x0032C3E8,0x0032C3F0,0x8
0x0032C4D4,0x0032C4E0,0xC
0x0032C51C,0x0032C520,0x4
0x0032C5C4,0x0032C5D0,0xC
0x0032C77C,0x0032C780,0x4
0x0032C874,0x0032C880,0xC
0x0032C984,0x0032C990,0xC
0x0032CD34,0x0032CD40,0xC
0x0032CE1C,0x0032CE20,0x4
0x0032CEA4,0x0032CEB0,0xC
0x0032CFD8,0x0032CFE0,0x8
0x0032D014,0x0032D020,0xC
0x0032D0A8,0x0032D0B0,0x8
0x0032D1A8,0x0032D1B0,0x8
0x0032D1E8,0x0032D1F0,0x8
0x0032D228,0x0032D230,0x8
0x0032D28C,0x0032D290,0x4
0x0032D2EC,0x0032D2F0,0x4
0x0032D34C,0x0032D350,0x4
0x0032D384,0x0032D390,0xC
0x0032D444,0x0032D450,0xC
0x0032D4D4,0x0032D4E0,0xC
0x0032D564,0x0032D570,0xC
0x0032D5EC,0x0032D5F0,0x4
0x0032D614,0x0032D620,0xC
0x0032D65C,0x0032D660,0x4
0x0032D72C,0x0032D730,0x4
0x0032D96C,0x0032D970,0x4
0x0032DE88,0x0032DE90,0x8
0x0032DEE4,0x0032DEF0,0xC
0x0032DEF8,0x0032DF00,0x8
0x0032DF84,0x0032DF90,0xC
0x0032E404,0x0032E410,0xC
0x0032E51C,0x0032E520,0x4
0x0032E5F4,0x0032E600,0xC
0x0032E608,0x0032E610,0x8
0x0032E644,0x0032E650,0xC
0x0032E684,0x0032E690,0xC
0x0032E6BC,0x0032E6C0,0x4
0x0032EC24,0x0032EC30,0xC
0x0032ECA8,0x0032ECB0,0x8
0x0032ECB8,0x0032ECC0,0x8
0x0032EE48,0x0032EE50,0x8
0x0032EF0C,0x0032EF10,0x4
0x0032F04C,0x0032F050,0x4
0x0032F158,0x0032F160,0x8
0x0032F1A4,0x0032F1B0,0xC
0x0032F494,0x0032F4A0,0xC
0x0032F5B4,0x0032F5C0,0xC
0x0032F788,0x0032F790,0x8
0x0032F7DC,0x0032F7E0,0x4
0x0032F968,0x0032F970,0x8
0x0032F978,0x0032F980,0x8
0x0032FA5C,0x0032FA60,0x4
0x0032FB94,0x0032FBA0,0xC
0x0032FBFC,0x0032FC00,0x4
0x0032FE28,0x0032FE30,0x8
0x0032FEA4,0x0032FEB0,0xC
0x0032FEF4,0x0032FF00,0xC
0x003302DC,0x003302E0,0x4
0x00330318,0x00330320,0x8
0x00330378,0x00330380,0x8
0x003305D4,0x003305E0,0xC
0x0033074C,0x00330750,0x4
0x00330B74,0x00330B80,0xC
0x00330C14,0x00330C20,0xC
0x00330CDC,0x00330CE0,0x4
0x00330E6C,0x00330E70,0x4
0x00330EA4,0x00330EB0,0xC
0x00330EE4,0x00330EF0,0xC
0x00330FE4,0x00330FF0,0xC
0x00331194,0x003311A0,0xC
0x00331344,0x00331350,0xC
0x003315BC,0x003315C0,0x4
0x00331728,0x00331730,0x8
0x00331AAC,0x00331AB0,0x4
0x00331C18,0x00331C20,0x8
0x00331FD4,0x00331FE0,0xC
0x003320B4,0x003320C0,0xC
0x00332108,0x00332110,0x8
0x00332418,0x00332420,0x8
0x00332578,0x00332580,0x8
0x003327E4,0x003327F0,0xC
0x0033291C,0x00332920,0x4
0x00332AA4,0x00332AB0,0xC
0x00332B88,0x00332B90,0x8
0x00332C34,0x00332C40,0xC
0x00332D2C,0x00332D30,0x4
0x00332EB4,0x00332EC0,0xC
0x00332F6C,0x00332F70,0x4
0x00332FFC,0x00333000,0x4
0x0033317C,0x00333180,0x4
0x00333328,0x00333330,0x8
0x003333BC,0x003333C0,0x4
0x00333584,0x00333590,0xC
0x0033370C,0x00333710,0x4
0x003338B8,0x003338C0,0x8
0x0033394C,0x00333950,0x4
0x00333AF8,0x00333B00,0x8
0x00333FD4,0x00333FE0,0xC
0x00334078,0x00334080,0x8
0x003346C4,0x003346D0,0xC
0x00334938,0x00334940,0x8
0x003349CC,0x003349D0,0x4
0x003349D8,0x003349E0,0x8
0x00334AC4,0x00334AD0,0xC
0x00334B34,0x00334B40,0xC
0x00334B98,0x00334BA0,0x8
0x00334BE8,0x00334BF0,0x8
0x00334C3C,0x00334C40,0x4
0x00334DC8,0x00334DD0,0x8
0x00334E1C,0x00334E20,0x4
0x00334EF8,0x00334F00,0x8
0x00334F4C,0x00334F50,0x4
0x00334F9C,0x00334FA0,0x4
0x00335068,0x00335070,0x8
0x0033513C,0x00335140,0x4
0x00335388,0x00335390,0x8
0x0033553C,0x00335540,0x4
0x0033563C,0x00335640,0x4
0x003356CC,0x003356D0,0x4
0x0033582C,0x00335830,0x4
0x00335944,0x00335950,0xC
0x003359DC,0x003359E0,0x4
0x00335A58,0x00335A60,0x8
0x00335B04,0x00335B10,0xC
0x00335C0C,0x00335C10,0x4
0x00335C4C,0x00335C50,0x4
0x00335D7C,0x00335D80,0x4
0x00335DFC,0x00335E00,0x4
0x00335F38,0x00335F40,0x8
0x00335FBC,0x00335FC0,0x4
0x00336194,0x003361A0,0xC
0x0033635C,0x00336360,0x4
0x003363AC,0x003363B0,0x4
0x00336454,0x00336460,0xC
0x00336528,0x00336530,0x8
0x003365DC,0x003365E0,0x4
0x003366E8,0x003366F0,0x8
0x003367E8,0x003367F0,0x8
0x00336834,0x00336840,0xC
0x003368F4,0x00336900,0xC
0x003369F8,0x00336A00,0x8
0x00336A48,0x00336A50,0x8
0x00336B04,0x00336B10,0xC
0x00336B18,0x00336B20,0x8
0x00336C5C,0x00336C60,0x4
0x00336F0C,0x00336F10,0x4
0x003370C8,0x003370D0,0x8
0x0033720C,0x00337210,0x4
0x003374BC,0x003374C0,0x4
0x0033761C,0x00337620,0x4
0x00337628,0x00337630,0x8
0x00337654,0x00337660,0xC
0x003376EC,0x003376F0,0x4
0x003377F8,0x00337800,0x8
0x00337844,0x00337850,0xC
0x003378FC,0x00337900,0x4
0x00337A88,0x00337A90,0x8
0x00337B3C,0x00337B40,0x4
0x00337B68,0x00337B70,0x8
0x00337B94,0x00337BA0,0xC
0x00337D48,0x00337D50,0x8
0x00337EC4,0x00337ED0,0xC
0x00337F28,0x00337F30,0x8
0x00338018,0x00338020,0x8
0x0033804C,0x00338050,0x4
0x00338174,0x00338180,0xC
0x00338274,0x00338280,0xC
0x0033856C,0x00338570,0x4
0x00338664,0x00338670,0xC
0x00338A2C,0x00338A30,0x4
0x00338B24,0x00338B30,0xC
0x00338BE8,0x00338BF0,0x8
0x00338C6C,0x00338C70,0x4
0x00338D64,0x00338D70,0xC
0x0033912C,0x00339130,0x4
0x00339224,0x00339230,0xC
0x003395D4,0x003395E0,0xC
0x0033976C,0x00339770,0x4
0x0033981C,0x00339820,0x4
0x003398FC,0x00339900,0x4
0x003399F4,0x00339A00,0xC
0x00339AB8,0x00339AC0,0x8
0x00339B3C,0x00339B40,0x4
0x00339C34,0x00339C40,0xC
0x00339FFC,0x0033A000,0x4
0x0033A0AC,0x0033A0B0,0x4
0x0033A18C,0x0033A190,0x4
0x0033A23C,0x0033A240,0x4
0x0033A31C,0x0033A320,0x4
0x0033A37C,0x0033A380,0x4
0x0033A414,0x0033A420,0xC
0x0033A494,0x0033A4A0,0xC
0x0033A4A8,0x0033A4B0,0x8
0x0033A588,0x0033A590,0x8
0x0033A6F4,0x0033A700,0xC
0x0033AB18,0x0033AB20,0x8
0x0033AB44,0x0033AB50,0xC
0x0033ABC4,0x0033ABD0,0xC
0x0033AD58,0x0033AD60,0x8
0x0033B0C4,0x0033B0D0,0xC
0x0033B194,0x0033B1A0,0xC
0x0033B6D4,0x0033B6E0,0xC
0x0033B7F4,0x0033B800,0xC
0x0033B848,0x0033B850,0x8
0x0033B9C8,0x0033B9D0,0x8
0x0033BE18,0x0033BE20,0x8
0x0033BF78,0x0033BF80,0x8
0x0033C234,0x0033C240,0xC
0x0033C2F8,0x0033C300,0x8
0x0033C46C,0x0033C470,0x4
0x0033C51C,0x0033C520,0x4
0x0033C528,0x0033C530,0x8
0x0033C6DC,0x0033C6E0,0x4
0x0033C808,0x0033C810,0x8
0x0033C818,0x0033C820,0x8
0x0033C894,0x0033C8A0,0xC
0x0033C928,0x0033C930,0x8
0x0033C9C4,0x0033C9D0,0xC
0x0033C9D8,0x0033C9E0,0x8
0x0033CA34,0x0033CA40,0xC
0x0033CAA8,0x0033CAB0,0x8
0x0033CBB8,0x0033CBC0,0x8
0x0033D03C,0x0033D040,0x4
0x0033D0CC,0x0033D0D0,0x4
0x0033D18C,0x0033D190,0x4
0x0033D358,0x0033D360,0x8
0x0033D48C,0x0033D490,0x4
0x0033D574,0x0033D580,0xC
0x0033D908,0x0033D910,0x8
0x0033D984,0x0033D990,0xC
0x0033DA34,0x0033DA40,0xC
0x0033DAC4,0x0033DAD0,0xC
0x0033DB74,0x0033DB80,0xC
0x0033DB88,0x0033DB90,0x8
0x0033DC58,0x0033DC60,0x8
0x0033DE88,0x0033DE90,0x8
0x0033DF64,0x0033DF70,0xC
0x0033E024,0x0033E030,0xC
0x0033E088,0x0033E090,0x8
0x0033E318,0x0033E320,0x8
0x0033E374,0x0033E380,0xC
0x0033E554,0x0033E560,0xC
0x0033E5F8,0x0033E600,0x8
0x0033E69C,0x0033E6A0,0x4
0x0033E794,0x0033E7A0,0xC
0x0033E8DC,0x0033E8E0,0x4
0x0033EAF4,0x0033EB00,0xC
0x0033ED18,0x0033ED20,0x8
0x0033EDA4,0x0033EDB0,0xC
0x0033EE54,0x0033EE60,0xC
0x0033EF08,0x0033EF10,0x8
0x0033EF84,0x0033EF90,0xC
0x0033F02C,0x0033F030,0x4
0x0033F25C,0x0033F260,0x4
0x0033F3B4,0x0033F3C0,0xC
0x0033F468,0x0033F470,0x8
0x0033F624,0x0033F630,0xC
0x0033F788,0x0033F790,0x8
0x0033FA18,0x0033FA20,0x8
0x0033FA8C,0x0033FA90,0x4
0x0033FCCC,0x0033FCD0,0x4
0x0033FCD8,0x0033FCE0,0x8
0x0033FE04,0x0033FE10,0xC
0x0033FF2C,0x0033FF30,0x4
0x0033FFFC,0x00340000,0x4
0x00340098,0x003400A0,0x8
0x00340284,0x00340290,0xC
0x00340304,0x00340310,0xC
0x00340964,0x00340970,0xC
0x00340AE8,0x00340AF0,0x8
0x00340B04,0x00340B10,0xC
0x00340B18,0x00340B20,0x8
0x00340E48,0x00340E50,0x8
0x00340FF8,0x00341000,0x8
0x00341084,0x00341090,0xC
0x00341164,0x00341170,0xC
0x003412E4,0x003412F0,0xC
0x003417F4,0x00341800,0xC
0x00341884,0x00341890,0xC
0x00341898,0x003418A0,0x8
0x003418F4,0x00341900,0xC
0x0034199C,0x003419A0,0x4
0x003419EC,0x003419F0,0x4
0x00341C54,0x00341C60,0xC
0x00341DDC,0x00341DE0,0x4
0x00341DE8,0x00341DF0,0x8
0x003420E4,0x003420F0,0xC
0x003421D4,0x003421E0,0xC
0x003422B4,0x003422C0,0xC
0x003422E4,0x003422F0,0xC
0x003423DC,0x003423E0,0x4
0x003424E8,0x003424F0,0x8
0x00342908,0x00342910,0x8
0x00342D38,0x00342D40,0x8
0x003431C8,0x003431D0,0x8
0x00343244,0x00343250,0xC
0x00343324,0x00343330,0xC
0x00343394,0x003433A0,0xC
0x003436F8,0x00343700,0x8
0x00343764,0x00343770,0xC
0x00343954,0x00343960,0xC
0x003439C4,0x003439D0,0xC
0x00343A58,0x00343A60,0x8
0x00343B0C,0x00343B10,0x4
0x00343BDC,0x00343BE0,0x4
0x00343D2C,0x00343D30,0x4
0x00343E7C,0x00343E80,0x4
0x00343EE4,0x00343EF0,0xC
0x003440D4,0x003440E0,0xC
0x0034417C,0x00344180,0x4
0x003446F4,0x00344700,0xC
0x003447D8,0x003447E0,0x8
0x0034498C,0x00344990,0x4
0x00344A2C,0x00344A30,0x4
0x00344B68,0x00344B70,0x8
0x00344D78,0x00344D80,0x8
0x00344DF8,0x00344E00,0x8
0x00345174,0x00345180,0xC
0x003451E4,0x003451F0,0xC
0x003452FC,0x00345300,0x4
0x0034537C,0x00345380,0x4
0x0034544C,0x00345450,0x4
0x00345648,0x00345650,0x8
0x0034582C,0x00345830,0x4
0x00345898,0x003458A0,0x8
0x003458E4,0x003458F0,0xC
0x003459D4,0x003459E0,0xC
0x00345AD4,0x00345AE0,0xC
0x00345B38,0x00345B40,0x8
0x00345B64,0x00345B70,0xC
0x00345BAC,0x00345BB0,0x4
0x00345BB8,0x00345BC0,0x8
0x00345BC8,0x00345BD0,0x8
0x00345CA8,0x00345CB0,0x8
0x00345D88,0x00345D90,0x8
0x00345E28,0x00345E30,0x8
0x00345F38,0x00345F40,0x8
0x00346024,0x00346030,0xC
0x00346108,0x00346110,0x8
0x00346178,0x00346180,0x8
0x003462F8,0x00346300,0x8
0x00346408,0x00346410,0x8
0x00346474,0x00346480,0xC
0x00346488,0x00346490,0x8
0x00346498,0x003464A0,0x8
0x0034660C,0x00346610,0x4
0x00346798,0x003467A0,0x8
0x003467A8,0x003467B0,0x8
0x003467B8,0x003467C0,0x8
0x0034681C,0x00346820,0x4
0x00346A2C,0x00346A30,0x4
0x00346A44,0x00346A50,0xC
0x00346A58,0x00346A60,0x8
0x00346ABC,0x00346AC0,0x4
0x00346C48,0x00346C50,0x8
0x00346D8C,0x00346D90,0x4
0x00346DAC,0x00346DB0,0x4
0x00346DB8,0x00346DC0,0x8
0x00346E64,0x00346E70,0xC
0x00347098,0x003470A0,0x8
0x00347148,0x00347150,0x8
0x0034718C,0x00347190,0x4
0x003471AC,0x003471B0,0x4
0x003471B8,0x003471C0,0x8
0x0034721C,0x00347220,0x4
0x003474BC,0x003474C0,0x4
0x00347764,0x00347770,0xC
0x00347848,0x00347850,0x8
0x00347A8C,0x00347A90,0x4
0x00347A98,0x00347AA0,0x8
0x00347AE4,0x00347AF0,0xC
0x00347C6C,0x00347C70,0x4
0x00347D48,0x00347D50,0x8
0x00347D64,0x00347D70,0xC
0x00347D78,0x00347D80,0x8
0x00347DC4,0x00347DD0,0xC
0x00347F5C,0x00347F60,0x4
0x00347F74,0x00347F80,0xC
0x00347F88,0x00347F90,0x8
0x00347FEC,0x00347FF0,0x4
0x00348354,0x00348360,0xC
0x00348438,0x00348440,0x8
0x00348484,0x00348490,0xC
0x00348498,0x003484A0,0x8
0x00348514,0x00348520,0xC
0x003486A8,0x003486B0,0x8
0x003487F8,0x00348800,0x8
0x0034899C,0x003489A0,0x4
0x003489E4,0x003489F0,0xC
0x00348A74,0x00348A80,0xC
0x00348B54,0x00348B60,0xC
0x00348BA4,0x00348BB0,0xC
0x00348C34,0x00348C40,0xC
0x00348C74,0x00348C80,0xC
0x00348C88,0x00348C90,0x8
0x00348EA4,0x00348EB0,0xC
0x00348F14,0x00348F20,0xC
0x00349038,0x00349040,0x8
0x00349134,0x00349140,0xC
0x00349234,0x00349240,0xC
0x00349414,0x00349420,0xC
0x003496F4,0x00349700,0xC
0x00349774,0x00349780,0xC
0x003498CC,0x003498D0,0x4
0x00349A9C,0x00349AA0,0x4
0x00349C2C,0x00349C30,0x4
0x00349C98,0x00349CA0,0x8
0x00349E78,0x00349E80,0x8
0x0034A058,0x0034A060,0x8
0x0034A07C,0x0034A080,0x4
0x0034A0B4,0x0034A0C0,0xC
0x0034A0C8,0x0034A0D0,0x8
0x0034A138,0x0034A140,0x8
0x0034A428,0x0034A430,0x8
0x0034A4A4,0x0034A4B0,0xC
0x0034A54C,0x0034A550,0x4
0x0034A678,0x0034A680,0x8
0x0034A6A8,0x0034A6B0,0x8
0x0034A714,0x0034A720,0xC
0x0034A7F4,0x0034A800,0xC
0x0034A884,0x0034A890,0xC
0x0034AA9C,0x0034AAA0,0x4
0x0034AB24,0x0034AB30,0xC
0x0034AB78,0x0034AB80,0x8
0x0034ABF4,0x0034AC00,0xC
0x0034ACC4,0x0034ACD0,0xC
0x0034AD58,0x0034AD60,0x8
0x0034AEA4,0x0034AEB0,0xC
0x0034AF5C,0x0034AF60,0x4
0x0034B008,0x0034B010,0x8
0x0034B024,0x0034B030,0xC
0x0034B03C,0x0034B040,0x4
0x0034B064,0x0034B070,0xC
0x0034B0CC,0x0034B0D0,0x4
0x0034B23C,0x0034B240,0x4
0x0034B2C8,0x0034B2D0,0x8
0x0034B35C,0x0034B360,0x4
0x0034B49C,0x0034B4A0,0x4
0x0034B4FC,0x0034B500,0x4
0x0034B584,0x0034B590,0xC
0x0034B598,0x0034B5A0,0x8
0x0034B664,0x0034B670,0xC
0x0034B888,0x0034B890,0x8
0x0034B98C,0x0034B990,0x4
0x0034BAB8,0x0034BAC0,0x8
0x0034BC4C,0x0034BC50,0x4
0x0034BC64,0x0034BC70,0xC
0x0034BC78,0x0034BC80,0x8
0x0034BCDC,0x0034BCE0,0x4
0x0034BDE8,0x0034BDF0,0x8
0x0034BF94,0x0034BFA0,0xC
0x0034BFA8,0x0034BFB0,0x8
0x0034C01C,0x0034C020,0x4
0x0034C094,0x0034C0A0,0xC
0x0034C424,0x0034C430,0xC
0x0034C594,0x0034C5A0,0xC
0x0034C608,0x0034C610,0x8
0x0034C71C,0x0034C720,0x4
0x0034C80C,0x0034C810,0x4
0x0034C824,0x0034C830,0xC
0x0034C838,0x0034C840,0x8
0x0034CA64,0x0034CA70,0xC
0x0034CC44,0x0034CC50,0xC
0x0034CC58,0x0034CC60,0x8
0x0034CCBC,0x0034CCC0,0x4
0x0034CE6C,0x0034CE70,0x4
0x0034CF58,0x0034CF60,0x8
0x0034D078,0x0034D080,0x8
0x0034D1FC,0x0034D200,0x4
0x0034D2FC,0x0034D300,0x4
0x0034D324,0x0034D330,0xC
0x0034D414,0x0034D420,0xC
0x0034D4E8,0x0034D4F0,0x8
0x0034D504,0x0034D510,0xC
0x0034D518,0x0034D520,0x8
0x0034D81C,0x0034D820,0x4
0x0034D884,0x0034D890,0xC
0x0034DA54,0x0034DA60,0xC
0x0034DADC,0x0034DAE0,0x4
0x0034DB74,0x0034DB80,0xC
0x0034DBFC,0x0034DC00,0x4
0x0034DC1C,0x0034DC20,0x4
0x0034DC28,0x0034DC30,0x8
0x0034DDC4,0x0034DDD0,0xC
0x0034E008,0x0034E010,0x8
0x0034E088,0x0034E090,0x8
0x0034E128,0x0034E130,0x8
0x0034E144,0x0034E150,0xC
0x0034E158,0x0034E160,0x8
0x0034E1BC,0x0034E1C0,0x4
0x0034E284,0x0034E290,0xC
0x0034E758,0x0034E760,0x8
0x0034E7F8,0x0034E800,0x8
0x0034E874,0x0034E880,0xC
0x0034E8F8,0x0034E900,0x8
0x0034E9B4,0x0034E9C0,0xC
0x0034EAA8,0x0034EAB0,0x8
0x0034ECDC,0x0034ECE0,0x4
0x0034EE6C,0x0034EE70,0x4
0x0034EFD4,0x0034EFE0,0xC
0x0034F0E8,0x0034F0F0,0x8
0x0034F254,0x0034F260,0xC
0x0034F32C,0x0034F330,0x4
0x0034F3A4,0x0034F3B0,0xC
0x0034F3EC,0x0034F3F0,0x4
0x0034F4AC,0x0034F4B0,0x4
0x0034F598,0x0034F5A0,0x8
0x0034F6EC,0x0034F6F0,0x4
0x0034F7CC,0x0034F7D0,0x4
0x0034F7DC,0x0034F7E0,0x4
0x0034F884,0x0034F890,0xC
0x0034F8FC,0x0034F900,0x4
0x0034F968,0x0034F970,0x8
0x0034FA58,0x0034FA60,0x8
0x0034FA78,0x0034FA80,0x8
0x0034FADC,0x0034FAE0,0x4
0x0034FB3C,0x0034FB40,0x4
0x003502CC,0x003502D0,0x4
0x003504AC,0x003504B0,0x4
0x0035067C,0x00350680,0x4
0x00350788,0x00350790,0x8
0x0035081C,0x00350820,0x4
0x0035089C,0x003508A0,0x4
0x00350A5C,0x00350A60,0x4
0x00350AB8,0x00350AC0,0x8
0x00350B14,0x00350B20,0xC
0x00350B5C,0x00350B60,0x4
0x00350C04,0x00350C10,0xC
0x00350D3C,0x00350D40,0x4
0x00350D7C,0x00350D80,0x4
0x00350EBC,0x00350EC0,0x4
0x00350F88,0x00350F90,0x8
0x00350FE8,0x00350FF0,0x8
0x0035105C,0x00351060,0x4
0x0035120C,0x00351210,0x4
0x00351264,0x00351270,0xC
0x00351314,0x00351320,0xC
0x003513A8,0x003513B0,0x8
0x00351464,0x00351470,0xC
0x0035175C,0x00351760,0x4
0x00351868,0x00351870,0x8
0x00351AC8,0x00351AD0,0x8
0x00351AD8,0x00351AE0,0x8
0x00351BE8,0x00351BF0,0x8
0x00351F54,0x00351F60,0xC
0x00351FDC,0x00351FE0,0x4
0x003520BC,0x003520C0,0x4
0x0035213C,0x00352140,0x4
0x00352154,0x00352160,0xC
0x00352168,0x00352170,0x8
0x003521CC,0x003521D0,0x4
0x00352458,0x00352460,0x8
0x00352634,0x00352640,0xC
0x00352654,0x00352660,0xC
0x00352668,0x00352670,0x8
0x0035270C,0x00352710,0x4
0x00352948,0x00352950,0x8
0x00352988,0x00352990,0x8
0x00352C8C,0x00352C90,0x4
0x00352F68,0x00352F70,0x8
0x00352F84,0x00352F90,0xC
0x00352F98,0x00352FA0,0x8
0x003530C4,0x003530D0,0xC
0x0035313C,0x00353140,0x4
0x003532E8,0x003532F0,0x8
0x003535A8,0x003535B0,0x8
0x0035364C,0x00353650,0x4
0x00353668,0x00353670,0x8
0x0035368C,0x00353690,0x4
0x0035372C,0x00353730,0x4
0x00353998,0x003539A0,0x8
0x00353C78,0x00353C80,0x8
0x00353E84,0x00353E90,0xC
0x00353F84,0x00353F90,0xC
0x003540AC,0x003540B0,0x4
0x0035435C,0x00354360,0x4
0x00354428,0x00354430,0x8
0x00354444,0x00354450,0xC
0x00354458,0x00354460,0x8
0x003546C4,0x003546D0,0xC
0x00354758,0x00354760,0x8
0x00354A18,0x00354A20,0x8
0x00354AA4,0x00354AB0,0xC
0x00354C64,0x00354C70,0xC
0x00354D88,0x00354D90,0x8
0x00354DC4,0x00354DD0,0xC
0x00354E58,0x00354E60,0x8
0x00354F78,0x00354F80,0x8
0x00355044,0x00355050,0xC
0x00355058,0x00355060,0x8
0x003550C4,0x003550D0,0xC
0x003553D8,0x003553E0,0x8
0x0035551C,0x00355520,0x4
0x003556B4,0x003556C0,0xC
0x00355734,0x00355740,0xC
0x00355924,0x00355930,0xC
0x00355A6C,0x00355A70,0x4
0x00355AC8,0x00355AD0,0x8
0x00355AD8,0x00355AE0,0x8
0x00355B54,0x00355B60,0xC
0x00355BCC,0x00355BD0,0x4
0x00355BD8,0x00355BE0,0x8
0x00355C4C,0x00355C50,0x4
0x00355C94,0x00355CA0,0xC
0x0035607C,0x00356080,0x4
0x003562A4,0x003562B0,0xC
0x003562B8,0x003562C0,0x8
0x003562C8,0x003562D0,0x8
0x00356324,0x00356330,0xC
0x003563D4,0x003563E0,0xC
0x00356444,0x00356450,0xC
0x00356494,0x003564A0,0xC
0x00356768,0x00356770,0x8
0x00356988,0x00356990,0x8
0x00356998,0x003569A0,0x8
0x00356A08,0x00356A10,0x8
0x00356AA8,0x00356AB0,0x8
0x00356B94,0x00356BA0,0xC
0x00356E14,0x00356E20,0xC
0x00357338,0x00357340,0x8
0x00357384,0x00357390,0xC
0x003574D4,0x003574E0,0xC
0x00357648,0x00357650,0x8
0x00357664,0x00357670,0xC
0x00357678,0x00357680,0x8
0x00357688,0x00357690,0x8
0x003576F8,0x00357700,0x8
0x003577BC,0x003577C0,0x4
0x0035789C,0x003578A0,0x4
0x0035793C,0x00357940,0x4
0x00357A34,0x00357A40,0xC
0x00357B28,0x00357B30,0x8
0x00357DE8,0x00357DF0,0x8
0x00357F1C,0x00357F20,0x4
0x0035805C,0x00358060,0x4
0x00358398,0x003583A0,0x8
0x00358428,0x00358430,0x8
0x00358444,0x00358450,0xC
0x00358618,0x00358620,0x8
0x00358854,0x00358860,0xC
0x00358874,0x00358880,0xC
0x00358888,0x00358890,0x8
0x00358998,0x003589A0,0x8
0x00358A6C,0x00358A70,0x4
0x00358D28,0x00358D30,0x8
0x00358D38,0x00358D40,0x8
0x00358D48,0x00358D50,0x8
0x00358DC4,0x00358DD0,0xC
0x00358FB4,0x00358FC0,0xC
0x00358FC8,0x00358FD0,0x8
0x00359138,0x00359140,0x8
0x0035921C,0x00359220,0x4
0x00359238,0x00359240,0x8
0x00359304,0x00359310,0xC
0x00359328,0x00359330,0x8
0x003593A4,0x003593B0,0xC
0x003593C8,0x003593D0,0x8
0x003593EC,0x003593F0,0x4
0x003594C4,0x003594D0,0xC
0x0035966C,0x00359670,0x4
0x003596E4,0x003596F0,0xC
0x00359838,0x00359840,0x8
0x0035998C,0x00359990,0x4
0x00359A6C,0x00359A70,0x4
0x00359A98,0x00359AA0,0x8
0x00359ABC,0x00359AC0,0x4
0x00359AE8,0x00359AF0,0x8
0x00359B0C,0x00359B10,0x4
0x00359B38,0x00359B40,0x8
0x00359B5C,0x00359B60,0x4
0x00359B88,0x00359B90,0x8
0x00359BAC,0x00359BB0,0x4
0x00359BD8,0x00359BE0,0x8
0x00359BFC,0x00359C00,0x4
0x00359C28,0x00359C30,0x8
0x00359C4C,0x00359C50,0x4
0x00359C6C,0x00359C70,0x4
0x00359D4C,0x00359D50,0x4
0x00359E94,0x00359EA0,0xC
0x00359EBC,0x00359EC0,0x4
0x00359FC8,0x00359FD0,0x8
0x0035A008,0x0035A010,0x8
0x0035A1D4,0x0035A1E0,0xC
0x0035A294,0x0035A2A0,0xC
0x0035A2BC,0x0035A2C0,0x4
0x0035A338,0x0035A340,0x8
0x0035A438,0x0035A440,0x8
0x0035A4D8,0x0035A4E0,0x8
0x0035A55C,0x0035A560,0x4
0x0035A6F8,0x0035A700,0x8
0x0035A7A8,0x0035A7B0,0x8
0x0035AA94,0x0035AAA0,0xC
0x0035AD1C,0x0035AD20,0x4
0x0035AD34,0x0035AD40,0xC
0x0035ADD4,0x0035ADE0,0xC
0x0035AE3C,0x0035AE40,0x4
0x0035AE54,0x0035AE60,0xC
0x0035AE68,0x0035AE70,0x8
0x0035AE9C,0x0035AEA0,0x4
0x0035AEC8,0x0035AED0,0x8
0x0035AF98,0x0035AFA0,0x8
0x0035B098,0x0035B0A0,0x8
0x0035B128,0x0035B130,0x8
0x0035B144,0x0035B150,0xC
0x0035B158,0x0035B160,0x8
0x0035B198,0x0035B1A0,0x8
0x0035B55C,0x0035B560,0x4
0x0035B7D8,0x0035B7E0,0x8
0x0035BAF8,0x0035BB00,0x8
0x0035BC1C,0x0035BC20,0x4
0x0035BDE8,0x0035BDF0,0x8
0x0035BE2C,0x0035BE30,0x4
0x0035BE6C,0x0035BE70,0x4
0x0035BE98,0x0035BEA0,0x8
0x0035BEA8,0x0035BEB0,0x8
0x0035BEFC,0x0035BF00,0x4
0x0035C088,0x0035C090,0x8
0x0035C308,0x0035C310,0x8
0x0035C42C,0x0035C430,0x4
0x0035C438,0x0035C440,0x8
0x0035C48C,0x0035C490,0x4
0x0035C79C,0x0035C7A0,0x4
0x0035C7A8,0x0035C7B0,0x8
0x0035C824,0x0035C830,0xC
0x0035CA34,0x0035CA40,0xC
0x0035CB14,0x0035CB20,0xC
0x0035CC44,0x0035CC50,0xC
0x0035CC98,0x0035CCA0,0x8
0x0035CF68,0x0035CF70,0x8
0x0035CFD4,0x0035CFE0,0xC
0x0035D078,0x0035D080,0x8
0x0035D238,0x0035D240,0x8
0x0035D298,0x0035D2A0,0x8
0x0035D33C,0x0035D340,0x4
0x0035D354,0x0035D360,0xC
0x0035D368,0x0035D370,0x8
0x0035D3E4,0x0035D3F0,0xC
0x0035D468,0x0035D470,0x8
0x0035D5F8,0x0035D600,0x8
0x0035D6CC,0x0035D6D0,0x4
0x0035D8F4,0x0035D900,0xC
0x0035D978,0x0035D980,0x8
0x0035DAC4,0x0035DAD0,0xC
0x0035DDB4,0x0035DDC0,0xC
0x0035DE38,0x0035DE40,0x8
0x0035DE54,0x0035DE60,0xC
0x0035DE68,0x0035DE70,0x8
0x0035DEE4,0x0035DEF0,0xC
0x0035DF6C,0x0035DF70,0x4
0x0035E084,0x0035E090,0xC
0x0035E16C,0x0035E170,0x4
0x0035E488,0x0035E490,0x8
0x0035E654,0x0035E660,0xC
0x0035E744,0x0035E750,0xC
0x0035E758,0x0035E760,0x8
0x0035E7BC,0x0035E7C0,0x4
0x0035E974,0x0035E980,0xC
0x0035EAC8,0x0035EAD0,0x8
0x0035EAD8,0x0035EAE0,0x8
0x0035EB68,0x0035EB70,0x8
0x0035EE2C,0x0035EE30,0x4
0x0035EE88,0x0035EE90,0x8
0x0035EF38,0x0035EF40,0x8
0x0035F1E8,0x0035F1F0,0x8
0x0035F3DC,0x0035F3E0,0x4
0x0035F414,0x0035F420,0xC
0x0035F428,0x0035F430,0x8
0x0035F464,0x0035F470,0xC
0x0035F4BC,0x0035F4C0,0x4
0x0035F8AC,0x0035F8B0,0x4
0x0035F9CC,0x0035F9D0,0x4
0x0035F9D8,0x0035F9E0,0x8
0x0035FA54,0x0035FA60,0xC
0x0035FC94,0x0035FCA0,0xC
0x0035FD28,0x0035FD30,0x8
0x0035FDEC,0x0035FDF0,0x4
0x0035FF94,0x0035FFA0,0xC
0x00360018,0x00360020,0x8
0x00360064,0x00360070,0xC
0x00360078,0x00360080,0x8
0x003600F4,0x00360100,0xC
0x003602F8,0x00360300,0x8
0x00360388,0x00360390,0x8
0x00360408,0x00360410,0x8
0x003604F8,0x00360500,0x8
0x0036051C,0x00360520,0x4
0x00360528,0x00360530,0x8
0x003605AC,0x003605B0,0x4
0x003608E8,0x003608F0,0x8
0x0036094C,0x00360950,0x4
0x00360964,0x00360970,0xC
0x00360978,0x00360980,0x8
0x003609FC,0x00360A00,0x4
0x00360C94,0x00360CA0,0xC
0x00360F3C,0x00360F40,0x4
0x00361034,0x00361040,0xC
0x00361054,0x00361060,0xC
0x00361068,0x00361070,0x8
0x003610EC,0x003610F0,0x4
0x00361174,0x00361180,0xC
0x0036130C,0x00361310,0x4
0x0036141C,0x00361420,0x4
0x00361478,0x00361480,0x8
0x00361698,0x003616A0,0x8
0x003617C4,0x003617D0,0xC
0x00361828,0x00361830,0x8
0x00361844,0x00361850,0xC
0x00361864,0x00361870,0xC
0x00361878,0x00361880,0x8
0x00361938,0x00361940,0x8
0x003619BC,0x003619C0,0x4
0x00361C38,0x00361C40,0x8
0x00361D68,0x00361D70,0x8
0x00361ECC,0x00361ED0,0x4
0x00361F5C,0x00361F60,0x4
0x00361F74,0x00361F80,0xC
0x00361F88,0x00361F90,0x8
0x00361FFC,0x00362000,0x4
0x00362054,0x00362060,0xC
0x003622E4,0x003622F0,0xC
0x0036234C,0x00362350,0x4
0x00362428,0x00362430,0x8
0x00362444,0x00362450,0xC
0x00362458,0x00362460,0x8
0x00362754,0x00362760,0xC
0x003627B8,0x003627C0,0x8
0x003628B8,0x003628C0,0x8
0x0036295C,0x00362960,0x4
0x00362A34,0x00362A40,0xC
0x00362BBC,0x00362BC0,0x4
0x00362C18,0x00362C20,0x8
0x00362C9C,0x00362CA0,0x4
0x00362D04,0x00362D10,0xC
0x00362D48,0x00362D50,0x8
0x00362E1C,0x00362E20,0x4
0x00362EE4,0x00362EF0,0xC
0x0036306C,0x00363070,0x4
0x003630C8,0x003630D0,0x8
0x0036314C,0x00363150,0x4
0x003631B4,0x003631C0,0xC
0x003631D4,0x003631E0,0xC
0x003631E8,0x003631F0,0x8
0x00363244,0x00363250,0xC
0x003634CC,0x003634D0,0x4
0x0036360C,0x00363610,0x4
0x00363624,0x00363630,0xC
0x00363638,0x00363640,0x8
0x003638FC,0x00363900,0x4
0x0036398C,0x00363990,0x4
0x00363B94,0x00363BA0,0xC
0x00363BB4,0x00363BC0,0xC
0x00363BC8,0x00363BD0,0x8
0x00363C24,0x00363C30,0xC
0x00363CA4,0x00363CB0,0xC
0x00363D78,0x00363D80,0x8
0x00363F64,0x00363F70,0xC
0x0036405C,0x00364060,0x4
0x003643F8,0x00364400,0x8
0x00364408,0x00364410,0x8
0x0036446C,0x00364470,0x4
0x0036450C,0x00364510,0x4
0x003646B8,0x003646C0,0x8
0x00364898,0x003648A0,0x8
0x003649DC,0x003649E0,0x4
0x00364AE8,0x00364AF0,0x8
0x00364BA8,0x00364BB0,0x8
0x00364C84,0x00364C90,0xC
0x00364DE8,0x00364DF0,0x8
0x00364E04,0x00364E10,0xC
0x00364E18,0x00364E20,0x8
0x00364E68,0x00364E70,0x8
0x00364EBC,0x00364EC0,0x4
0x00364F1C,0x00364F20,0x4
0x003651A4,0x003651B0,0xC
0x00365274,0x00365280,0xC
0x003653EC,0x003653F0,0x4
0x003654C4,0x003654D0,0xC
0x0036550C,0x00365510,0x4
0x003655BC,0x003655C0,0x4
0x003656AC,0x003656B0,0x4
0x00365758,0x00365760,0x8
0x003657CC,0x003657D0,0x4
0x00365C24,0x00365C30,0xC
0x00365CE8,0x00365CF0,0x8
0x00365D5C,0x00365D60,0x4
0x00365E24,0x00365E30,0xC
0x00365F4C,0x00365F50,0x4
0x00365F58,0x00365F60,0x8
0x00365FBC,0x00365FC0,0x4
0x0036601C,0x00366020,0x4
0x00366088,0x00366090,0x8
0x0036634C,0x00366350,0x4
0x0036675C,0x00366760,0x4
0x00366894,0x003668A0,0xC
0x003668E4,0x003668F0,0xC
0x00366A34,0x00366A40,0xC
0x00366B7C,0x00366B80,0x4
0x00366E04,0x00366E10,0xC
0x00366F44,0x00366F50,0xC
0x00366FA8,0x00366FB0,0x8
0x00367008,0x00367010,0x8
0x003670AC,0x003670B0,0x4
0x00367138,0x00367140,0x8
0x003671C8,0x003671D0,0x8
0x003674B4,0x003674C0,0xC
0x00367914,0x00367920,0xC
0x00367AA4,0x00367AB0,0xC
0x00367BA8,0x00367BB0,0x8
0x00367C64,0x00367C70,0xC
0x00367E0C,0x00367E10,0x4
0x00367EBC,0x00367EC0,0x4
0x00367F58,0x00367F60,0x8
0x00367F78,0x00367F80,0x8
0x00367F88,0x00367F90,0x8
0x00367FFC,0x00368000,0x4
0x0036813C,0x00368140,0x4
0x00368468,0x00368470,0x8
0x003686C8,0x003686D0,0x8
0x0036870C,0x00368710,0x4
0x00368A1C,0x00368A20,0x4
0x00368BD8,0x00368BE0,0x8
0x00368C2C,0x00368C30,0x4
0x00368E68,0x00368E70,0x8
0x00368F98,0x00368FA0,0x8
0x00368FA8,0x00368FB0,0x8
0x00368FC8,0x00368FD0,0x8
0x00369068,0x00369070,0x8
0x00369198,0x003691A0,0x8
0x003692D4,0x003692E0,0xC
0x0036931C,0x00369320,0x4
0x003696E4,0x003696F0,0xC
0x0036972C,0x00369730,0x4
0x00369A98,0x00369AA0,0x8
0x00369D98,0x00369DA0,0x8
0x0036A138,0x0036A140,0x8
0x0036A1C8,0x0036A1D0,0x8
0x0036A28C,0x0036A290,0x4
0x0036A524,0x0036A530,0xC
0x0036A5AC,0x0036A5B0,0x4
0x0036A5EC,0x0036A5F0,0x4
0x0036A70C,0x0036A710,0x4
0x0036A758,0x0036A760,0x8
0x0036A804,0x0036A810,0xC
0x0036A894,0x0036A8A0,0xC
0x0036A8AC,0x0036A8B0,0x4
0x0036A8C8,0x0036A8D0,0x8
0x0036A924,0x0036A930,0xC
0x0036A9A4,0x0036A9B0,0xC
0x0036AA68,0x0036AA70,0x8
0x0036AAE8,0x0036AAF0,0x8
0x0036AB8C,0x0036AB90,0x4
0x0036ACB8,0x0036ACC0,0x8
0x0036ADBC,0x0036ADC0,0x4
0x0036AE1C,0x0036AE20,0x4
0x0036AE84,0x0036AE90,0xC
0x0036AF7C,0x0036AF80,0x4
0x0036AFE8,0x0036AFF0,0x8
0x0036B0DC,0x0036B0E0,0x4
0x0036B148,0x0036B150,0x8
0x0036B35C,0x0036B360,0x4
0x0036B3CC,0x0036B3D0,0x4
0x0036B428,0x0036B430,0x8
0x0036B48C,0x0036B490,0x4
0x0036B66C,0x0036B670,0x4
0x0036B7E4,0x0036B7F0,0xC
0x0036B84C,0x0036B850,0x4
0x0036B8A4,0x0036B8B0,0xC
0x0036B968,0x0036B970,0x8
0x0036BA1C,0x0036BA20,0x4
0x0036BCA4,0x0036BCB0,0xC
0x0036BEE8,0x0036BEF0,0x8
0x0036BF74,0x0036BF80,0xC
0x0036BFD4,0x0036BFE0,0xC
0x0036BFE8,0x0036BFF0,0x8
0x0036C044,0x0036C050,0xC
0x0036C0AC,0x0036C0B0,0x4
0x0036C118,0x0036C120,0x8
0x0036C298,0x0036C2A0,0x8
0x0036C6C8,0x0036C6D0,0x8
0x0036C734,0x0036C740,0xC
0x0036C88C,0x0036C890,0x4
0x0036C9D8,0x0036C9E0,0x8
0x0036CA74,0x0036CA80,0xC
0x0036CACC,0x0036CAD0,0x4
0x0036CB58,0x0036CB60,0x8
0x0036CBCC,0x0036CBD0,0x4
0x0036CC24,0x0036CC30,0xC
0x0036CC9C,0x0036CCA0,0x4
0x0036CCFC,0x0036CD00,0x4
0x0036CE7C,0x0036CE80,0x4
0x0036CF74,0x0036CF80,0xC
0x0036D078,0x0036D080,0x8
0x0036D33C,0x0036D340,0x4
0x0036D3F4,0x0036D400,0xC
0x0036D454,0x0036D460,0xC
0x0036D54C,0x0036D550,0x4
0x0036D6B4,0x0036D6C0,0xC
0x0036D72C,0x0036D730,0x4
0x0036D7A8,0x0036D7B0,0x8
0x0036D838,0x0036D840,0x8
0x0036D914,0x0036D920,0xC
0x0036D9EC,0x0036D9F0,0x4
0x0036DCB4,0x0036DCC0,0xC
0x0036DD58,0x0036DD60,0x8
0x0036DDDC,0x0036DDE0,0x4
0x0036DF48,0x0036DF50,0x8
0x0036E214,0x0036E220,0xC
0x0036E274,0x0036E280,0xC
0x0036E5EC,0x0036E5F0,0x4
0x0036E6EC,0x0036E6F0,0x4
0x0036E8C4,0x0036E8D0,0xC
0x0036E9B4,0x0036E9C0,0xC
0x0036EA4C,0x0036EA50,0x4
0x0036EA9C,0x0036EAA0,0x4
0x0036EADC,0x0036EAE0,0x4
0x0036EB34,0x0036EB40,0xC
0x0036EC34,0x0036EC40,0xC
0x0036ED88,0x0036ED90,0x8
0x0036EE34,0x0036EE40,0xC
0x0036EF0C,0x0036EF10,0x4
0x0036F238,0x0036F240,0x8
0x0036F498,0x0036F4A0,0x8
0x0036F55C,0x0036F560,0x4
0x0036F598,0x0036F5A0,0x8
0x0036F624,0x0036F630,0xC
0x0036F6C8,0x0036F6D0,0x8
0x0036F798,0x0036F7A0,0x8
0x0036F914,0x0036F920,0xC
0x0036F994,0x0036F9A0,0xC
0x0036FA7C,0x0036FA80,0x4
0x0036FC64,0x0036FC70,0xC
0x0036FCB8,0x0036FCC0,0x8
0x0036FED4,0x0036FEE0,0xC
0x0036FF28,0x0036FF30,0x8
0x003702BC,0x003702C0,0x4
0x00370384,0x00370390,0xC
0x0037047C,0x00370480,0x4
0x00370608,0x00370610,0x8
0x00370654,0x00370660,0xC
0x00370728,0x00370730,0x8
0x00370788,0x00370790,0x8
0x00370804,0x00370810,0xC
0x003708D8,0x003708E0,0x8
0x00370968,0x00370970,0x8
0x00370AA4,0x00370AB0,0xC
0x00370C24,0x00370C30,0xC
0x00370D34,0x00370D40,0xC
0x00370E9C,0x00370EA0,0x4
0x00370FC8,0x00370FD0,0x8
0x0037104C,0x00371050,0x4
0x003712E4,0x003712F0,0xC
0x0037134C,0x00371350,0x4
0x00371474,0x00371480,0xC
0x003715D4,0x003715E0,0xC
0x003716CC,0x003716D0,0x4
0x003717C4,0x003717D0,0xC
0x0037182C,0x00371830,0x4
0x003718A4,0x003718B0,0xC
0x00371A84,0x00371A90,0xC
0x00371E6C,0x00371E70,0x4
0x00371F08,0x00371F10,0x8
0x00371FC8,0x00371FD0,0x8
0x00372128,0x00372130,0x8
0x003721B8,0x003721C0,0x8
0x0037223C,0x00372240,0x4
0x00372254,0x00372260,0xC
0x00372354,0x00372360,0xC
0x003725EC,0x003725F0,0x4
0x00372628,0x00372630,0x8
0x00372638,0x00372640,0x8
0x003726EC,0x003726F0,0x4
0x0037277C,0x00372780,0x4
0x00372A94,0x00372AA0,0xC
0x00372B24,0x00372B30,0xC
0x00372B44,0x00372B50,0xC
0x00372B58,0x00372B60,0x8
0x00372BDC,0x00372BE0,0x4
0x00372C58,0x00372C60,0x8
0x00372EC4,0x00372ED0,0xC
0x003730FC,0x00373100,0x4
0x003733A4,0x003733B0,0xC
0x0037395C,0x00373960,0x4
0x00373A4C,0x00373A50,0x4
0x00373A64,0x00373A70,0xC
0x00373A78,0x00373A80,0x8
0x00373A88,0x00373A90,0x8
0x00373B04,0x00373B10,0xC
0x00373B64,0x00373B70,0xC
0x00373D8C,0x00373D90,0x4
0x00373E8C,0x00373E90,0x4
0x00373FF4,0x00374000,0xC
0x00374144,0x00374150,0xC
0x003741DC,0x003741E0,0x4
0x003742A4,0x003742B0,0xC
0x0037431C,0x00374320,0x4
0x00374408,0x00374410,0x8
0x0037447C,0x00374480,0x4
0x003744FC,0x00374500,0x4
0x003745F8,0x00374600,0x8
0x00374628,0x00374630,0x8
0x00374678,0x00374680,0x8
0x00374734,0x00374740,0xC
0x0037482C,0x00374830,0x4
0x00374964,0x00374970,0xC
0x00374984,0x00374990,0xC
0x00374998,0x003749A0,0x8
0x003749D8,0x003749E0,0x8
0x00374A5C,0x00374A60,0x4
0x00374AB4,0x00374AC0,0xC
0x00374C68,0x00374C70,0x8
0x00374CC4,0x00374CD0,0xC
0x00374E04,0x00374E10,0xC
0x00374E2C,0x00374E30,0x4
0x00374E38,0x00374E40,0x8
0x00374E48,0x00374E50,0x8
0x00375034,0x00375040,0xC
0x00375094,0x003750A0,0xC
0x003750A8,0x003750B0,0x8
0x003751CC,0x003751D0,0x4
0x003751D8,0x003751E0,0x8
0x003751F4,0x00375200,0xC
0x00375208,0x00375210,0x8
0x00375218,0x00375220,0x8
0x003754DC,0x003754E0,0x4
0x00375534,0x00375540,0xC
0x00375548,0x00375550,0x8
0x003756D4,0x003756E0,0xC
0x00375718,0x00375720,0x8
0x00375734,0x00375740,0xC
0x00375748,0x00375750,0x8
0x00375758,0x00375760,0x8
0x00375884,0x00375890,0xC
0x00375AAC,0x00375AB0,0x4
0x00375B04,0x00375B10,0xC
0x00375B18,0x00375B20,0x8
0x00375C74,0x00375C80,0xC
0x00375C88,0x00375C90,0x8
0x00375C98,0x00375CA0,0x8
0x00375D94,0x00375DA0,0xC
0x00375E04,0x00375E10,0xC
0x00375E78,0x00375E80,0x8
0x003760A4,0x003760B0,0xC
0x003762A4,0x003762B0,0xC
0x003764A4,0x003764B0,0xC
0x00376734,0x00376740,0xC
0x0037679C,0x003767A0,0x4
0x00376A1C,0x00376A20,0x4
0x00376A34,0x00376A40,0xC
0x00376A48,0x00376A50,0x8
0x00376D34,0x00376D40,0xC
0x00376FB4,0x00376FC0,0xC
0x00377294,0x003772A0,0xC
0x00377388,0x00377390,0x8
0x003774F8,0x00377500,0x8
0x00377648,0x00377650,0x8
0x003777A4,0x003777B0,0xC
0x00377854,0x00377860,0xC
0x00377894,0x003778A0,0xC
0x00377904,0x00377910,0xC
0x00377A68,0x00377A70,0x8
0x00377C68,0x00377C70,0x8
0x00377CD4,0x00377CE0,0xC
0x00377D84,0x00377D90,0xC
0x00377DD4,0x00377DE0,0xC
0x00377DF4,0x00377E00,0xC
0x00377E08,0x00377E10,0x8
0x00377E5C,0x00377E60,0x4
0x0037827C,0x00378280,0x4
0x003782F8,0x00378300,0x8
0x003783FC,0x00378400,0x4
0x003785E8,0x003785F0,0x8
0x00378604,0x00378610,0xC
0x00378618,0x00378620,0x8
0x0037868C,0x00378690,0x4
0x003789F4,0x00378A00,0xC
0x00378AAC,0x00378AB0,0x4
0x00378B7C,0x00378B80,0x4
0x00378CB4,0x00378CC0,0xC
0x00378CC8,0x00378CD0,0x8
0x00378D2C,0x00378D30,0x4
0x00378DA4,0x00378DB0,0xC
0x00379068,0x00379070,0x8
0x00379168,0x00379170,0x8
0x00379214,0x00379220,0xC
0x003792A4,0x003792B0,0xC
0x00379348,0x00379350,0x8
0x003793E8,0x003793F0,0x8
0x00379404,0x00379410,0xC
0x00379418,0x00379420,0x8
0x0037946C,0x00379470,0x4
0x00379618,0x00379620,0x8
0x0037979C,0x003797A0,0x4
0x003797B4,0x003797C0,0xC
0x003797C8,0x003797D0,0x8
0x0037984C,0x00379850,0x4
0x00379A54,0x00379A60,0xC
0x00379C64,0x00379C70,0xC
0x0037A1C8,0x0037A1D0,0x8
0x0037A7BC,0x0037A7C0,0x4
0x0037A7F8,0x0037A800,0x8
0x0037A808,0x0037A810,0x8
0x0037A874,0x0037A880,0xC
0x0037AB4C,0x0037AB50,0x4
0x0037AE6C,0x0037AE70,0x4
0x0037AFB8,0x0037AFC0,0x8
0x0037B0F4,0x0037B100,0xC
0x0037B2FC,0x0037B300,0x4
0x0037B3D4,0x0037B3E0,0xC
0x0037B3F4,0x0037B400,0xC
0x0037B414,0x0037B420,0xC
0x0037B484,0x0037B490,0xC
0x0037B664,0x0037B670,0xC
0x0037B708,0x0037B710,0x8
0x0037B75C,0x0037B760,0x4
0x0037B848,0x0037B850,0x8
0x0037B9B4,0x0037B9C0,0xC
0x0037BBE4,0x0037BBF0,0xC
0x0037BDA8,0x0037BDB0,0x8
0x0037BDC4,0x0037BDD0,0xC
0x0037BDD8,0x0037BDE0,0x8
0x0037BE54,0x0037BE60,0xC
0x0037BF34,0x0037BF40,0xC
0x0037C29C,0x0037C2A0,0x4
0x0037C518,0x0037C520,0x8
0x0037CB0C,0x0037CB10,0x4
0x0037CB48,0x0037CB50,0x8
0x0037CB58,0x0037CB60,0x8
0x0037CBA4,0x0037CBB0,0xC
0x0037CC44,0x0037CC50,0xC
0x0037CE24,0x0037CE30,0xC
0x0037CF08,0x0037CF10,0x8
0x0037CF24,0x0037CF30,0xC
0x0037CF38,0x0037CF40,0x8
0x0037D1AC,0x0037D1B0,0x4
0x0037D414,0x0037D420,0xC
0x0037D688,0x0037D690,0x8
0x0037D824,0x0037D830,0xC
0x0037D8CC,0x0037D8D0,0x4
0x0037D918,0x0037D920,0x8
0x0037D928,0x0037D930,0x8
0x0037D9BC,0x0037D9C0,0x4
0x0037D9E4,0x0037D9F0,0xC
0x0037DA88,0x0037DA90,0x8
0x0037DBB4,0x0037DBC0,0xC
0x0037DC24,0x0037DC30,0xC
0x0037DC44,0x0037DC50,0xC
0x0037DC58,0x0037DC60,0x8
0x0037DCCC,0x0037DCD0,0x4
0x0037DFCC,0x0037DFD0,0x4
0x0037E078,0x0037E080,0x8
0x0037E308,0x0037E310,0x8
0x0037E418,0x0037E420,0x8
0x0037E464,0x0037E470,0xC
0x0037E484,0x0037E490,0xC
0x0037E498,0x0037E4A0,0x8
0x0037E4F4,0x0037E500,0xC
0x0037E748,0x0037E750,0x8
0x0037E7A8,0x0037E7B0,0x8
0x0037E898,0x0037E8A0,0x8
0x0037E954,0x0037E960,0xC
0x0037E968,0x0037E970,0x8
0x0037EA2C,0x0037EA30,0x4
0x0037EA94,0x0037EAA0,0xC
0x0037ECCC,0x0037ECD0,0x4
0x0037ED2C,0x0037ED30,0x4
0x0037EEFC,0x0037EF00,0x4
0x0037EF6C,0x0037EF70,0x4
0x0037EFB4,0x0037EFC0,0xC
0x0037F064,0x0037F070,0xC
0x0037F078,0x0037F080,0x8
0x0037F118,0x0037F120,0x8
0x0037F1CC,0x0037F1D0,0x4
0x0037F22C,0x0037F230,0x4
0x0037F2B4,0x0037F2C0,0xC
0x0037F478,0x0037F480,0x8
0x0037F774,0x0037F780,0xC
0x0037F89C,0x0037F8A0,0x4
0x0037F8E4,0x0037F8F0,0xC
0x0037F918,0x0037F920,0x8
0x0037F928,0x0037F930,0x8
0x0037FADC,0x0037FAE0,0x4
0x0037FC78,0x0037FC80,0x8
0x0037FC88,0x0037FC90,0x8
0x0037FC98,0x0037FCA0,0x8
0x0037FF54,0x0037FF60,0xC
0x0038000C,0x00380010,0x4
0x00380024,0x00380030,0xC
0x00380038,0x00380040,0x8
0x00380158,0x00380160,0x8
0x003801E8,0x003801F0,0x8
0x00380264,0x00380270,0xC
0x003802D4,0x003802E0,0xC
0x003804A8,0x003804B0,0x8
0x0038050C,0x00380510,0x4
0x00380644,0x00380650,0xC
0x0038076C,0x00380770,0x4
0x00380848,0x00380850,0x8
0x00380964,0x00380970,0xC
0x00380A0C,0x00380A10,0x4
0x00380A24,0x00380A30,0xC
0x00380A38,0x00380A40,0x8
0x00380A8C,0x00380A90,0x4
0x00380C54,0x00380C60,0xC
0x00380CB4,0x00380CC0,0xC
0x00380E08,0x00380E10,0x8
0x00380F7C,0x00380F80,0x4
0x00380FC4,0x00380FD0,0xC
0x00380FD8,0x00380FE0,0x8
0x00381044,0x00381050,0xC
0x003812C8,0x003812D0,0x8
0x0038137C,0x00381380,0x4
0x00381394,0x003813A0,0xC
0x003813A8,0x003813B0,0x8
0x00381414,0x00381420,0xC
0x003814CC,0x003814D0,0x4
0x00381644,0x00381650,0xC
0x0038170C,0x00381710,0x4
0x00381914,0x00381920,0xC
0x00381988,0x00381990,0x8
0x00381A54,0x00381A60,0xC
0x00381C4C,0x00381C50,0x4
0x00381E04,0x00381E10,0xC
0x00381E24,0x00381E30,0xC
0x00381E38,0x00381E40,0x8
0x00381EB4,0x00381EC0,0xC
0x00381F28,0x00381F30,0x8
0x00381FC8,0x00381FD0,0x8
0x00382214,0x00382220,0xC
0x00382414,0x00382420,0xC
0x003824B8,0x003824C0,0x8
0x003826CC,0x003826D0,0x4
0x00382768,0x00382770,0x8
0x003828C4,0x003828D0,0xC
0x00382978,0x00382980,0x8
0x00382AB8,0x00382AC0,0x8
0x00382BB8,0x00382BC0,0x8
0x00382E1C,0x00382E20,0x4
0x00382F24,0x00382F30,0xC
0x003831E4,0x003831F0,0xC
0x00383554,0x00383560,0xC
0x0038370C,0x00383710,0x4
0x003838C8,0x003838D0,0x8
0x003838E4,0x003838F0,0xC
0x003838F8,0x00383900,0x8
0x0038394C,0x00383950,0x4
0x00383A54,0x00383A60,0xC
0x00383B78,0x00383B80,0x8
0x00383BEC,0x00383BF0,0x4
0x00383C84,0x00383C90,0xC
0x00383F34,0x00383F40,0xC
0x0038406C,0x00384070,0x4
0x0038421C,0x00384220,0x4
0x00384378,0x00384380,0x8
0x0038440C,0x00384410,0x4
0x003845DC,0x003845E0,0x4
0x00384874,0x00384880,0xC
0x00384A74,0x00384A80,0xC
0x00384C38,0x00384C40,0x8
0x00384D54,0x00384D60,0xC
0x00384EC8,0x00384ED0,0x8
0x00384F98,0x00384FA0,0x8
0x00385098,0x003850A0,0x8
0x00385214,0x00385220,0xC
0x0038554C,0x00385550,0x4
0x00385844,0x00385850,0xC
0x00385968,0x00385970,0x8
0x003859E4,0x003859F0,0xC
0x00385A04,0x00385A10,0xC
0x00385A18,0x00385A20,0x8
0x00385A74,0x00385A80,0xC
0x00385D34,0x00385D40,0xC
0x00385E54,0x00385E60,0xC
0x00385EA4,0x00385EB0,0xC
0x00385EC4,0x00385ED0,0xC
0x00385ED8,0x00385EE0,0x8
0x00385F48,0x00385F50,0x8
0x00386258,0x00386260,0x8
0x00386484,0x00386490,0xC
0x003864D4,0x003864E0,0xC
0x003864F4,0x00386500,0xC
0x00386508,0x00386510,0x8
0x00386568,0x00386570,0x8
0x003865F4,0x00386600,0xC
0x00386734,0x00386740,0xC
0x00386778,0x00386780,0x8
0x003868A8,0x003868B0,0x8
0x00386934,0x00386940,0xC
0x00386AF4,0x00386B00,0xC
0x00386D24,0x00386D30,0xC
0x00386DEC,0x00386DF0,0x4
0x00386E3C,0x00386E40,0x4
0x00386EA4,0x00386EB0,0xC
0x00386EB8,0x00386EC0,0x8
0x00387098,0x003870A0,0x8
0x003870B8,0x003870C0,0x8
0x003872D8,0x003872E0,0x8
0x003874B4,0x003874C0,0xC
0x0038770C,0x00387710,0x4
0x003879E4,0x003879F0,0xC
0x00387B3C,0x00387B40,0x4
0x00387BA8,0x00387BB0,0x8
0x00387BC4,0x00387BD0,0xC
0x00387BD8,0x00387BE0,0x8
0x00387C38,0x00387C40,0x8
0x00387D04,0x00387D10,0xC
0x00387E9C,0x00387EA0,0x4
0x00387F1C,0x00387F20,0x4
0x00388038,0x00388040,0x8
0x00388094,0x003880A0,0xC
0x003880B8,0x003880C0,0x8
0x00388138,0x00388140,0x8
0x003881C4,0x003881D0,0xC
0x00388304,0x00388310,0xC
0x00388388,0x00388390,0x8
0x00388438,0x00388440,0x8
0x0038854C,0x00388550,0x4
0x003885EC,0x003885F0,0x4
0x00388668,0x00388670,0x8
0x00388678,0x00388680,0x8
0x0038877C,0x00388780,0x4
0x00388904,0x00388910,0xC
0x00388A7C,0x00388A80,0x4
0x00388B04,0x00388B10,0xC
0x00388BC4,0x00388BD0,0xC
0x00388D2C,0x00388D30,0x4
0x00388DF4,0x00388E00,0xC
0x00388E7C,0x00388E80,0x4
0x00388ED4,0x00388EE0,0xC
0x00388F54,0x00388F60,0xC
0x00388F94,0x00388FA0,0xC
0x00389014,0x00389020,0xC
0x00389054,0x00389060,0xC
0x003890D4,0x003890E0,0xC
0x00389114,0x00389120,0xC
0x0038916C,0x00389170,0x4
0x00389194,0x003891A0,0xC
0x003891B4,0x003891C0,0xC
0x003891C8,0x003891D0,0x8
0x00389228,0x00389230,0x8
0x003892E8,0x003892F0,0x8
0x00389344,0x00389350,0xC
0x00389504,0x00389510,0xC
0x0038958C,0x00389590,0x4
0x0038960C,0x00389610,0x4
0x00389654,0x00389660,0xC
0x00389708,0x00389710,0x8
0x00389768,0x00389770,0x8
0x003897B4,0x003897C0,0xC
0x00389868,0x00389870,0x8
0x003898E4,0x003898F0,0xC
0x00389904,0x00389910,0xC
0x00389918,0x00389920,0x8
0x00389944,0x00389950,0xC
0x003899A4,0x003899B0,0xC
0x00389C14,0x00389C20,0xC
0x00389C7C,0x00389C80,0x4
0x00389DAC,0x00389DB0,0x4
0x00389DF4,0x00389E00,0xC
0x00389E54,0x00389E60,0xC
0x0038A004,0x0038A010,0xC
0x0038A024,0x0038A030,0xC
0x0038A038,0x0038A040,0x8
0x0038A2FC,0x0038A300,0x4
0x0038A378,0x0038A380,0x8
0x0038A3EC,0x0038A3F0,0x4
0x0038A55C,0x0038A560,0x4
0x0038A598,0x0038A5A0,0x8
0x0038A674,0x0038A680,0xC
0x0038A688,0x0038A690,0x8
0x0038A69C,0x0038A6A0,0x4
0x0038A8F8,0x0038A900,0x8
0x0038A9B8,0x0038A9C0,0x8
0x0038B8B4,0x0038B8C0,0xC
0x0038C204,0x0038C210,0xC
0x0038C49C,0x0038C4A0,0x4
0x0038C74C,0x0038C750,0x4
0x0038CA84,0x0038CA90,0xC
0x0038CB18,0x0038CB20,0x8
0x0038CBA8,0x0038CBB0,0x8
0x0038CC9C,0x0038CCA0,0x4
0x0038CE3C,0x0038CE40,0x4
0x0038CFAC,0x0038CFB0,0x4
0x0038D1A4,0x0038D1B0,0xC
0x0038D21C,0x0038D220,0x4
0x0038D288,0x0038D290,0x8
0x0038D30C,0x0038D310,0x4
0x0038D38C,0x0038D390,0x4
0x0038D3E4,0x0038D3F0,0xC
0x0038D6BC,0x0038D6C0,0x4
0x0038D704,0x0038D710,0xC
0x0038D774,0x0038D780,0xC
0x0038D7EC,0x0038D7F0,0x4
0x0038D844,0x0038D850,0xC
0x0038D8D4,0x0038D8E0,0xC
0x0038D978,0x0038D980,0x8
0x0038D9EC,0x0038D9F0,0x4
0x0038DA38,0x0038DA40,0x8
0x0038DAC8,0x0038DAD0,0x8
0x0038DAE4,0x0038DAF0,0xC
0x0038DAF8,0x0038DB00,0x8
0x0038DB6C,0x0038DB70,0x4
0x0038DBE8,0x0038DBF0,0x8
0x0038DC94,0x0038DCA0,0xC
0x0038DD98,0x0038DDA0,0x8
0x0038DE04,0x0038DE10,0xC
0x0038DE3C,0x0038DE40,0x4
0x0038DEBC,0x0038DEC0,0x4
0x0038DF48,0x0038DF50,0x8
0x0038E0A8,0x0038E0B0,0x8
0x0038E114,0x0038E120,0xC
0x0038E14C,0x0038E150,0x4
0x0038E1CC,0x0038E1D0,0x4
0x0038E1D8,0x0038E1E0,0x8
0x0038E1E8,0x0038E1F0,0x8
0x0038E2C8,0x0038E2D0,0x8
0x0038E3A8,0x0038E3B0,0x8
0x0038E448,0x0038E450,0x8
0x0038E568,0x0038E570,0x8
0x0038E654,0x0038E660,0xC
0x0038E738,0x0038E740,0x8
0x0038E7A8,0x0038E7B0,0x8
0x0038E928,0x0038E930,0x8
0x0038EA94,0x0038EAA0,0xC
0x0038EAA8,0x0038EAB0,0x8
0x0038EAB8,0x0038EAC0,0x8
0x0038EC2C,0x0038EC30,0x4
0x0038EDB8,0x0038EDC0,0x8
0x0038EDC8,0x0038EDD0,0x8
0x0038EDD8,0x0038EDE0,0x8
0x0038EEA4,0x0038EEB0,0xC
0x0038EEF4,0x0038EF00,0xC
0x0038F248,0x0038F250,0x8
0x0038F2CC,0x0038F2D0,0x4
0x0038F2F4,0x0038F300,0xC
0x0038F408,0x0038F410,0x8
0x0038F418,0x0038F420,0x8
0x0038F428,0x0038F430,0x8
0x0038F438,0x0038F440,0x8
0x0038F49C,0x0038F4A0,0x4
0x0038F51C,0x0038F520,0x4
0x0038F954,0x0038F960,0xC
0x0038F9DC,0x0038F9E0,0x4
0x0038FC3C,0x0038FC40,0x4
0x0038FD54,0x0038FD60,0xC
0x0038FDF4,0x0038FE00,0xC
0x0038FE74,0x0038FE80,0xC
0x0038FF14,0x0038FF20,0xC
0x0038FF9C,0x0038FFA0,0x4
0x0038FFE4,0x0038FFF0,0xC
0x0039022C,0x00390230,0x4
0x003902E4,0x003902F0,0xC
0x003902F8,0x00390300,0x8
0x0039036C,0x00390370,0x4
0x003903EC,0x003903F0,0x4
0x003907D8,0x003907E0,0x8
0x003907F4,0x00390800,0xC
0x00390808,0x00390810,0x8
0x0039086C,0x00390870,0x4
0x00390AE4,0x00390AF0,0xC
0x00390BAC,0x00390BB0,0x4
0x00390BC4,0x00390BD0,0xC
0x00390BD8,0x00390BE0,0x8
0x00390CAC,0x00390CB0,0x4
0x00390EEC,0x00390EF0,0x4
0x00390FA8,0x00390FB0,0x8
0x0039100C,0x00391010,0x4
0x00391018,0x00391020,0x8
0x00391194,0x003911A0,0xC
0x00391348,0x00391350,0x8
0x003914B4,0x003914C0,0xC
0x003915E4,0x003915F0,0xC
0x00391614,0x00391620,0xC
0x00391634,0x00391640,0xC
0x00391648,0x00391650,0x8
0x003916AC,0x003916B0,0x4
0x0039170C,0x00391710,0x4
0x003919EC,0x003919F0,0x4
0x00391B08,0x00391B10,0x8
0x00391B4C,0x00391B50,0x4
0x00391C74,0x00391C80,0xC
0x00391DB4,0x00391DC0,0xC
0x00391F44,0x00391F50,0xC
0x00391FC4,0x00391FD0,0xC
0x003923CC,0x003923D0,0x4
0x003925AC,0x003925B0,0x4
0x00392724,0x00392730,0xC
0x003928AC,0x003928B0,0x4
0x003928C8,0x003928D0,0x8
0x0039292C,0x00392930,0x4
0x00392C14,0x00392C20,0xC
0x00392E48,0x00392E50,0x8
0x00392EF8,0x00392F00,0x8
0x00392FF8,0x00393000,0x8
0x003930A4,0x003930B0,0xC
0x003931BC,0x003931C0,0x4
0x0039322C,0x00393230,0x4
0x003932DC,0x003932E0,0x4
0x00393388,0x00393390,0x8
0x0039373C,0x00393740,0x4
0x003937F4,0x00393800,0xC
0x003938C4,0x003938D0,0xC
0x00393904,0x00393910,0xC
0x00393A18,0x00393A20,0x8
0x00393A7C,0x00393A80,0x4
0x00393D9C,0x00393DA0,0x4
0x00393E54,0x00393E60,0xC
0x00393F24,0x00393F30,0xC
0x00393F64,0x00393F70,0xC
0x00394078,0x00394080,0x8
0x003940DC,0x003940E0,0x4
0x00394414,0x00394420,0xC
0x003944D4,0x003944E0,0xC
0x003945A4,0x003945B0,0xC
0x003945E4,0x003945F0,0xC
0x003946F8,0x00394700,0x8
0x00394754,0x00394760,0xC
0x00394778,0x00394780,0x8
0x003947EC,0x003947F0,0x4
0x00394A48,0x00394A50,0x8
0x00394B0C,0x00394B10,0x4
0x00394B58,0x00394B60,0x8
0x00394CCC,0x00394CD0,0x4
0x00395118,0x00395120,0x8
0x0039515C,0x00395160,0x4
0x00395178,0x00395180,0x8
0x0039538C,0x00395390,0x4
0x00395468,0x00395470,0x8
0x003954AC,0x003954B0,0x4
0x003956EC,0x003956F0,0x4
0x0039582C,0x00395830,0x4
0x0039586C,0x00395870,0x4
0x00395888,0x00395890,0x8
0x003958A8,0x003958B0,0x8
0x00395914,0x00395920,0xC
0x0039598C,0x00395990,0x4
0x003959F4,0x00395A00,0xC
0x00395B24,0x00395B30,0xC
0x00395E04,0x00395E10,0xC
0x00395FE4,0x00395FF0,0xC
0x00396028,0x00396030,0x8
0x003961DC,0x003961E0,0x4
0x003962DC,0x003962E0,0x4
0x0039642C,0x00396430,0x4
0x003964AC,0x003964B0,0x4
0x00396504,0x00396510,0xC
0x0039668C,0x00396690,0x4
0x00396698,0x003966A0,0x8
0x00396704,0x00396710,0xC
0x003967CC,0x003967D0,0x4
0x0039693C,0x00396940,0x4
0x00396BC4,0x00396BD0,0xC
0x00396C4C,0x00396C50,0x4
0x00396C64,0x00396C70,0xC
0x00396C78,0x00396C80,0x8
0x00396D0C,0x00396D10,0x4
0x00396DCC,0x00396DD0,0x4
0x00396E28,0x00396E30,0x8
0x00396EBC,0x00396EC0,0x4
0x00396EF4,0x00396F00,0xC
0x00396F88,0x00396F90,0x8
0x00396FC4,0x00396FD0,0xC
0x0039702C,0x00397030,0x4
0x00397134,0x00397140,0xC
0x0039717C,0x00397180,0x4
0x00397248,0x00397250,0x8
0x003972A8,0x003972B0,0x8
0x003972B8,0x003972C0,0x8
0x003972C8,0x003972D0,0x8
0x0039755C,0x00397560,0x4
0x00397568,0x00397570,0x8
0x00397578,0x00397580,0x8
0x00397604,0x00397610,0xC
0x00397874,0x00397880,0xC
0x003979B4,0x003979C0,0xC
0x00397B98,0x00397BA0,0x8
0x00397CC8,0x00397CD0,0x8
0x003981AC,0x003981B0,0x4
0x003981C8,0x003981D0,0x8
0x00398214,0x00398220,0xC
0x00398458,0x00398460,0x8
0x003984F8,0x00398500,0x8
0x0039853C,0x00398540,0x4
0x0039855C,0x00398560,0x4
0x00398568,0x00398570,0x8
0x003985BC,0x003985C0,0x4
0x0039881C,0x00398820,0x4
0x00398A54,0x00398A60,0xC
0x00398A74,0x00398A80,0xC
0x00398A88,0x00398A90,0x8
0x00398AD4,0x00398AE0,0xC
0x00398C28,0x00398C30,0x8
0x00398CF4,0x00398D00,0xC
0x00398D14,0x00398D20,0xC
0x00398D28,0x00398D30,0x8
0x00398D7C,0x00398D80,0x4
0x00398FD8,0x00398FE0,0x8
0x00399224,0x00399230,0xC
0x00399238,0x00399240,0x8
0x003992B4,0x003992C0,0xC
0x0039956C,0x00399570,0x4
0x00399684,0x00399690,0xC
0x003996A4,0x003996B0,0xC
0x003996B8,0x003996C0,0x8
0x0039971C,0x00399720,0x4
0x00399784,0x00399790,0xC
0x00399A4C,0x00399A50,0x4
0x00399BC8,0x00399BD0,0x8
0x00399DE8,0x00399DF0,0x8
0x00399EB4,0x00399EC0,0xC
0x00399FC4,0x00399FD0,0xC
0x0039A1BC,0x0039A1C0,0x4
0x0039A208,0x0039A210,0x8
0x0039A3BC,0x0039A3C0,0x4
0x0039A5D8,0x0039A5E0,0x8
0x0039A628,0x0039A630,0x8
0x0039A7C4,0x0039A7D0,0xC
0x0039A9B8,0x0039A9C0,0x8
0x0039ACEC,0x0039ACF0,0x4
0x0039ACF8,0x0039AD00,0x8
0x0039AD74,0x0039AD80,0xC
0x0039B0AC,0x0039B0B0,0x4
0x0039B15C,0x0039B160,0x4
0x0039B404,0x0039B410,0xC
0x0039B568,0x0039B570,0x8
0x0039B664,0x0039B670,0xC
0x0039B7CC,0x0039B7D0,0x4
0x0039B7D8,0x0039B7E0,0x8
0x0039B9DC,0x0039B9E0,0x4
0x0039BC04,0x0039BC10,0xC
0x0039BC18,0x0039BC20,0x8
0x0039BC8C,0x0039BC90,0x4
0x0039BD08,0x0039BD10,0x8
0x0039BDBC,0x0039BDC0,0x4
0x0039BF24,0x0039BF30,0xC
0x0039BF94,0x0039BFA0,0xC
0x0039BFCC,0x0039BFD0,0x4
0x0039C04C,0x0039C050,0x4
0x0039C2A4,0x0039C2B0,0xC
0x0039C314,0x0039C320,0xC
0x0039C34C,0x0039C350,0x4
0x0039C3CC,0x0039C3D0,0x4
0x0039C3D8,0x0039C3E0,0x8
0x0039C3E8,0x0039C3F0,0x8
0x0039C4C8,0x0039C4D0,0x8
0x0039C5A8,0x0039C5B0,0x8
0x0039C68C,0x0039C690,0x4
0x0039C70C,0x0039C710,0x4
0x0039C784,0x0039C790,0xC
0x0039C8A4,0x0039C8B0,0xC
0x0039C95C,0x0039C960,0x4
0x0039C9B4,0x0039C9C0,0xC
0x0039CAFC,0x0039CB00,0x4
0x0039CB54,0x0039CB60,0xC
0x0039CCB4,0x0039CCC0,0xC
0x0039CE18,0x0039CE20,0x8
0x0039CEE4,0x0039CEF0,0xC
0x0039CF04,0x0039CF10,0xC
0x0039D018,0x0039D020,0x8
0x0039D068,0x0039D070,0x8
0x0039D0F8,0x0039D100,0x8
0x0039D124,0x0039D130,0xC
0x0039D158,0x0039D160,0x8
0x0039D258,0x0039D260,0x8
0x0039D3A4,0x0039D3B0,0xC
0x0039D3D8,0x0039D3E0,0x8
0x0039D6F8,0x0039D700,0x8
0x0039D708,0x0039D710,0x8
0x0039D8F8,0x0039D900,0x8
0x0039DAB8,0x0039DAC0,0x8
0x0039DD3C,0x0039DD40,0x4
0x0039DE04,0x0039DE10,0xC
0x0039DE18,0x0039DE20,0x8
0x0039DE84,0x0039DE90,0xC
0x0039E048,0x0039E050,0x8
0x0039E10C,0x0039E110,0x4
0x0039E2CC,0x0039E2D0,0x4
0x0039E384,0x0039E390,0xC
0x0039E448,0x0039E450,0x8
0x0039E458,0x0039E460,0x8
0x0039E468,0x0039E470,0x8
0x0039E4DC,0x0039E4E0,0x4
0x0039E934,0x0039E940,0xC
0x0039EA64,0x0039EA70,0xC
0x0039EC5C,0x0039EC60,0x4
0x0039EF64,0x0039EF70,0xC
0x0039EF88,0x0039EF90,0x8
0x0039F014,0x0039F020,0xC
0x0039F078,0x0039F080,0x8
0x0039F188,0x0039F190,0x8
0x0039F47C,0x0039F480,0x4
0x0039F648,0x0039F650,0x8
0x0039F718,0x0039F720,0x8
0x0039F734,0x0039F740,0xC
0x0039F748,0x0039F750,0x8
0x0039F7DC,0x0039F7E0,0x4
0x0039FAB8,0x0039FAC0,0x8
0x0039FC1C,0x0039FC20,0x4
0x0039FC68,0x0039FC70,0x8
0x0039FC78,0x0039FC80,0x8
0x0039FD0C,0x0039FD10,0x4
0x0039FD88,0x0039FD90,0x8
0x003A00E8,0x003A00F0,0x8
0x003A0104,0x003A0110,0xC
0x003A0184,0x003A0190,0xC
0x003A0424,0x003A0430,0xC
0x003A0504,0x003A0510,0xC
0x003A0524,0x003A0530,0xC
0x003A059C,0x003A05A0,0x4
0x003A07C4,0x003A07D0,0xC
0x003A087C,0x003A0880,0x4
0x003A0888,0x003A0890,0x8
0x003A08EC,0x003A08F0,0x4
0x003A0AD4,0x003A0AE0,0xC
0x003A0E3C,0x003A0E40,0x4
0x003A0E74,0x003A0E80,0xC
0x003A0EFC,0x003A0F00,0x4
0x003A1264,0x003A1270,0xC
0x003A1278,0x003A1280,0x8
0x003A12DC,0x003A12E0,0x4
0x003A14CC,0x003A14D0,0x4
0x003A15CC,0x003A15D0,0x4
0x003A15D8,0x003A15E0,0x8
0x003A1658,0x003A1660,0x8
0x003A16C4,0x003A16D0,0xC
0x003A1964,0x003A1970,0xC
0x003A1BCC,0x003A1BD0,0x4
0x003A1DA4,0x003A1DB0,0xC
0x003A1E28,0x003A1E30,0x8
0x003A209C,0x003A20A0,0x4
0x003A20F8,0x003A2100,0x8
0x003A2244,0x003A2250,0xC
0x003A23E8,0x003A23F0,0x8
0x003A2534,0x003A2540,0xC
0x003A25DC,0x003A25E0,0x4
0x003A26E8,0x003A26F0,0x8
0x003A27D4,0x003A27E0,0xC
0x003A28E8,0x003A28F0,0x8
0x003A2BE8,0x003A2BF0,0x8
0x003A2C6C,0x003A2C70,0x4
0x003A2CD4,0x003A2CE0,0xC
0x003A2E14,0x003A2E20,0xC
0x003A2FA8,0x003A2FB0,0x8
0x003A3044,0x003A3050,0xC
0x003A3334,0x003A3340,0xC
0x003A3414,0x003A3420,0xC
0x003A361C,0x003A3620,0x4
0x003A3874,0x003A3880,0xC
0x003A3938,0x003A3940,0x8
0x003A3B6C,0x003A3B70,0x4
0x003A3D0C,0x003A3D10,0x4
0x003A3F74,0x003A3F80,0xC
0x003A4154,0x003A4160,0xC
0x003A422C,0x003A4230,0x4
0x003A4338,0x003A4340,0x8
0x003A443C,0x003A4440,0x4
0x003A458C,0x003A4590,0x4
0x003A466C,0x003A4670,0x4
0x003A4794,0x003A47A0,0xC
0x003A48B4,0x003A48C0,0xC
0x003A48C8,0x003A48D0,0x8
0x003A4968,0x003A4970,0x8
0x003A4B48,0x003A4B50,0x8
0x003A4E38,0x003A4E40,0x8
0x003A4E48,0x003A4E50,0x8
0x003A4F78,0x003A4F80,0x8
0x003A4FF4,0x003A5000,0xC
0x003A508C,0x003A5090,0x4
0x003A521C,0x003A5220,0x4
0x003A5398,0x003A53A0,0x8
0x003A53DC,0x003A53E0,0x4
0x003A545C,0x003A5460,0x4
0x003A54B8,0x003A54C0,0x8
0x003A56FC,0x003A5700,0x4
0x003A578C,0x003A5790,0x4
0x003A5868,0x003A5870,0x8
0x003A58D4,0x003A58E0,0xC
0x003A58F8,0x003A5900,0x8
0x003A5914,0x003A5920,0xC
0x003A5928,0x003A5930,0x8
0x003A5A74,0x003A5A80,0xC
0x003A5AD4,0x003A5AE0,0xC
0x003A5C74,0x003A5C80,0xC
0x003A5D54,0x003A5D60,0xC
0x003A5D74,0x003A5D80,0xC
0x003A5D88,0x003A5D90,0x8
0x003A5E04,0x003A5E10,0xC
0x003A5E88,0x003A5E90,0x8
0x003A6238,0x003A6240,0x8
0x003A63C4,0x003A63D0,0xC
0x003A6438,0x003A6440,0x8
0x003A6644,0x003A6650,0xC
0x003A675C,0x003A6760,0x4
0x003A6774,0x003A6780,0xC
0x003A6788,0x003A6790,0x8
0x003A6804,0x003A6810,0xC
0x003A6A74,0x003A6A80,0xC
0x003A6B94,0x003A6BA0,0xC
0x003A6CF8,0x003A6D00,0x8
0x003A6D88,0x003A6D90,0x8
0x003A6DA4,0x003A6DB0,0xC
0x003A6DB8,0x003A6DC0,0x8
0x003A6E3C,0x003A6E40,0x4
0x003A735C,0x003A7360,0x4
0x003A73AC,0x003A73B0,0x4
0x003A75BC,0x003A75C0,0x4
0x003A76D8,0x003A76E0,0x8
0x003A79AC,0x003A79B0,0x4
0x003A7A9C,0x003A7AA0,0x4
0x003A7AEC,0x003A7AF0,0x4
0x003A7B04,0x003A7B10,0xC
0x003A7B18,0x003A7B20,0x8
0x003A7B94,0x003A7BA0,0xC
0x003A7C1C,0x003A7C20,0x4
0x003A7E68,0x003A7E70,0x8
0x003A7F08,0x003A7F10,0x8
0x003A8148,0x003A8150,0x8
0x003A828C,0x003A8290,0x4
0x003A82A4,0x003A82B0,0xC
0x003A82C4,0x003A82D0,0xC
0x003A82D8,0x003A82E0,0x8
0x003A8A18,0x003A8A20,0x8
0x003A8AD8,0x003A8AE0,0x8
0x003A8AF4,0x003A8B00,0xC
0x003A8B08,0x003A8B10,0x8
0x003A8B64,0x003A8B70,0xC
0x003A8C88,0x003A8C90,0x8
0x003A8CF8,0x003A8D00,0x8
0x003A8D08,0x003A8D10,0x8
0x003A8D18,0x003A8D20,0x8
0x003A8DA4,0x003A8DB0,0xC
0x003A8ECC,0x003A8ED0,0x4
0x003A91B4,0x003A91C0,0xC
0x003A925C,0x003A9260,0x4
0x003A9268,0x003A9270,0x8
0x003A9278,0x003A9280,0x8
0x003A92FC,0x003A9300,0x4
0x003A9428,0x003A9430,0x8
0x003A94DC,0x003A94E0,0x4
0x003A9524,0x003A9530,0xC
0x003A9538,0x003A9540,0x8
0x003A9724,0x003A9730,0xC
0x003A98B8,0x003A98C0,0x8
0x003A9A3C,0x003A9A40,0x4
0x003A9A48,0x003A9A50,0x8
0x003A9A58,0x003A9A60,0x8
0x003A9B48,0x003A9B50,0x8
0x003A9CE4,0x003A9CF0,0xC
0x003A9E34,0x003A9E40,0xC
0x003A9E48,0x003A9E50,0x8
0x003A9E58,0x003A9E60,0x8
0x003A9F24,0x003A9F30,0xC
0x003A9FB4,0x003A9FC0,0xC
0x003AA264,0x003AA270,0xC
0x003AA278,0x003AA280,0x8
0x003AA2DC,0x003AA2E0,0x4
0x003AA3B4,0x003AA3C0,0xC
0x003AA4C8,0x003AA4D0,0x8
0x003AA8CC,0x003AA8D0,0x4
0x003AAA54,0x003AAA60,0xC
0x003AABAC,0x003AABB0,0x4
0x003AAD94,0x003AADA0,0xC
0x003AAE18,0x003AAE20,0x8
0x003AB17C,0x003AB180,0x4
0x003AB49C,0x003AB4A0,0x4
0x003AB944,0x003AB950,0xC
0x003ABB28,0x003ABB30,0x8
0x003ABB38,0x003ABB40,0x8
0x003AC01C,0x003AC020,0x4
0x003AC4F8,0x003AC500,0x8
0x003AC578,0x003AC580,0x8
0x003AC6E4,0x003AC6F0,0xC
0x003ACA74,0x003ACA80,0xC
0x003ACC2C,0x003ACC30,0x4
0x003ACCB8,0x003ACCC0,0x8
0x003ACEA8,0x003ACEB0,0x8
0x003AD108,0x003AD110,0x8
0x003AD2C8,0x003AD2D0,0x8
0x003AD318,0x003AD320,0x8
0x003AD394,0x003AD3A0,0xC
0x003AD474,0x003AD480,0xC
0x003AD4F4,0x003AD500,0xC
0x003AD57C,0x003AD580,0x4
0x003AD5FC,0x003AD600,0x4
0x003AD6D8,0x003AD6E0,0x8
0x003AD904,0x003AD910,0xC
0x003ADA08,0x003ADA10,0x8
0x003ADA68,0x003ADA70,0x8
0x003ADC6C,0x003ADC70,0x4
0x003ADE88,0x003ADE90,0x8
0x003ADF8C,0x003ADF90,0x4
0x003AE254,0x003AE260,0xC
0x003AE2B8,0x003AE2C0,0x8
0x003AE36C,0x003AE370,0x4
0x003AE38C,0x003AE390,0x4
0x003AE49C,0x003AE4A0,0x4
0x003AE5E8,0x003AE5F0,0x8
0x003AE6E4,0x003AE6F0,0xC
0x003AE73C,0x003AE740,0x4
0x003AE874,0x003AE880,0xC
0x003AE894,0x003AE8A0,0xC
0x003AE8A8,0x003AE8B0,0x8
0x003AE95C,0x003AE960,0x4
0x003AEE84,0x003AEE90,0xC
0x003AEFD8,0x003AEFE0,0x8
0x003AF104,0x003AF110,0xC
0x003AF154,0x003AF160,0xC
0x003AF274,0x003AF280,0xC
0x003AF2FC,0x003AF300,0x4
0x003AF64C,0x003AF650,0x4
0x003AF6C4,0x003AF6D0,0xC
0x003AF75C,0x003AF760,0x4
0x003AF768,0x003AF770,0x8
0x003AF888,0x003AF890,0x8
0x003AFA64,0x003AFA70,0xC
0x003AFCAC,0x003AFCB0,0x4
0x003AFE0C,0x003AFE10,0x4
0x003B0158,0x003B0160,0x8
0x003B046C,0x003B0470,0x4
0x003B051C,0x003B0520,0x4
0x003B05A8,0x003B05B0,0x8
0x003B06B8,0x003B06C0,0x8
0x003B07C8,0x003B07D0,0x8
0x003B08D4,0x003B08E0,0xC
0x003B0B8C,0x003B0B90,0x4
0x003B0C68,0x003B0C70,0x8
0x003B0CC8,0x003B0CD0,0x8
0x003B0D64,0x003B0D70,0xC
0x003B0DF8,0x003B0E00,0x8
0x003B0F08,0x003B0F10,0x8
0x003B1018,0x003B1020,0x8
0x003B1124,0x003B1130,0xC
0x003B11BC,0x003B11C0,0x4
0x003B1354,0x003B1360,0xC
0x003B152C,0x003B1530,0x4
0x003B15AC,0x003B15B0,0x4
0x003B1608,0x003B1610,0x8
0x003B1848,0x003B1850,0x8
0x003B19D8,0x003B19E0,0x8
0x003B1A44,0x003B1A50,0xC
0x003B1A68,0x003B1A70,0x8
0x003B1A84,0x003B1A90,0xC
0x003B1A98,0x003B1AA0,0x8
0x003B1BE4,0x003B1BF0,0xC
0x003B1C44,0x003B1C50,0xC
0x003B1DDC,0x003B1DE0,0x4
0x003B1EB4,0x003B1EC0,0xC
0x003B1ED4,0x003B1EE0,0xC
0x003B1EE8,0x003B1EF0,0x8
0x003B1F64,0x003B1F70,0xC
0x003B1FE8,0x003B1FF0,0x8
0x003B24D4,0x003B24E0,0xC
0x003B2554,0x003B2560,0xC
0x003B2744,0x003B2750,0xC
0x003B282C,0x003B2830,0x4
0x003B2844,0x003B2850,0xC
0x003B2858,0x003B2860,0x8
0x003B28D4,0x003B28E0,0xC
0x003B2B44,0x003B2B50,0xC
0x003B2C64,0x003B2C70,0xC
0x003B2DC8,0x003B2DD0,0x8
0x003B2E58,0x003B2E60,0x8
0x003B2E74,0x003B2E80,0xC
0x003B2E88,0x003B2E90,0x8
0x003B2F04,0x003B2F10,0xC
0x003B2FB8,0x003B2FC0,0x8
0x003B3138,0x003B3140,0x8
0x003B3264,0x003B3270,0xC
0x003B3368,0x003B3370,0x8
0x003B345C,0x003B3460,0x4
0x003B34B8,0x003B34C0,0x8
0x003B364C,0x003B3650,0x4
0x003B36F8,0x003B3700,0x8
0x003B3808,0x003B3810,0x8
0x003B3858,0x003B3860,0x8
0x003B3878,0x003B3880,0x8
0x003B38E4,0x003B38F0,0xC
0x003B396C,0x003B3970,0x4
0x003B3BAC,0x003B3BB0,0x4
0x003B3CC8,0x003B3CD0,0x8
0x003B3ECC,0x003B3ED0,0x4
0x003B3FBC,0x003B3FC0,0x4
0x003B400C,0x003B4010,0x4
0x003B4024,0x003B4030,0xC
0x003B4038,0x003B4040,0x8
0x003B40A4,0x003B40B0,0xC
0x003B4118,0x003B4120,0x8
0x003B423C,0x003B4240,0x4
0x003B42EC,0x003B42F0,0x4
0x003B47B4,0x003B47C0,0xC
0x003B4A0C,0x003B4A10,0x4
0x003B4D3C,0x003B4D40,0x4
0x003B4E48,0x003B4E50,0x8
0x003B4F04,0x003B4F10,0xC
0x003B4FDC,0x003B4FE0,0x4
0x003B5088,0x003B5090,0x8
0x003B52B8,0x003B52C0,0x8
0x003B54C4,0x003B54D0,0xC
0x003B54D8,0x003B54E0,0x8
0x003B5524,0x003B5530,0xC
0x003B555C,0x003B5560,0x4
0x003B55BC,0x003B55C0,0x4
0x003B5638,0x003B5640,0x8
0x003B56A4,0x003B56B0,0xC
0x003B5A34,0x003B5A40,0xC
0x003B5F2C,0x003B5F30,0x4
0x003B6098,0x003B60A0,0x8
0x003B610C,0x003B6110,0x4
0x003B633C,0x003B6340,0x4
0x003B6378,0x003B6380,0x8
0x003B63F8,0x003B6400,0x8
0x003B6464,0x003B6470,0xC
0x003B6514,0x003B6520,0xC
0x003B65A4,0x003B65B0,0xC
0x003B65FC,0x003B6600,0x4
0x003B68D8,0x003B68E0,0x8
0x003B69BC,0x003B69C0,0x4
0x003B69C8,0x003B69D0,0x8
0x003B6A98,0x003B6AA0,0x8
0x003B6CA8,0x003B6CB0,0x8
0x003B6D2C,0x003B6D30,0x4
0x003B6D88,0x003B6D90,0x8
0x003B6EF4,0x003B6F00,0xC
0x003B6FC4,0x003B6FD0,0xC
0x003B6FE8,0x003B6FF0,0x8
0x003B70E8,0x003B70F0,0x8
0x003B71FC,0x003B7200,0x4
0x003B73AC,0x003B73B0,0x4
0x003B74EC,0x003B74F0,0x4
0x003B7504,0x003B7510,0xC
0x003B7518,0x003B7520,0x8
0x003B75D4,0x003B75E0,0xC
0x003B7624,0x003B7630,0xC
0x003B7884,0x003B7890,0xC
0x003B7898,0x003B78A0,0x8
0x003B78A8,0x003B78B0,0x8
0x003B7984,0x003B7990,0xC
0x003B7998,0x003B79A0,0x8
0x003B7A1C,0x003B7A20,0x4
0x003B7AA4,0x003B7AB0,0xC
0x003B7AF4,0x003B7B00,0xC
0x003B7D08,0x003B7D10,0x8
0x003B7DA4,0x003B7DB0,0xC
0x003B7EB8,0x003B7EC0,0x8
0x003B7EC8,0x003B7ED0,0x8
0x003B7FA4,0x003B7FB0,0xC
0x003B7FB8,0x003B7FC0,0x8
0x003B816C,0x003B8170,0x4
0x003B81E8,0x003B81F0,0x8
0x003B8234,0x003B8240,0xC
0x003B828C,0x003B8290,0x4
0x003B8398,0x003B83A0,0x8
0x003B8934,0x003B8940,0xC
0x003B8974,0x003B8980,0xC
0x003B8AA4,0x003B8AB0,0xC
0x003B8AE8,0x003B8AF0,0x8
0x003B8B7C,0x003B8B80,0x4
0x003B8C0C,0x003B8C10,0x4
0x003B8DB4,0x003B8DC0,0xC
0x003B8E94,0x003B8EA0,0xC
0x003B8F38,0x003B8F40,0x8
0x003B8FF4,0x003B9000,0xC
0x003B9044,0x003B9050,0xC
0x003B90F8,0x003B9100,0x8
0x003B916C,0x003B9170,0x4
0x003B9204,0x003B9210,0xC
0x003B9218,0x003B9220,0x8
0x003B92F8,0x003B9300,0x8
0x003B9308,0x003B9310,0x8
0x003B939C,0x003B93A0,0x4
0x003B9544,0x003B9550,0xC
0x003B9748,0x003B9750,0x8
0x003B978C,0x003B9790,0x4
0x003B97CC,0x003B97D0,0x4
0x003B9928,0x003B9930,0x8
0x003B9A84,0x003B9A90,0xC
0x003B9BF4,0x003B9C00,0xC
0x003B9C78,0x003B9C80,0x8
0x003B9D7C,0x003B9D80,0x4
0x003B9DFC,0x003B9E00,0x4
0x003B9EF8,0x003B9F00,0x8
0x003B9F2C,0x003B9F30,0x4
0x003B9FD8,0x003B9FE0,0x8
0x003BA098,0x003BA0A0,0x8
0x003BA0EC,0x003BA0F0,0x4
0x003BA12C,0x003BA130,0x4
0x003BA138,0x003BA140,0x8
0x003BA218,0x003BA220,0x8
0x003BA228,0x003BA230,0x8
0x003BA2BC,0x003BA2C0,0x4
0x003BA35C,0x003BA360,0x4
0x003BA3A4,0x003BA3B0,0xC
0x003BA478,0x003BA480,0x8
0x003BA4F4,0x003BA500,0xC
0x003BA5C4,0x003BA5D0,0xC
0x003BA6E8,0x003BA6F0,0x8
0x003BA7BC,0x003BA7C0,0x4
0x003BA9BC,0x003BA9C0,0x4
0x003BAA78,0x003BAA80,0x8
0x003BAB18,0x003BAB20,0x8
0x003BABE8,0x003BABF0,0x8
0x003BAC64,0x003BAC70,0xC
0x003BAF24,0x003BAF30,0xC
0x003BAFF8,0x003BB000,0x8
0x003BB074,0x003BB080,0xC
0x003BB254,0x003BB260,0xC
0x003BB444,0x003BB450,0xC
0x003BB524,0x003BB530,0xC
0x003BB5A8,0x003BB5B0,0x8
0x003BB72C,0x003BB730,0x4
0x003BB884,0x003BB890,0xC
0x003BB8E8,0x003BB8F0,0x8
0x003BBB04,0x003BBB10,0xC
0x003BBB74,0x003BBB80,0xC
0x003BBE3C,0x003BBE40,0x4
0x003BBF18,0x003BBF20,0x8
0x003BC0B8,0x003BC0C0,0x8
0x003BC294,0x003BC2A0,0xC
0x003BC39C,0x003BC3A0,0x4
0x003BC5A4,0x003BC5B0,0xC
0x003BC648,0x003BC650,0x8
0x003BC6E8,0x003BC6F0,0x8
0x003BC814,0x003BC820,0xC
0x003BC9DC,0x003BC9E0,0x4
0x003BCAD4,0x003BCAE0,0xC
0x003BCCE8,0x003BCCF0,0x8
0x003BCE34,0x003BCE40,0xC
0x003BCF24,0x003BCF30,0xC
0x003BCFA8,0x003BCFB0,0x8
0x003BD044,0x003BD050,0xC
0x003BD094,0x003BD0A0,0xC
0x003BD154,0x003BD160,0xC
0x003BD1C8,0x003BD1D0,0x8
0x003BD284,0x003BD290,0xC
0x003BD2C8,0x003BD2D0,0x8
0x003BD404,0x003BD410,0xC
0x003BD474,0x003BD480,0xC
0x003BD49C,0x003BD4A0,0x4
0x003BD4B8,0x003BD4C0,0x8
0x003BD79C,0x003BD7A0,0x4
0x003BD7A8,0x003BD7B0,0x8
0x003BD7FC,0x003BD800,0x4
0x003BD824,0x003BD830,0xC
0x003BD838,0x003BD840,0x8
0x003BD918,0x003BD920,0x8
0x003BD928,0x003BD930,0x8
0x003BD994,0x003BD9A0,0xC
0x003BDA38,0x003BDA40,0x8
0x003BDA78,0x003BDA80,0x8
0x003BDC74,0x003BDC80,0xC
0x003BDE28,0x003BDE30,0x8
0x003BE03C,0x003BE040,0x4
0x003BE198,0x003BE1A0,0x8
0x003BE2BC,0x003BE2C0,0x4
0x003BE2F8,0x003BE300,0x8
0x003BE4DC,0x003BE4E0,0x4
0x003BE5D4,0x003BE5E0,0xC
0x003BE5EC,0x003BE5F0,0x4
0x003BE6E4,0x003BE6F0,0xC
0x003BE894,0x003BE8A0,0xC
0x003BEA78,0x003BEA80,0x8
0x003BED78,0x003BED80,0x8
0x003BEED8,0x003BEEE0,0x8
0x003BEEF4,0x003BEF00,0xC
0x003BEF08,0x003BEF10,0x8
0x003BEFD4,0x003BEFE0,0xC
0x003BF1D4,0x003BF1E0,0xC
0x003BF2D4,0x003BF2E0,0xC
0x003BF3FC,0x003BF400,0x4
0x003BF4FC,0x003BF500,0x4
0x003BF684,0x003BF690,0xC
0x003BF698,0x003BF6A0,0x8
0x003BF6F4,0x003BF700,0xC
0x003BF8C8,0x003BF8D0,0x8
0x003BFA3C,0x003BFA40,0x4
0x003BFC54,0x003BFC60,0xC
0x003BFC74,0x003BFC80,0xC
0x003BFC88,0x003BFC90,0x8
0x003C00D8,0x003C00E0,0x8
0x003C01B4,0x003C01C0,0xC
0x003C0234,0x003C0240,0xC
0x003C049C,0x003C04A0,0x4
0x003C053C,0x003C0540,0x4
0x003C055C,0x003C0560,0x4
0x003C069C,0x003C06A0,0x4
0x003C07F4,0x003C0800,0xC
0x003C093C,0x003C0940,0x4
0x003C09B8,0x003C09C0,0x8
0x003C0B24,0x003C0B30,0xC
0x003C0C54,0x003C0C60,0xC
0x003C0CB4,0x003C0CC0,0xC
0x003C0FB4,0x003C0FC0,0xC
0x003C1134,0x003C1140,0xC
0x003C1198,0x003C11A0,0x8
0x003C11B4,0x003C11C0,0xC
0x003C11C8,0x003C11D0,0x8
0x003C1244,0x003C1250,0xC
0x003C12C4,0x003C12D0,0xC
0x003C134C,0x003C1350,0x4
0x003C13A8,0x003C13B0,0x8
0x003C15AC,0x003C15B0,0x4
0x003C179C,0x003C17A0,0x4
0x003C182C,0x003C1830,0x4
0x003C192C,0x003C1930,0x4
0x003C19A8,0x003C19B0,0x8
0x003C1BCC,0x003C1BD0,0x4
0x003C1CA4,0x003C1CB0,0xC
0x003C1CEC,0x003C1CF0,0x4
0x003C1D54,0x003C1D60,0xC
0x003C1F2C,0x003C1F30,0x4
0x003C1FEC,0x003C1FF0,0x4
0x003C2258,0x003C2260,0x8
0x003C2334,0x003C2340,0xC
0x003C258C,0x003C2590,0x4
0x003C26C8,0x003C26D0,0x8
0x003C27A4,0x003C27B0,0xC
0x003C28A8,0x003C28B0,0x8
0x003C2A68,0x003C2A70,0x8
0x003C2B44,0x003C2B50,0xC
0x003C2C48,0x003C2C50,0x8
0x003C2E24,0x003C2E30,0xC
0x003C2F04,0x003C2F10,0xC
0x003C304C,0x003C3050,0x4
0x003C3114,0x003C3120,0xC
0x003C32E8,0x003C32F0,0x8
0x003C33A4,0x003C33B0,0xC
0x003C3424,0x003C3430,0xC
0x003C35AC,0x003C35B0,0x4
0x003C3684,0x003C3690,0xC
0x003C36F8,0x003C3700,0x8
0x003C3908,0x003C3910,0x8
0x003C393C,0x003C3940,0x4
0x003C39A8,0x003C39B0,0x8
0x003C3A44,0x003C3A50,0xC
0x003C3A58,0x003C3A60,0x8
0x003C3AD4,0x003C3AE0,0xC
0x003C3B7C,0x003C3B80,0x4
0x003C3CD4,0x003C3CE0,0xC
0x003C3D58,0x003C3D60,0x8
0x003C3E98,0x003C3EA0,0x8
0x003C4088,0x003C4090,0x8
0x003C41BC,0x003C41C0,0x4
0x003C41E4,0x003C41F0,0xC
0x003C425C,0x003C4260,0x4
0x003C42C8,0x003C42D0,0x8
0x003C4344,0x003C4350,0xC
0x003C43CC,0x003C43D0,0x4
0x003C45A8,0x003C45B0,0x8
0x003C46A4,0x003C46B0,0xC
0x003C47D4,0x003C47E0,0xC
0x003C4838,0x003C4840,0x8
0x003C48D8,0x003C48E0,0x8
0x003C48F4,0x003C4900,0xC
0x003C4908,0x003C4910,0x8
0x003C4A18,0x003C4A20,0x8
0x003C4AA4,0x003C4AB0,0xC
0x003C4C34,0x003C4C40,0xC
0x003C4D24,0x003C4D30,0xC
0x003C4FA4,0x003C4FB0,0xC
0x003C507C,0x003C5080,0x4
0x003C50D4,0x003C50E0,0xC
0x003C52A4,0x003C52B0,0xC
0x003C530C,0x003C5310,0x4
0x003C5364,0x003C5370,0xC
0x003C5418,0x003C5420,0x8
0x003C5568,0x003C5570,0x8
0x003C5778,0x003C5780,0x8
0x003C57D8,0x003C57E0,0x8
0x003C5834,0x003C5840,0xC
0x003C5B14,0x003C5B20,0xC
0x003C5DC8,0x003C5DD0,0x8
0x003C5FB8,0x003C5FC0,0x8
0x003C61CC,0x003C61D0,0x4
0x003C62B8,0x003C62C0,0x8
0x003C633C,0x003C6340,0x4
0x003C63B8,0x003C63C0,0x8
0x003C6424,0x003C6430,0xC
0x003C64BC,0x003C64C0,0x4
0x003C64FC,0x003C6500,0x4
0x003C6514,0x003C6520,0xC
0x003C6534,0x003C6540,0xC
0x003C65A4,0x003C65B0,0xC
0x003C6814,0x003C6820,0xC
0x003C6A2C,0x003C6A30,0x4
0x003C6D58,0x003C6D60,0x8
0x003C6EAC,0x003C6EB0,0x4
0x003C6F68,0x003C6F70,0x8
0x003C6F98,0x003C6FA0,0x8
0x003C6FA8,0x003C6FB0,0x8
0x003C6FD8,0x003C6FE0,0x8
0x003C6FE8,0x003C6FF0,0x8
0x003C7018,0x003C7020,0x8
0x003C7028,0x003C7030,0x8
0x003C71AC,0x003C71B0,0x4
0x003C72AC,0x003C72B0,0x4
0x003C7324,0x003C7330,0xC
0x003C747C,0x003C7480,0x4
0x003C784C,0x003C7850,0x4
0x003C79D4,0x003C79E0,0xC
0x003C7C04,0x003C7C10,0xC
0x003C7C58,0x003C7C60,0x8
0x003C7E58,0x003C7E60,0x8
0x003C7F44,0x003C7F50,0xC
0x003C8014,0x003C8020,0xC
0x003C809C,0x003C80A0,0x4
0x003C80B8,0x003C80C0,0x8
0x003C81BC,0x003C81C0,0x4
0x003C8304,0x003C8310,0xC
0x003C8524,0x003C8530,0xC
0x003C8648,0x003C8650,0x8
0x003C86D4,0x003C86E0,0xC
0x003C8778,0x003C8780,0x8
0x003C87F8,0x003C8800,0x8
0x003C8A44,0x003C8A50,0xC
0x003C8BC8,0x003C8BD0,0x8
0x003C8CC4,0x003C8CD0,0xC
0x003C8D68,0x003C8D70,0x8
0x003C8DC8,0x003C8DD0,0x8
0x003C9164,0x003C9170,0xC
0x003C923C,0x003C9240,0x4
0x003C932C,0x003C9330,0x4
0x003C936C,0x003C9370,0x4
0x003C93D4,0x003C93E0,0xC
0x003C96A8,0x003C96B0,0x8
0x003C984C,0x003C9850,0x4
0x003C9884,0x003C9890,0xC
0x003C9A18,0x003C9A20,0x8
0x003C9C9C,0x003C9CA0,0x4
0x003C9EB8,0x003C9EC0,0x8
0x003C9FAC,0x003C9FB0,0x4
0x003CA148,0x003CA150,0x8
0x003CA328,0x003CA330,0x8
0x003CA338,0x003CA340,0x8
0x003CA8F4,0x003CA900,0xC
0x003CAA14,0x003CAA20,0xC
0x003CAAF4,0x003CAB00,0xC
0x003CAB18,0x003CAB20,0x8
0x003CB78C,0x003CB790,0x4
0x003CB938,0x003CB940,0x8
0x003CBAA8,0x003CBAB0,0x8
0x003CBC6C,0x003CBC70,0x4
0x003CBE54,0x003CBE60,0xC
0x003CC1BC,0x003CC1C0,0x4
0x003CC2DC,0x003CC2E0,0x4
0x003CC64C,0x003CC650,0x4
0x003CC75C,0x003CC760,0x4
0x003CC818,0x003CC820,0x8
0x003CC878,0x003CC880,0x8
0x003CC8CC,0x003CC8D0,0x4
0x003CC9B4,0x003CC9C0,0xC
0x003CCBE4,0x003CCBF0,0xC
0x003CCE54,0x003CCE60,0xC
0x003CCF38,0x003CCF40,0x8
0x003CD08C,0x003CD090,0x4
0x003CD0FC,0x003CD100,0x4
0x003CD308,0x003CD310,0x8
0x003CD598,0x003CD5A0,0x8
0x003CD608,0x003CD610,0x8
0x003CD71C,0x003CD720,0x4
0x003CD9AC,0x003CD9B0,0x4
0x003CDB58,0x003CDB60,0x8
0x003CDB74,0x003CDB80,0xC
0x003CDB88,0x003CDB90,0x8
0x003CDC2C,0x003CDC30,0x4
0x003CDC68,0x003CDC70,0x8
0x003CDED4,0x003CDEE0,0xC
0x003CE158,0x003CE160,0x8
0x003CE2CC,0x003CE2D0,0x4
0x003CE478,0x003CE480,0x8
0x003CE488,0x003CE490,0x8
0x003CE508,0x003CE510,0x8
0x003CE554,0x003CE560,0xC
0x003CE5C8,0x003CE5D0,0x8
0x003CE6C8,0x003CE6D0,0x8
0x003CE778,0x003CE780,0x8
0x003CEB08,0x003CEB10,0x8
0x003CEBB4,0x003CEBC0,0xC
0x003CEC9C,0x003CECA0,0x4
0x003CED5C,0x003CED60,0x4
0x003CEE08,0x003CEE10,0x8
0x003CF788,0x003CF790,0x8
0x003CF92C,0x003CF930,0x4
0x003CFA3C,0x003CFA40,0x4
0x003CFB94,0x003CFBA0,0xC
0x003D0814,0x003D0820,0xC
0x003D0938,0x003D0940,0x8
0x003D09D8,0x003D09E0,0x8
0x003D0E04,0x003D0E10,0xC
0x003D0ED4,0x003D0EE0,0xC
0x003D0F6C,0x003D0F70,0x4
0x003D0F94,0x003D0FA0,0xC
0x003D1038,0x003D1040,0x8
0x003D118C,0x003D1190,0x4
0x003D11DC,0x003D11E0,0x4
0x003D1408,0x003D1410,0x8
0x003D1578,0x003D1580,0x8
0x003D16DC,0x003D16E0,0x4
0x003D17EC,0x003D17F0,0x4
0x003D18F4,0x003D1900,0xC
0x003D19F4,0x003D1A00,0xC
0x003D1A08,0x003D1A10,0x8
0x003D1B7C,0x003D1B80,0x4
0x003D1F8C,0x003D1F90,0x4
0x003D1F98,0x003D1FA0,0x8
0x003D1FA8,0x003D1FB0,0x8
0x003D2018,0x003D2020,0x8
0x003D212C,0x003D2130,0x4
0x003D21EC,0x003D21F0,0x4
0x003D2238,0x003D2240,0x8
0x003D2498,0x003D24A0,0x8
0x003D251C,0x003D2520,0x4
0x003D26D8,0x003D26E0,0x8
0x003D26E8,0x003D26F0,0x8
0x003D276C,0x003D2770,0x4
0x003D2C98,0x003D2CA0,0x8
0x003D2CA8,0x003D2CB0,0x8
0x003D2CB8,0x003D2CC0,0x8
0x003D2CC8,0x003D2CD0,0x8
0x003D2CD8,0x003D2CE0,0x8
0x003D2CE8,0x003D2CF0,0x8
0x003D2DB4,0x003D2DC0,0xC
0x003D307C,0x003D3080,0x4
0x003D3094,0x003D30A0,0xC
0x003D3294,0x003D32A0,0xC
0x003D33A4,0x003D33B0,0xC
0x003D35B8,0x003D35C0,0x8
0x003D3748,0x003D3750,0x8
0x003D3A88,0x003D3A90,0x8
0x003D3B3C,0x003D3B40,0x4
0x003D3E88,0x003D3E90,0x8
0x003D4284,0x003D4290,0xC
0x003D44DC,0x003D44E0,0x4
0x003D4624,0x003D4630,0xC
0x003D491C,0x003D4920,0x4
0x003D4948,0x003D4950,0x8
0x003D4ACC,0x003D4AD0,0x4
0x003D4B64,0x003D4B70,0xC
0x003D4C08,0x003D4C10,0x8
0x003D51D8,0x003D51E0,0x8
0x003D525C,0x003D5260,0x4
0x003D5344,0x003D5350,0xC
0x003D5358,0x003D5360,0x8
0x003D540C,0x003D5410,0x4
0x003D56F4,0x003D5700,0xC
0x003D5D9C,0x003D5DA0,0x4
0x003D5FC8,0x003D5FD0,0x8
0x003D6334,0x003D6340,0xC
0x003D63A4,0x003D63B0,0xC
0x003D6528,0x003D6530,0x8
0x003D6814,0x003D6820,0xC
0x003D684C,0x003D6850,0x4
0x003D68A8,0x003D68B0,0x8
0x003D699C,0x003D69A0,0x4
0x003D6AB8,0x003D6AC0,0x8
0x003D6AE4,0x003D6AF0,0xC
0x003D6B24,0x003D6B30,0xC
0x003D6B5C,0x003D6B60,0x4
0x003D6B6C,0x003D6B70,0x4
0x003D6D4C,0x003D6D50,0x4
0x003D6E18,0x003D6E20,0x8
0x003D7114,0x003D7120,0xC
0x003D7178,0x003D7180,0x8
0x003D7188,0x003D7190,0x8
0x003D72E4,0x003D72F0,0xC
0x003D7344,0x003D7350,0xC
0x003D7628,0x003D7630,0x8
0x003D763C,0x003D7640,0x4
0x003D7768,0x003D7770,0x8
0x003D77B8,0x003D77C0,0x8
0x003D7964,0x003D7970,0xC
0x003D79A8,0x003D79B0,0x8
0x003D7A4C,0x003D7A50,0x4
0x003D7ACC,0x003D7AD0,0x4
0x003D7CA4,0x003D7CB0,0xC
0x003D7CB8,0x003D7CC0,0x8
0x003D7D0C,0x003D7D10,0x4
0x003D7DE8,0x003D7DF0,0x8
0x003D7F04,0x003D7F10,0xC
0x003D80DC,0x003D80E0,0x4
0x003D81B8,0x003D81C0,0x8
0x003D822C,0x003D8230,0x4
0x003D8298,0x003D82A0,0x8
0x003D853C,0x003D8540,0x4
0x003D868C,0x003D8690,0x4
0x003D869C,0x003D86A0,0x4
0x003D8A28,0x003D8A30,0x8
0x003D8DC8,0x003D8DD0,0x8
0x003D8ED8,0x003D8EE0,0x8
0x003D8F58,0x003D8F60,0x8
0x003D8FF8,0x003D9000,0x8
0x003D9094,0x003D90A0,0xC
0x003D90CC,0x003D90D0,0x4
0x003D90DC,0x003D90E0,0x4
0x003D91AC,0x003D91B0,0x4
0x003D92C8,0x003D92D0,0x8
0x003D94A4,0x003D94B0,0xC
0x003D9AE4,0x003D9AF0,0xC
0x003D9B5C,0x003D9B60,0x4
0x003D9C24,0x003D9C30,0xC
0x003D9CD4,0x003D9CE0,0xC
0x003D9FDC,0x003D9FE0,0x4
0x003DA108,0x003DA110,0x8
0x003DA214,0x003DA220,0xC
0x003DA298,0x003DA2A0,0x8
0x003DA408,0x003DA410,0x8
0x003DA498,0x003DA4A0,0x8
0x003DA6EC,0x003DA6F0,0x4
0x003DAA38,0x003DAA40,0x8
0x003DAB2C,0x003DAB30,0x4
0x003DABF8,0x003DAC00,0x8
0x003DAC44,0x003DAC50,0xC
0x003DAD58,0x003DAD60,0x8
0x003DAE04,0x003DAE10,0xC
0x003DAE8C,0x003DAE90,0x4
0x003DB014,0x003DB020,0xC
0x003DB77C,0x003DB780,0x4
0x003DB7E8,0x003DB7F0,0x8
0x003DB888,0x003DB890,0x8
0x003DB8D8,0x003DB8E0,0x8
0x003DB96C,0x003DB970,0x4
0x003DB978,0x003DB980,0x8
0x003DB9A8,0x003DB9B0,0x8
0x003DB9FC,0x003DBA00,0x4
0x003DBA84,0x003DBA90,0xC
0x003DBAE4,0x003DBAF0,0xC
0x003DBB5C,0x003DBB60,0x4
0x003DBBC4,0x003DBBD0,0xC
0x003DBD18,0x003DBD20,0x8
0x003DBD6C,0x003DBD70,0x4
0x003DBD78,0x003DBD80,0x8
0x003DC118,0x003DC120,0x8
0x003DC184,0x003DC190,0xC
0x003DC24C,0x003DC250,0x4
0x003DC3B8,0x003DC3C0,0x8
0x003DC718,0x003DC720,0x8
0x003DC948,0x003DC950,0x8
0x003DC9B4,0x003DC9C0,0xC
0x003DCAC4,0x003DCAD0,0xC
0x003DCBA4,0x003DCBB0,0xC
0x003DCC64,0x003DCC70,0xC
0x003DCD34,0x003DCD40,0xC
0x003DCF68,0x003DCF70,0x8
0x003DCF84,0x003DCF90,0xC
0x003DCFA4,0x003DCFB0,0xC
0x003DCFD4,0x003DCFE0,0xC
0x003DD01C,0x003DD020,0x4
0x003DD028,0x003DD030,0x8
0x003DD038,0x003DD040,0x8
0x003DD06C,0x003DD070,0x4
0x003DD15C,0x003DD160,0x4
0x003DD1CC,0x003DD1D0,0x4
0x003DD258,0x003DD260,0x8
0x003DD2A8,0x003DD2B0,0x8
0x003DD2DC,0x003DD2E0,0x4
0x003DD354,0x003DD360,0xC
0x003DD43C,0x003DD440,0x4
0x003DD5CC,0x003DD5D0,0x4
0x003DD92C,0x003DD930,0x4
0x003DDAC4,0x003DDAD0,0xC
0x003DDB18,0x003DDB20,0x8
0x003DDB54,0x003DDB60,0xC
0x003DDC2C,0x003DDC30,0x4
0x003DDCF8,0x003DDD00,0x8
0x003DDDBC,0x003DDDC0,0x4
0x003DDEBC,0x003DDEC0,0x4
0x003DDF14,0x003DDF20,0xC
0x003DE0B8,0x003DE0C0,0x8
0x003DE158,0x003DE160,0x8
0x003DE22C,0x003DE230,0x4
0x003DE314,0x003DE320,0xC
0x003DE3CC,0x003DE3D0,0x4
0x003DE47C,0x003DE480,0x4
0x003DE524,0x003DE530,0xC
0x003DE5BC,0x003DE5C0,0x4
0x003DE634,0x003DE640,0xC
0x003DE67C,0x003DE680,0x4
0x003DE6F8,0x003DE700,0x8
0x003DE708,0x003DE710,0x8
0x003DE718,0x003DE720,0x8
0x003DE76C,0x003DE770,0x4
0x003DE778,0x003DE780,0x8
0x003DE788,0x003DE790,0x8
0x003DE798,0x003DE7A0,0x8
0x003DE7C8,0x003DE7D0,0x8
0x003DE7D8,0x003DE7E0,0x8
0x003DE858,0x003DE860,0x8
0x003DE888,0x003DE890,0x8
0x003DEC84,0x003DEC90,0xC
0x003DEDF4,0x003DEE00,0xC
0x003DF0B8,0x003DF0C0,0x8
0x003DF844,0x003DF850,0xC
0x003DFF7C,0x003DFF80,0x4
0x003E00BC,0x003E00C0,0x4
0x003E00CC,0x003E00D0,0x4
0x003E0384,0x003E0390,0xC
0x003E0528,0x003E0530,0x8
0x003E0B44,0x003E0B50,0xC
0x003E0C14,0x003E0C20,0xC
0x003E0C38,0x003E0C40,0x8
0x003E0C74,0x003E0C80,0xC
0x003E0DAC,0x003E0DB0,0x4
0x003E0F54,0x003E0F60,0xC
0x003E24A8,0x003E24B0,0x8
0x003E2B6C,0x003E2B70,0x4
0x003E31CC,0x003E31D0,0x4
0x003E38CC,0x003E38D0,0x4
0x003E3B1C,0x003E3B20,0x4
0x003E4048,0x003E4050,0x8
0x003E42E8,0x003E42F0,0x8
0x003E4844,0x003E4850,0xC
0x003E4B14,0x003E4B20,0xC
0x003E4D4C,0x003E4D50,0x4
0x003E508C,0x003E5090,0x4
0x003E5674,0x003E5680,0xC
0x003E59D4,0x003E59E0,0xC
0x003E69CC,0x003E69D0,0x4
0x003E6D9C,0x003E6DA0,0x4
0x003E7428,0x003E7430,0x8
0x003E7828,0x003E7830,0x8
0x003E7FC8,0x003E7FD0,0x8
0x003E8B28,0x003E8B30,0x8
0x003E8BF8,0x003E8C00,0x8
0x003E8F88,0x003E8F90,0x8
0x003E9004,0x003E9010,0xC
0x003E9104,0x003E9110,0xC
0x003E9394,0x003E93A0,0xC
0x003E9418,0x003E9420,0x8
0x003E94C8,0x003E94D0,0x8
0x003E9578,0x003E9580,0x8
0x003E95D8,0x003E95E0,0x8
0x003E969C,0x003E96A0,0x4
0x003EA0C4,0x003EA0D0,0xC
0x003EA124,0x003EA130,0xC
0x003EA65C,0x003EA660,0x4
0x003EA988,0x003EA990,0x8
0x003EAA74,0x003EAA80,0xC
0x003EAB38,0x003EAB40,0x8
0x003EAB94,0x003EABA0,0xC
0x003EAEEC,0x003EAEF0,0x4
0x003EB208,0x003EB210,0x8
0x003EB258,0x003EB260,0x8
0x003EB5C8,0x003EB5D0,0x8
0x003EB8F4,0x003EB900,0xC
0x003EB95C,0x003EB960,0x4
0x003EB9BC,0x003EB9C0,0x4
0x003EBA0C,0x003EBA10,0x4
0x003EBA7C,0x003EBA80,0x4
0x003EBC14,0x003EBC20,0xC
0x003EBCF4,0x003EBD00,0xC
0x003EBE64,0x003EBE70,0xC
0x003ECBDC,0x003ECBE0,0x4
0x003ECCF8,0x003ECD00,0x8
0x003ECFFC,0x003ED000,0x4
0x003ED0C8,0x003ED0D0,0x8
0x003ED1B4,0x003ED1C0,0xC
0x003ED2CC,0x003ED2D0,0x4
0x003ED2F8,0x003ED300,0x8
0x003ED814,0x003ED820,0xC
0x003ED8D4,0x003ED8E0,0xC
0x003ED918,0x003ED920,0x8
0x003EDA5C,0x003EDA60,0x4
0x003EE47C,0x003EE480,0x4
0x003EE684,0x003EE690,0xC
0x003EE6E4,0x003EE6F0,0xC
0x003EE924,0x003EE930,0xC
0x003EEC24,0x003EEC30,0xC
0x003EF974,0x003EF980,0xC
0x003EF994,0x003EF9A0,0xC
0x003EFA3C,0x003EFA40,0x4
0x003EFF04,0x003EFF10,0xC
0x003F00D4,0x003F00E0,0xC
0x003F0308,0x003F0310,0x8
0x003F036C,0x003F0370,0x4
0x003F04C8,0x003F04D0,0x8
0x003F04F4,0x003F0500,0xC
0x003F0924,0x003F0930,0xC
0x003F0938,0x003F0940,0x8
0x003F09BC,0x003F09C0,0x4
0x003F0A1C,0x003F0A20,0x4
0x003F0A3C,0x003F0A40,0x4
0x003F0A58,0x003F0A60,0x8
0x003F0B1C,0x003F0B20,0x4
0x003F0C4C,0x003F0C50,0x4
0x003F0C58,0x003F0C60,0x8
0x003F0E5C,0x003F0E60,0x4
0x003F12B8,0x003F12C0,0x8
0x003F1394,0x003F13A0,0xC
0x003F13DC,0x003F13E0,0x4
0x003F1464,0x003F1470,0xC
0x003F1528,0x003F1530,0x8
0x003F1538,0x003F1540,0x8
0x003F1598,0x003F15A0,0x8
0x003F16C4,0x003F16D0,0xC
0x003F1724,0x003F1730,0xC
0x003F1948,0x003F1950,0x8
0x003F19A4,0x003F19B0,0xC
0x003F1AAC,0x003F1AB0,0x4
0x003F1B04,0x003F1B10,0xC
0x003F1D04,0x003F1D10,0xC
0x003F1E64,0x003F1E70,0xC
0x003F1EFC,0x003F1F00,0x4
0x003F1F08,0x003F1F10,0x8
0x003F1F88,0x003F1F90,0x8
0x003F1FEC,0x003F1FF0,0x4
0x003F2024,0x003F2030,0xC
0x003F2588,0x003F2590,0x8
0x003F25C8,0x003F25D0,0x8
0x003F26DC,0x003F26E0,0x4
0x003F280C,0x003F2810,0x4
0x003F2B68,0x003F2B70,0x8
0x003F2BE4,0x003F2BF0,0xC
0x003F36F8,0x003F3700,0x8
0x003F384C,0x003F3850,0x4
0x003F389C,0x003F38A0,0x4
0x003F39D4,0x003F39E0,0xC
0x003F3AD4,0x003F3AE0,0xC
0x003F3BD4,0x003F3BE0,0xC
0x003F3C34,0x003F3C40,0xC
0x003F3FC4,0x003F3FD0,0xC
0x003F4278,0x003F4280,0x8
0x003F42AC,0x003F42B0,0x4
0x003F4434,0x003F4440,0xC
0x003F4738,0x003F4740,0x8
0x003F49F4,0x003F4A00,0xC
0x003F4C0C,0x003F4C10,0x4
0x003F506C,0x003F5070,0x4
0x003F507C,0x003F5080,0x4
0x003F5088,0x003F5090,0x8
0x003F5174,0x003F5180,0xC
0x003F51E4,0x003F51F0,0xC
0x003F5268,0x003F5270,0x8
0x003F543C,0x003F5440,0x4
0x003F5538,0x003F5540,0x8
0x003F58F8,0x003F5900,0x8
0x003F59BC,0x003F59C0,0x4
0x003F5BFC,0x003F5C00,0x4
0x003F5C28,0x003F5C30,0x8
0x003F5E5C,0x003F5E60,0x4
0x003F5F3C,0x003F5F40,0x4
0x003F5F84,0x003F5F88,0x4
0x003F60AC,0x003F60B0,0x4
0x003F6144,0x003F6148,0x4
0x003F63DC,0x003F63E0,0x4
0x003F64CC,0x003F64D0,0x4
0x003F689C,0x003F68A0,0x4
0x003F6904,0x003F6908,0x4
0x003F73EC,0x003F73F0,0x4
0x003F7BAC,0x003F7BB0,0x4
0x003F7BE4,0x003F7BE8,0x4
0x003F7C34,0x003F7C38,0x4
0x003F7D54,0x003F7D58,0x4
0x003F8104,0x003F8108,0x4
0x003F8114,0x003F8118,0x4
0x003F823C,0x003F8240,0x4
0x003F8314,0x003F8318,0x4
0x003F83A4,0x003F83A8,0x4
0x003F83EC,0x003F83F0,0x4
0x003F85FC,0x003F8600,0x4
0x003F866C,0x003F8670,0x4
0x003F88DC,0x003F88E0,0x4
0x003F8BEC,0x003F8BF0,0x4
0x003F8D64,0x003F8D68,0x4
0x003F8FB4,0x003F8FB8,0x4
0x003F90B4,0x003F90B8,0x4
0x003F922C,0x003F9230,0x4
0x003F93C4,0x003F93C8,0x4
0x003F9564,0x003F9568,0x4
0x003F95CC,0x003F95D0,0x4
0x003F9694,0x003F9698,0x4
0x003F99EC,0x003F99F0,0x4
0x003F9D1C,0x003F9D20,0x4
0x003F9FDC,0x003F9FE0,0x4
0x003FA034,0x003FA038,0x4
0x003FA444,0x003FA448,0x4
0x003FA90C,0x003FA910,0x4
0x003FACE4,0x003FACE8,0x4
0x003FB03C,0x003FB040,0x4
0x003FB124,0x003FB128,0x4
0x003FB174,0x003FB178,0x4
0x003FB2E4,0x003FB2E8,0x4
0x003FB394,0x003FB398,0x4
0x003FB45C,0x003FB460,0x4
0x003FB5BC,0x003FB5C0,0x4
0x003FB5EC,0x003FB5F0,0x4
0x003FB73C,0x003FB740,0x4
0x003FBCEC,0x003FBCF0,0x4
0x003FC024,0x003FC028,0x4
0x003FCA5C,0x003FCA60,0x4
0x003FCB1C,0x003FCB20,0x4
0x003FCC7C,0x003FCC80,0x4
0x003FCF6C,0x003FCF70,0x4
0x003FCF84,0x003FCF88,0x4
0x003FD134,0x003FD138,0x4
0x003FD224,0x003FD228,0x4
0x003FD29C,0x003FD2A0,0x4
0x003FD41C,0x003FD420,0x4
0x003FD4FC,0x003FD500,0x4
0x003FD744,0x003FD748,0x4
0x003FD8DC,0x003FD8E0,0x4
0x003FD8EC,0x003FD8F0,0x4
0x003FD924,0x003FD928,0x4
0x003FD9BC,0x003FD9C0,0x4
0x003FDD24,0x003FDD28,0x4
0x003FDDE4,0x003FDDE8,0x4
0x003FDE84,0x003FDE88,0x4
0x003FE03C,0x003FE040,0x4
0x003FE18C,0x003FE190,0x4
0x003FE1F4,0x003FE1F8,0x4
0x003FE2EC,0x003FE2F0,0x4
0x003FE50C,0x003FE510,0x4
0x003FE524,0x003FE528,0x4
0x003FE53C,0x003FE540,0x4
0x003FE554,0x003FE558,0x4
0x003FE56C,0x003FE570,0x4
0x003FE5BC,0x003FE5C0,0x4
0x003FE5D4,0x003FE5D8,0x4
0x003FE77C,0x003FE780,0x4
0x003FE7EC,0x003FE7F0,0x4
0x003FE85C,0x003FE860,0x4
0x003FE8CC,0x003FE8D0,0x4
0x003FE93C,0x003FE940,0x4
0x003FE9AC,0x003FE9B0,0x4
0x003FE9C4,0x003FE9C8,0x4
0x003FE9DC,0x003FE9E0,0x4
0x003FEAB4,0x003FEAB8,0x4
0x003FEACC,0x003FEAD0,0x4
0x003FEAE4,0x003FEAE8,0x4
0x003FEBB4,0x003FEBB8,0x4
0x003FEBD4,0x003FEBD8,0x4
0x003FEBF4,0x003FEBF8,0x4
0x003FEC0C,0x003FEC10,0x4
0x003FEC4C,0x003FEC50,0x4
0x003FECBC,0x003FECC0,0x4
0x003FED0C,0x003FED10,0x4
0x003FED24,0x003FED28,0x4
0x003FEEA4,0x003FEEA8,0x4
0x003FEF8C,0x003FEF90,0x4
0x003FEFA4,0x003FEFA8,0x4
0x003FEFE4,0x003FEFE8,0x4
0x003FF024,0x003FF028,0x4
0x003FF05C,0x003FF060,0x4
0x003FF094,0x003FF098,0x4
0x003FF0AC,0x003FF0B0,0x4
0x003FF0C4,0x003FF0C8,0x4
0x003FF0DC,0x003FF0E0,0x4
0x003FF12C,0x003FF130,0x4
0x003FF144,0x003FF148,0x4
0x003FF15C,0x003FF160,0x4
0x003FF174,0x003FF178,0x4
0x003FF18C,0x003FF190,0x4
0x003FF1A4,0x003FF1A8,0x4
0x003FF1BC,0x003FF1C0,0x4
0x003FF1F4,0x003FF1F8,0x4
0x003FF20C,0x003FF210,0x4
0x003FF224,0x003FF228,0x4
0x003FF23C,0x003FF240,0x4
0x003FF254,0x003FF258,0x4
0x003FF26C,0x003FF270,0x4
0x003FF284,0x003FF288,0x4
0x003FF29C,0x003FF2A0,0x4
0x003FF2B4,0x003FF2B8,0x4
0x003FF2CC,0x003FF2D0,0x4
0x003FF2E4,0x003FF2E8,0x4
0x003FF2FC,0x003FF300,0x4
0x003FF314,0x003FF318,0x4
0x003FF384,0x003FF388,0x4
0x003FF3AC,0x003FF3B0,0x4
0x003FF3E4,0x003FF3E8,0x4
0x003FF564,0x003FF568,0x4
0x003FF5EC,0x003FF5F0,0x4
0x003FF61C,0x003FF620,0x4
0x003FF654,0x003FF658,0x4
0x003FF684,0x003FF688,0x4
0x003FFCF4,0x003FFCF8,0x4
0x003FFD84,0x003FFD88,0x4
0x003FFF0C,0x003FFF10,0x4
0x003FFF1C,0x003FFF20,0x4
0x003FFF2C,0x003FFF30,0x4
0x004000F4,0x004000F8,0x4
0x00400124,0x00400128,0x4
0x00400144,0x00400148,0x4
0x00400254,0x00400258,0x4
0x00400304,0x00400308,0x4
0x00400324,0x00400328,0x4
0x004005C4,0x004005C8,0x4
0x004005F4,0x004005F8,0x4
0x0040069C,0x004006A0,0x4
0x004006E4,0x004006E8,0x4
0x0040079C,0x004007A0,0x4
0x00400BD4,0x00400BD8,0x4
0x00400C14,0x00400C18,0x4
0x00400C24,0x00400C28,0x4
0x00400C6C,0x00400C70,0x4
0x00400C9C,0x00400CA0,0x4
0x00400CE4,0x00400CE8,0x4
0x00400CF4,0x00400CF8,0x4
0x00400D14,0x00400D18,0x4
0x00400E3C,0x00400E40,0x4
0x00400EA4,0x00400EA8,0x4
0x00400EBC,0x00400EC0,0x4
0x00400ED4,0x00400ED8,0x4
0x00400EEC,0x00400EF0,0x4
0x00400FE4,0x00400FE8,0x4
0x00400FFC,0x00401000,0x4
0x0040104C,0x00401050,0x4
0x0040114C,0x00401150,0x4
0x004013FC,0x00401400,0x4
0x00401424,0x00401428,0x4
0x0040163C,0x00401640,0x4
0x00401704,0x00401708,0x4
0x0040175C,0x00401760,0x4
0x00401864,0x00401868,0x4
0x0040191C,0x00401920,0x4
0x0040197C,0x00401980,0x4
0x00401B64,0x00401B68,0x4
0x00401E24,0x00401E28,0x4
0x00401E94,0x00401E98,0x4
0x00401EE4,0x00401EE8,0x4
0x00401F34,0x00401F38,0x4
0x00401F84,0x00401F88,0x4
0x00401FD4,0x00401FD8,0x4
0x00402024,0x00402028,0x4
0x00402094,0x00402098,0x4
0x004020D4,0x004020D8,0x4
0x00402114,0x00402118,0x4
0x00402204,0x00402208,0x4
0x004023E4,0x004023E8,0x4
0x00402454,0x00402458,0x4
0x004025BC,0x004025C0,0x4
0x004027A4,0x004027A8,0x4
0x0040282C,0x00402830,0x4
0x004028D4,0x004028D8,0x4
0x00402BBC,0x00402BC0,0x4
0x00402BD4,0x00402BD8,0x4
0x00402C1C,0x00402C20,0x4
0x00402DC4,0x00402DC8,0x4
0x00402EB4,0x00402EB8,0x4
0x00403304,0x00403308,0x4
0x004035D4,0x004035D8,0x4
0x00403A6C,0x00403A70,0x4
0x00403D24,0x00403D28,0x4
0x00403E1C,0x00403E20,0x4
0x0040406C,0x00404070,0x4
0x0040423C,0x00404240,0x4
0x00404264,0x00404268,0x4
0x0040428C,0x00404290,0x4
0x0040435C,0x00404360,0x4
0x00404384,0x00404388,0x4
0x004043AC,0x004043B0,0x4
0x004043F4,0x004043F8,0x4
0x00404484,0x00404488,0x4
0x004044AC,0x004044B0,0x4
0x004044DC,0x004044E0,0x4
0x004045D4,0x004045D8,0x4
0x0040467C,0x00404680,0x4
0x0040471C,0x00404720,0x4
0x00404964,0x00404968,0x4
0x00404BCC,0x00404BD0,0x4
0x00404CCC,0x00404CD0,0x4
0x00404E8C,0x00404E90,0x4
0x0040509C,0x004050A0,0x4
0x00405114,0x00405118,0x4
0x0040512C,0x00405130,0x4
0x0040516C,0x00405170,0x4
0x004051B4,0x004051B8,0x4
0x00405274,0x00405278,0x4
0x004053E4,0x004053E8,0x4
0x00405964,0x00405968,0x4
0x00405DC4,0x00405DC8,0x4
0x00405EB4,0x00405EB8,0x4
0x00405FBC,0x00405FC0,0x4
0x00406124,0x00406128,0x4
0x004062F4,0x004062F8,0x4
0x0040642C,0x00406430,0x4
0x0040643C,0x00406440,0x4
0x00406674,0x00406678,0x4
0x00406684,0x00406688,0x4
0x00406814,0x00406818,0x4
0x00406A2C,0x00406A30,0x4
0x00406A84,0x00406A88,0x4
0x00406AE4,0x00406AE8,0x4
0x00406B4C,0x00406B50,0x4
0x00406C0C,0x00406C10,0x4
0x00406CDC,0x00406CE0,0x4
0x00406E84,0x00406E88,0x4
0x00406EDC,0x00406EE0,0x4
0x00406F44,0x00406F48,0x4
0x00407004,0x00407008,0x4
0x004070AC,0x004070B0,0x4
0x00407294,0x00407298,0x4
0x004073AC,0x004073B0,0x4
0x0040746C,0x00407470,0x4
0x0040752C,0x00407530,0x4
0x004075B4,0x004075B8,0x4
0x00407644,0x00407648,0x4
0x004076AC,0x004076B0,0x4
0x0040776C,0x00407770,0x4
0x00407864,0x00407868,0x4
0x00407924,0x00407928,0x4
0x004079F4,0x004079F8,0x4
0x00407C7C,0x00407C80,0x4
0x00407E0C,0x00407E10,0x4
0x00407EF4,0x00407EF8,0x4
0x00407F14,0x00407F18,0x4
0x00407FC4,0x00407FC8,0x4
0x00408074,0x00408078,0x4
0x004081BC,0x004081C0,0x4
0x00408344,0x00408348,0x4
0x004084CC,0x004084D0,0x4
0x004084E4,0x004084E8,0x4
0x00408614,0x00408618,0x4
0x00408624,0x00408628,0x4
0x00408694,0x00408698,0x4
0x004086B4,0x004086B8,0x4
0x004086CC,0x004086D0,0x4
0x00408854,0x00408858,0x4
0x0040892C,0x00408930,0x4
0x00408944,0x00408948,0x4
0x0040895C,0x00408960,0x4
0x00408CDC,0x00408CE0,0x4
0x00408E9C,0x00408EA0,0x4
0x00409144,0x00409148,0x4
0x00409194,0x00409198,0x4
0x00409204,0x00409208,0x4
0x00409234,0x00409238,0x4
0x0040924C,0x00409250,0x4
0x0040944C,0x00409450,0x4
0x0040945C,0x00409460,0x4
0x0040946C,0x00409470,0x4
0x004095C4,0x004095C8,0x4
0x004098A4,0x004098A8,0x4
0x004098F4,0x004098F8,0x4
0x00409A0C,0x00409A10,0x4
0x00409AC4,0x00409AC8,0x4
0x00409ADC,0x00409AE0,0x4
0x00409CC4,0x00409CC8,0x4
0x00409CE4,0x00409CE8,0x4
0x00409E5C,0x00409E60,0x4
0x00409F4C,0x00409F50,0x4
0x0040A114,0x0040A118,0x4
0x0040A2A4,0x0040A2A8,0x4
0x0040A2B4,0x0040A2B8,0x4
0x0040A2C4,0x0040A2C8,0x4
0x0040A2F4,0x0040A2F8,0x4
0x0040A30C,0x0040A310,0x4
0x0040A334,0x0040A338,0x4
0x0040A34C,0x0040A350,0x4
0x0040A374,0x0040A378,0x4
0x0040A43C,0x0040A440,0x4
0x0040A51C,0x0040A520,0x4
0x0040A574,0x0040A578,0x4
0x0040A60C,0x0040A610,0x4
0x0040A9C4,0x0040A9C8,0x4
0x0040AB64,0x0040AB68,0x4
0x0040ADEC,0x0040ADF0,0x4
0x0040AEE4,0x0040AEE8,0x4
0x0040AF24,0x0040AF28,0x4
0x0040AF54,0x0040AF58,0x4
0x0040B094,0x0040B098,0x4
0x0040B10C,0x0040B110,0x4
0x0040B1BC,0x0040B1C0,0x4
0x0040B2E4,0x0040B2E8,0x4
0x0040B39C,0x0040B3A0,0x4
0x0040B3B4,0x0040B3B8,0x4
0x0040B6A4,0x0040B6A8,0x4
0x0040B6DC,0x0040B6E0,0x4
0x0040B6FC,0x0040B700,0x4
0x0040B954,0x0040B958,0x4
0x0040B9EC,0x0040B9F0,0x4
0x0040BD44,0x0040BD48,0x4
0x0040BDAC,0x0040BDB0,0x4
0x0040BDC4,0x0040BDC8,0x4
0x0040BE8C,0x0040BE90,0x4
0x0040C06C,0x0040C070,0x4
0x0040C0DC,0x0040C0E0,0x4
0x0040C174,0x0040C178,0x4
0x0040C3AC,0x0040C3B0,0x4
0x0040C574,0x0040C578,0x4
0x0040C6CC,0x0040C6D0,0x4
0x0040C804,0x0040C808,0x4
0x0040CA44,0x0040CA48,0x4
0x0040CA6C,0x0040CA70,0x4
0x0040CB1C,0x0040CB20,0x4
0x0040CB2C,0x0040CB30,0x4
0x0040CB9C,0x0040CBA0,0x4
0x0040CBAC,0x0040CBB0,0x4
0x0040CBBC,0x0040CBC0,0x4
0x0040CBCC,0x0040CBD0,0x4
0x0040CE34,0x0040CE38,0x4
0x0040D0D4,0x0040D0D8,0x4
0x0040D114,0x0040D118,0x4
0x0040D2FC,0x0040D300,0x4
0x0040D394,0x0040D398,0x4
0x0040D42C,0x0040D430,0x4
0x0040D494,0x0040D498,0x4
0x0040D4EC,0x0040D4F0,0x4
0x0040D564,0x0040D568,0x4
0x0040D57C,0x0040D580,0x4
0x0040D624,0x0040D628,0x4
0x0040DA4C,0x0040DA50,0x4
0x0040DB0C,0x0040DB10,0x4
0x0040DF24,0x0040DF28,0x4
0x0040DF9C,0x0040DFA0,0x4
0x0040E004,0x0040E008,0x4
0x0040E4AC,0x0040E4B0,0x4
0x0040E51C,0x0040E520,0x4
0x0040E94C,0x0040E950,0x4
0x0040EA24,0x0040EA28,0x4
0x0040EA44,0x0040EA48,0x4
0x0040EC8C,0x0040EC90,0x4
0x0040ED1C,0x0040ED20,0x4
0x0040EDFC,0x0040EE00,0x4
0x0040EE5C,0x0040EE60,0x4
0x0040EE84,0x0040EE88,0x4
0x0040EED4,0x0040EED8,0x4
0x0040EEF4,0x0040EEF8,0x4
0x0040EF24,0x0040EF28,0x4
0x0040EF44,0x0040EF48,0x4
0x0040EF6C,0x0040EF70,0x4
0x0040EF84,0x0040EF88,0x4
0x0040EF9C,0x0040EFA0,0x4
0x0040EFDC,0x0040EFE0,0x4
0x0040F02C,0x0040F030,0x4
0x0040F06C,0x0040F070,0x4
0x0040F0B4,0x0040F0B8,0x4
0x0040F1B4,0x0040F1B8,0x4
0x0040F1CC,0x0040F1D0,0x4
0x0040F2E4,0x0040F2E8,0x4
0x0040F51C,0x0040F520,0x4
0x0040F54C,0x0040F550,0x4
0x0040F594,0x0040F598,0x4
0x0040F5DC,0x0040F5E0,0x4
0x0040F724,0x0040F728,0x4
0x0040F79C,0x0040F7A0,0x4
0x0040F90C,0x0040F910,0x4
0x0040FD34,0x0040FD38,0x4
0x0040FD74,0x0040FD78,0x4
0x0040FDBC,0x0040FDC0,0x4
0x0040FEA4,0x0040FEA8,0x4
0x0040FEDC,0x0040FEE0,0x4
0x0040FEF4,0x0040FEF8,0x4
0x0040FF84,0x0040FF88,0x4
0x0040FFFC,0x00410000,0x4
0x00410134,0x00410138,0x4
0x0041028C,0x00410290,0x4
0x004103D4,0x004103D8,0x4
0x00410464,0x00410468,0x4
0x004104A4,0x004104A8,0x4
0x004104DC,0x004104E0,0x4
0x0041053C,0x00410540,0x4
0x004105D4,0x004105D8,0x4
0x00410684,0x00410688,0x4
0x004106E4,0x004106E8,0x4
0x0041071C,0x00410720,0x4
0x00410844,0x00410848,0x4
0x004108EC,0x004108F0,0x4
0x00410A2C,0x00410A30,0x4
0x00410A7C,0x00410A80,0x4
0x00410ACC,0x00410AD0,0x4
0x00410C14,0x00410C18,0x4
0x00410CB4,0x00410CB8,0x4
0x00410F7C,0x00410F80,0x4
0x004110D4,0x004110D8,0x4
0x0041112C,0x00411130,0x4
0x0041126C,0x00411270,0x4
0x0041137C,0x00411380,0x4
0x004113CC,0x004113D0,0x4
0x004116AC,0x004116B0,0x4
0x0041171C,0x00411720,0x4
0x00411854,0x00411858,0x4
0x00411894,0x00411898,0x4
0x00411974,0x00411978,0x4
0x00411A14,0x00411A18,0x4
0x00411A7C,0x00411A80,0x4
0x00411A9C,0x00411AA0,0x4
0x00411C0C,0x00411C10,0x4
0x00412098,0x004120A0,0x8
0x004121A8,0x004121B0,0x8
0x00412254,0x00412260,0xC
0x004135CC,0x004135D0,0x4
0x00413A78,0x00413A80,0x8
0x00413B1C,0x00413B20,0x4
0x00413BF4,0x00413C00,0xC
0x00413D2C,0x00413D30,0x4
0x00413D44,0x00413D50,0xC
0x00413D94,0x00413DA0,0xC
0x00413DD8,0x00413DE0,0x8
0x00413DE8,0x00413DF0,0x8
0x00413E5C,0x00413E60,0x4
0x00413F4C,0x00413F50,0x4
0x004142E8,0x004142F0,0x8
0x00414598,0x004145A0,0x8
0x0041471C,0x00414720,0x4
0x004148BC,0x004148C0,0x4
0x004149C8,0x004149D0,0x8
0x00414A38,0x00414A40,0x8
0x00414A98,0x00414AA0,0x8
0x00414C64,0x00414C70,0xC
0x00414E2C,0x00414E30,0x4
0x00414EF8,0x00414F00,0x8
0x00414FD8,0x00414FE0,0x8
0x00415138,0x00415140,0x8
0x0041524C,0x00415250,0x4
0x004152F8,0x00415300,0x8
0x00415318,0x00415320,0x8
0x00415444,0x00415450,0xC
0x004154B4,0x004154C0,0xC
0x00415588,0x00415590,0x8
0x004159FC,0x00415A00,0x4
0x00415AFC,0x00415B00,0x4
0x00415CDC,0x00415CE0,0x4
0x0041610C,0x00416110,0x4
0x0041617C,0x00416180,0x4
0x00416284,0x00416290,0xC
0x00416488,0x00416490,0x8
0x0041656C,0x00416570,0x4
0x00416634,0x00416640,0xC
0x00416668,0x00416670,0x8
0x004166A8,0x004166B0,0x8
0x004166EC,0x004166F0,0x4
0x0041672C,0x00416730,0x4
0x00416794,0x004167A0,0xC
0x00416A58,0x00416A60,0x8
0x00416A68,0x00416A70,0x8
0x00416A98,0x00416AA0,0x8
0x00416AA8,0x00416AB0,0x8
0x00416AB8,0x00416AC0,0x8
0x00416AD8,0x00416AE0,0x8
0x00416CB8,0x00416CC0,0x8
0x00416D34,0x00416D40,0xC
0x00416F74,0x00416F80,0xC
0x0041716C,0x00417170,0x4
0x004171D8,0x004171E0,0x8
0x004171F8,0x00417200,0x8
0x00417268,0x00417270,0x8
0x004174FC,0x00417500,0x4
0x004175BC,0x004175C0,0x4
0x0041761C,0x00417620,0x4
0x00417768,0x00417770,0x8
0x00417794,0x004177A0,0xC
0x00417858,0x00417860,0x8
0x00417948,0x00417950,0x8
0x00417A48,0x00417A50,0x8
0x00417CAC,0x00417CB0,0x4
0x00417D9C,0x00417DA0,0x4
0x00417EA8,0x00417EB0,0x8
0x00417F54,0x00417F60,0xC
0x00417F9C,0x00417FA0,0x4
0x00417FA8,0x00417FB0,0x8
0x00417FB8,0x00417FC0,0x8
0x00417FC8,0x00417FD0,0x8
0x00417FD8,0x00417FE0,0x8
0x00417FE8,0x00417FF0,0x8
0x00417FF8,0x00418000,0x8
0x00418008,0x00418010,0x8
0x00418018,0x00418020,0x8
0x00418028,0x00418030,0x8
0x00418038,0x00418040,0x8
0x00418048,0x00418050,0x8
0x00418058,0x00418060,0x8
0x00418068,0x00418070,0x8
0x00418078,0x00418080,0x8
0x00418088,0x00418090,0x8
0x00418098,0x004180A0,0x8
0x004180A8,0x004180B0,0x8
0x004180B8,0x004180C0,0x8
0x004180C8,0x004180D0,0x8
0x004180D8,0x004180E0,0x8
0x004180E8,0x004180F0,0x8
0x004181E4,0x004181F0,0xC
0x004181F8,0x00418200,0x8
0x0041840C,0x00418410,0x4
0x00418564,0x00418570,0xC
0x004188E8,0x004188F0,0x8
0x004188F8,0x00418900,0x8
0x00418908,0x00418910,0x8
0x0041899C,0x004189A0,0x4
0x00418B0C,0x00418B10,0x4
0x00418B4C,0x00418B50,0x4
0x00418CB8,0x00418CC0,0x8
0x00418D68,0x00418D70,0x8
0x00419304,0x00419310,0xC
0x00419414,0x00419420,0xC
0x00419514,0x00419520,0xC
0x0041960C,0x00419610,0x4
0x00419834,0x00419840,0xC
0x00419944,0x00419950,0xC
0x004199E8,0x004199F0,0x8
0x00419ABC,0x00419AC0,0x4
0x00419B84,0x00419B90,0xC
0x00419C5C,0x00419C60,0x4
0x00419CF8,0x00419D00,0x8
0x00419DEC,0x00419DF0,0x4
0x00419EDC,0x00419EE0,0x4
0x00419FB4,0x00419FC0,0xC
0x0041A034,0x0041A040,0xC
0x0041A164,0x0041A170,0xC
0x0041A1CC,0x0041A1D0,0x4
0x0041A3B8,0x0041A3C0,0x8
0x0041A424,0x0041A430,0xC
0x0041A49C,0x0041A4A0,0x4
0x0041A694,0x0041A6A0,0xC
0x0041A724,0x0041A730,0xC
0x0041A7C8,0x0041A7D0,0x8
0x0041A83C,0x0041A840,0x4
0x0041AA0C,0x0041AA10,0x4
0x0041AA88,0x0041AA90,0x8
0x0041AB24,0x0041AB30,0xC
0x0041AB9C,0x0041ABA0,0x4
0x0041ABB4,0x0041ABC0,0xC
0x0041ABC8,0x0041ABD0,0x8
0x0041ABE8,0x0041ABF0,0x8
0x0041AC68,0x0041AC70,0x8
0x0041ACB8,0x0041ACC0,0x8
0x0041AE98,0x0041AEA0,0x8
0x0041AF6C,0x0041AF70,0x4
0x0041B0A4,0x0041B0B0,0xC
0x0041B0C4,0x0041B0D0,0xC
0x0041B0D8,0x0041B0E0,0x8
0x0041B12C,0x0041B130,0x4
0x0041B1F8,0x0041B200,0x8
0x0041B2B8,0x0041B2C0,0x8
0x0041B378,0x0041B380,0x8
0x0041B3B4,0x0041B3C0,0xC
0x0041B6BC,0x0041B6C0,0x4
0x0041BB28,0x0041BB30,0x8
0x0041BBA8,0x0041BBB0,0x8
0x0041BC78,0x0041BC80,0x8
0x0041BD8C,0x0041BD90,0x4
0x0041BEB8,0x0041BEC0,0x8
0x0041C1F8,0x0041C200,0x8
0x0041C2B4,0x0041C2C0,0xC
0x0041C3F4,0x0041C400,0xC
0x0041C45C,0x0041C460,0x4
0x0041C4A8,0x0041C4B0,0x8
0x0041C548,0x0041C550,0x8
0x0041C5AC,0x0041C5B0,0x4
0x0041C7C4,0x0041C7D0,0xC
0x0041C884,0x0041C890,0xC
0x0041CA3C,0x0041CA40,0x4
0x0041CB28,0x0041CB30,0x8
0x0041CB5C,0x0041CB60,0x4
0x0041CC94,0x0041CCA0,0xC
0x0041CD18,0x0041CD20,0x8
0x0041CD28,0x0041CD30,0x8
0x0041D1C8,0x0041D1D0,0x8
0x0041D384,0x0041D390,0xC
0x0041D5E8,0x0041D5F0,0x8
0x0041D634,0x0041D640,0xC
0x0041D6C8,0x0041D6D0,0x8
0x0041D6D8,0x0041D6E0,0x8
0x0041D99C,0x0041D9A0,0x4
0x0041DB9C,0x0041DBA0,0x4
0x0041DF1C,0x0041DF20,0x4
0x0041E28C,0x0041E290,0x4
0x0041EE78,0x0041EE80,0x8
0x0041F18C,0x0041F190,0x4
0x0041F854,0x0041F860,0xC
0x0041F8F4,0x0041F900,0xC
0x0041FD04,0x0041FD10,0xC
0x0041FD18,0x0041FD20,0x8
0x0041FFCC,0x0041FFD0,0x4
0x00420064,0x00420070,0xC
0x00420148,0x00420150,0x8
0x00420224,0x00420230,0xC
0x00420308,0x00420310,0x8
0x0042033C,0x00420340,0x4
0x004203F4,0x00420400,0xC
0x004204B8,0x004204C0,0x8
0x0042055C,0x00420560,0x4
0x004205E4,0x004205F0,0xC
0x00420654,0x00420660,0xC
0x004206C8,0x004206D0,0x8
0x00420714,0x00420720,0xC
0x004207BC,0x004207C0,0x4
0x0042083C,0x00420840,0x4
0x004208A4,0x004208B0,0xC
0x00420918,0x00420920,0x8
0x00420964,0x00420970,0xC
0x0042097C,0x00420980,0x4
0x004209E4,0x004209F0,0xC
0x004209F8,0x00420A00,0x8
0x00420A18,0x00420A20,0x8
0x00420AA4,0x00420AB0,0xC
0x00420B24,0x00420B30,0xC
0x00420B98,0x00420BA0,0x8
0x00420BE4,0x00420BF0,0xC
0x004211FC,0x00421200,0x4
0x00421264,0x00421270,0xC
0x004212CC,0x004212D0,0x4
0x00421404,0x00421410,0xC
0x00421498,0x004214A0,0x8
0x004214DC,0x004214E0,0x4
0x00421608,0x00421610,0x8
0x00421684,0x00421690,0xC
0x004216CC,0x004216D0,0x4
0x00421724,0x00421730,0xC
0x00421818,0x00421820,0x8
0x00421874,0x00421880,0xC
0x004218D4,0x004218E0,0xC
0x00421914,0x00421920,0xC
0x004219C4,0x004219D0,0xC
0x00421A64,0x00421A70,0xC
0x00421AD8,0x00421AE0,0x8
0x00421BBC,0x00421BC0,0x4
0x00421C9C,0x00421CA0,0x4
0x00421CDC,0x00421CE0,0x4
0x00421D14,0x00421D20,0xC
0x00421E28,0x00421E30,0x8
0x00421FA4,0x00421FB0,0xC
0x004220A8,0x004220B0,0x8
0x00422148,0x00422150,0x8
0x00422BE8,0x00422BF0,0x8
0x00422C14,0x00422C20,0xC
0x00422CB4,0x00422CC0,0xC
0x00422D14,0x00422D20,0xC
0x00422DAC,0x00422DB0,0x4
0x00422E9C,0x00422EA0,0x4
0x00422FA8,0x00422FB0,0x8
0x0042323C,0x00423240,0x4
0x0042336C,0x00423370,0x4
0x004235CC,0x004235D0,0x4
0x004236BC,0x004236C0,0x4
0x00423744,0x00423750,0xC
0x00423888,0x00423890,0x8
0x00423898,0x004238A0,0x8
0x00423928,0x00423930,0x8
0x00423984,0x00423990,0xC
0x004239C4,0x004239D0,0xC
0x00423A9C,0x00423AA0,0x4
0x00423CF4,0x00423D00,0xC
0x00423D98,0x00423DA0,0x8
0x00423E2C,0x00423E30,0x4
0x0042419C,0x00424200,0x64
